2020-08-11_084420_1024 0096,motion-1,276.02414,393.21344
2020-08-11_084420_1024 0527,motion-1,275.8273,392.80148
2020-08-11_084420_1024 0428,motion-1,275.50253,393.38785
2020-08-11_084420_1024 0450,motion-1,275.57516,393.07748
2020-08-11_084420_1024 0110,motion-1,276.02222,394.4186
2020-08-11_084420_1024 0732,motion-1,276.09393,392.6322
2020-08-11_084420_1024 0837,motion-1,276.2957,392.7684
2020-08-11_084420_1024 0392,motion-1,275.7355,393.40784
2020-08-11_084420_1024 0355,motion-1,275.93274,392.1697
2020-08-11_084420_1024 0208,motion-1,275.54013,392.21182
2020-08-11_084420_1024 0934,motion-1,276.1035,393.5597
2020-08-11_084420_1024 0908,motion-1,275.9621,392.8864
2020-08-11_084420_1024 0003,motion-1,274.97403,387.2692
2020-08-11_084420_1024 0608,motion-1,276.2103,392.96918
2020-08-11_084420_1024 1291,motion-1,275.75497,393.17023
2020-08-11_084420_1024 0171,motion-1,275.2347,392.67822
2020-08-11_084420_1024 0483,motion-1,275.21555,392.26443
2020-08-11_084420_1024 0149,motion-1,275.8462,393.97534
2020-08-11_084420_1024 0534,motion-1,275.85712,393.21964
2020-08-11_084420_1024 0072,motion-1,275.6322,392.9273
2020-08-11_084420_1024 1273,motion-1,275.9255,392.47998
2020-08-11_084420_1024 1075,motion-1,275.38974,392.2255
2020-08-11_084420_1024 1286,motion-1,276.0065,392.14325
2020-08-11_084420_1024 0396,motion-1,275.6444,393.85815
2020-08-11_084420_1024 0862,motion-1,275.87466,392.81152
2020-08-11_084420_1024 0636,motion-1,275.7116,393.18936
2020-08-11_084420_1024 0115,motion-1,275.519,392.47577
2020-08-11_084420_1024 1272,motion-1,275.69238,392.67746
2020-08-11_084420_1024 0101,motion-1,275.45258,393.4497
2020-08-11_084420_1024 0400,motion-1,275.68423,392.42203
2020-08-11_084420_1024 0672,motion-1,275.89084,393.77444
2020-08-11_084420_1024 0880,motion-1,275.8137,393.90634
2020-08-11_084420_1024 0776,motion-1,275.62595,391.81448
2020-08-11_084420_1024 0754,motion-1,276.18713,393.25052
2020-08-11_084420_1024 0464,motion-1,275.7978,393.59576
2020-08-11_084420_1024 0749,motion-1,275.78342,393.7147
2020-08-11_084420_1024 0930,motion-1,276.00754,393.59705
2020-08-11_084420_1024 1187,motion-1,275.74182,393.89426
2020-08-11_084420_1024 0317,motion-1,275.4643,392.5981
2020-08-11_084420_1024 0970,motion-1,275.85745,392.71896
2020-08-11_084420_1024 0137,motion-1,275.9536,392.57346
2020-08-11_084420_1024 0395,motion-1,275.7759,393.75546
2020-08-11_084420_1024 1126,motion-1,275.89713,392.16467
2020-08-11_084420_1024 0648,motion-1,275.70187,393.02603
2020-08-11_084420_1024 0076,motion-1,275.81827,393.39053
2020-08-11_084420_1024 0502,motion-1,275.62775,393.69788
2020-08-11_084420_1024 0605,motion-1,275.91327,392.72202
2020-08-11_084420_1024 0406,motion-1,275.46243,393.5311
2020-08-11_084420_1024 1008,motion-1,276.10788,393.17056
2020-08-11_084420_1024 0080,motion-1,275.66782,393.06958
2020-08-11_084420_1024 0774,motion-1,276.026,392.3566
2020-08-11_084420_1024 0334,motion-1,275.26715,393.12067
2020-08-11_084420_1024 0013,motion-1,275.45264,393.93408
2020-08-11_084420_1024 1110,motion-1,275.8478,392.35367
2020-08-11_084420_1024 0130,motion-1,276.06143,393.7281
2020-08-11_084420_1024 0932,motion-1,275.78998,391.5592
2020-08-11_084420_1024 1259,motion-1,275.98178,392.68616
2020-08-11_084420_1024 1104,motion-1,276.05258,393.50378
2020-08-11_084420_1024 1169,motion-1,275.5728,392.38672
2020-08-11_084420_1024 0738,motion-1,275.2703,391.7068
2020-08-11_084420_1024 0827,motion-1,275.74197,392.74396
2020-08-11_084420_1024 0154,motion-1,275.792,393.7493
2020-08-11_084420_1024 0354,motion-1,275.4778,392.39563
2020-08-11_084420_1024 0119,motion-1,275.26392,393.0775
2020-08-11_084420_1024 1225,motion-1,275.3426,392.18274
2020-08-11_084420_1024 0261,motion-1,275.36627,392.9934
2020-08-11_084420_1024 0303,motion-1,275.59033,393.15118
2020-08-11_084420_1024 0836,motion-1,275.79092,393.73727
2020-08-11_084420_1024 0773,motion-1,275.60782,391.63165
2020-08-11_084420_1024 0943,motion-1,275.6829,394.35016
2020-08-11_084420_1024 1160,motion-1,275.88998,393.80786
2020-08-11_084420_1024 0763,motion-1,275.51276,394.19333
2020-08-11_084420_1024 0424,motion-1,275.39984,392.98987
2020-08-11_084420_1024 1216,motion-1,276.03564,393.75394
2020-08-11_084420_1024 1105,motion-1,276.1787,393.161
2020-08-11_084420_1024 0918,motion-1,275.95923,392.95303
2020-08-11_084420_1024 0854,motion-1,275.79843,392.33725
2020-08-11_084420_1024 0530,motion-1,275.40424,392.0263
2020-08-11_084420_1024 1277,motion-1,275.045,393.051
2020-08-11_084420_1024 1055,motion-1,276.27988,393.09473
2020-08-11_084420_1024 1001,motion-1,275.5898,392.7568
2020-08-11_084420_1024 0106,motion-1,276.30017,393.24155
2020-08-11_084420_1024 0462,motion-1,275.44803,393.57947
2020-08-11_084420_1024 1012,motion-1,275.42947,392.5625
2020-08-11_084420_1024 0705,motion-1,275.77078,394.27548
2020-08-11_084420_1024 0371,motion-1,275.3344,393.46106
2020-08-11_084420_1024 1115,motion-1,276.02484,393.03912
2020-08-11_084420_1024 0963,motion-1,275.86014,392.53793
2020-08-11_084420_1024 0386,motion-1,275.5529,392.87335
2020-08-11_084420_1024 0196,motion-1,275.6028,393.24628
2020-08-11_084420_1024 1005,motion-1,275.2479,392.80035
2020-08-11_084420_1024 0295,motion-1,276.12622,394.49
2020-08-11_084420_1024 0695,motion-1,275.40515,392.34097
2020-08-11_084420_1024 0676,motion-1,276.1349,392.50308
2020-08-11_084420_1024 1243,motion-1,276.0471,393.25708
2020-08-11_084420_1024 0112,motion-1,276.0558,393.0178
2020-08-11_084420_1024 1301,motion-1,275.95816,393.5566
2020-08-11_084420_1024 1143,motion-1,276.09305,392.9651
2020-08-11_084420_1024 0217,motion-1,276.03214,392.07233
2020-08-11_084420_1024 1163,motion-1,275.77313,392.56226
2020-08-11_084420_1024 0606,motion-1,275.2721,393.57413
2020-08-11_084420_1024 0974,motion-1,275.7978,392.36624
2020-08-11_084420_1024 0019,motion-1,276.08368,392.88797
2020-08-11_084420_1024 1052,motion-1,275.80667,392.67368
2020-08-11_084420_1024 0793,motion-1,275.2931,393.84546
2020-08-11_084420_1024 0259,motion-1,276.08887,392.77762
2020-08-11_084420_1024 0456,motion-1,275.5548,393.5645
2020-08-11_084420_1024 0389,motion-1,275.4437,394.1836
2020-08-11_084420_1024 0041,motion-1,275.72263,391.99988
2020-08-11_084420_1024 0857,motion-1,275.76752,393.0895
2020-08-11_084420_1024 0169,motion-1,275.64957,393.14832
2020-08-11_084420_1024 0619,motion-1,275.2945,392.58328
2020-08-11_084420_1024 0313,motion-1,275.61404,393.32748
2020-08-11_084420_1024 0760,motion-1,275.55396,393.0659
2020-08-11_084420_1024 0173,motion-1,275.63696,392.92548
2020-08-11_084420_1024 0240,motion-1,275.62436,394.5396
2020-08-11_084420_1024 0291,motion-1,275.69595,392.62982
2020-08-11_084420_1024 0276,motion-1,275.87073,392.93112
2020-08-11_084420_1024 1097,motion-1,275.78885,392.85135
2020-08-11_084420_1024 0022,motion-1,275.9432,393.76498
2020-08-11_084420_1024 0413,motion-1,275.7264,393.18976
2020-08-11_084420_1024 0105,motion-1,275.3678,392.13388
2020-08-11_084420_1024 0120,motion-1,276.16666,392.65082
2020-08-11_084420_1024 0146,motion-1,275.2806,393.59198
2020-08-11_084420_1024 1060,motion-1,275.46735,393.27396
2020-08-11_084420_1024 0700,motion-1,274.98672,392.73373
2020-08-11_084420_1024 0843,motion-1,275.70865,392.37906
2020-08-11_084420_1024 0756,motion-1,276.04202,392.7573
2020-08-11_084420_1024 1219,motion-1,276.1454,392.12576
2020-08-11_084420_1024 0496,motion-1,276.22403,393.6039
2020-08-11_084420_1024 1127,motion-1,276.1117,393.61523
2020-08-11_084420_1024 0848,motion-1,275.9909,393.83963
2020-08-11_084420_1024 0893,motion-1,275.55756,391.76855
2020-08-11_084420_1024 1035,motion-1,275.61578,393.25586
2020-08-11_084420_1024 0308,motion-1,275.7432,393.36676
2020-08-11_084420_1024 0528,motion-1,275.64703,393.41785
2020-08-11_084420_1024 0715,motion-1,275.90793,393.19495
2020-08-11_084420_1024 0992,motion-1,275.5685,392.31055
2020-08-11_084420_1024 0573,motion-1,275.2624,392.86383
2020-08-11_084420_1024 0075,motion-1,275.7641,392.69907
2020-08-11_084420_1024 0866,motion-1,275.6181,392.7984
2020-08-11_084420_1024 0021,motion-1,276.03745,393.5435
2020-08-11_084420_1024 1240,motion-1,275.6835,392.56546
2020-08-11_084420_1024 0911,motion-1,275.33502,392.74362
2020-08-11_084420_1024 0603,motion-1,275.6693,391.8556
2020-08-11_084420_1024 0587,motion-1,276.02042,393.88742
2020-08-11_084420_1024 0953,motion-1,275.78912,392.97156
2020-08-11_084420_1024 0743,motion-1,275.80008,392.6948
2020-08-11_084420_1024 1173,motion-1,275.7645,393.3747
2020-08-11_084420_1024 0384,motion-1,275.59326,393.3143
2020-08-11_084420_1024 0697,motion-1,275.20468,392.37823
2020-08-11_084420_1024 0572,motion-1,275.86505,393.8394
2020-08-11_084420_1024 0489,motion-1,275.4277,392.77652
2020-08-11_084420_1024 0649,motion-1,275.9725,392.79413
2020-08-11_084420_1024 1253,motion-1,275.7849,392.35526
2020-08-11_084420_1024 0379,motion-1,275.14203,393.24017
2020-08-11_084420_1024 0415,motion-1,275.27658,392.88773
2020-08-11_084420_1024 0931,motion-1,275.95795,392.8125
2020-08-11_084420_1024 1238,motion-1,276.08392,392.87582
2020-08-11_084420_1024 1292,motion-1,275.91614,392.72278
2020-08-11_084420_1024 0010,motion-1,275.69293,392.7479
2020-08-11_084420_1024 0470,motion-1,275.4677,392.98666
2020-08-11_084420_1024 0675,motion-1,275.94656,392.96204
2020-08-11_084420_1024 1237,motion-1,276.277,392.14517
2020-08-11_084420_1024 0609,motion-1,275.96164,393.79547
2020-08-11_084420_1024 1107,motion-1,275.83694,392.31378
2020-08-11_084420_1024 0150,motion-1,275.63226,394.0973
2020-08-11_084420_1024 0422,motion-1,276.11017,392.7843
2020-08-11_084420_1024 1293,motion-1,276.14825,391.62888
2020-08-11_084420_1024 0682,motion-1,275.78864,393.27927
2020-08-11_084420_1024 1289,motion-1,276.13464,392.4294
2020-08-11_084420_1024 0163,motion-1,276.11752,393.3092
2020-08-11_084420_1024 0900,motion-1,275.99188,392.7711
2020-08-11_084420_1024 1251,motion-1,275.89612,393.96216
2020-08-11_084420_1024 1022,motion-1,275.5894,393.32956
2020-08-11_084420_1024 0906,motion-1,276.00592,393.47604
2020-08-11_084420_1024 0879,motion-1,276.50656,392.41092
2020-08-11_084420_1024 1227,motion-1,275.94333,393.476
2020-08-11_084420_1024 0446,motion-1,275.97922,393.9354
2020-08-11_084420_1024 1186,motion-1,275.8766,393.69586
2020-08-11_084420_1024 1007,motion-1,275.68683,392.53418
2020-08-11_084420_1024 0670,motion-1,275.13214,392.7402
2020-08-11_084420_1024 0205,motion-1,276.0122,392.66852
2020-08-11_084420_1024 0135,motion-1,275.83844,392.42938
2020-08-11_084420_1024 0569,motion-1,276.33347,393.41043
2020-08-11_084420_1024 0027,motion-1,275.67526,393.51566
2020-08-11_084420_1024 0596,motion-1,275.54712,392.7002
2020-08-11_084420_1024 0320,motion-1,275.319,392.9543
2020-08-11_084420_1024 0847,motion-1,275.77637,394.08676
2020-08-11_084420_1024 1181,motion-1,276.0882,392.85388
2020-08-11_084420_1024 1142,motion-1,276.01883,393.29935
2020-08-11_084420_1024 0677,motion-1,275.57193,392.51758
2020-08-11_084420_1024 0987,motion-1,275.872,392.57434
2020-08-11_084420_1024 0800,motion-1,275.38474,392.79913
2020-08-11_084420_1024 0365,motion-1,275.4917,393.67752
2020-08-11_084420_1024 1106,motion-1,275.65405,392.57147
2020-08-11_084420_1024 0439,motion-1,275.4698,393.31766
2020-08-11_084420_1024 0976,motion-1,275.8241,393.10513
2020-08-11_084420_1024 0033,motion-1,276.19794,392.8584
2020-08-11_084420_1024 0731,motion-1,275.2111,392.89264
2020-08-11_084420_1024 0746,motion-1,275.7415,392.98032
2020-08-11_084420_1024 0656,motion-1,275.31915,392.51712
2020-08-11_084420_1024 0165,motion-1,275.47604,393.02954
2020-08-11_084420_1024 0108,motion-1,276.2313,392.48633
2020-08-11_084420_1024 0351,motion-1,275.624,393.56616
2020-08-11_084420_1024 1076,motion-1,275.85147,393.19257
2020-08-11_084420_1024 0403,motion-1,275.35706,393.33057
2020-08-11_084420_1024 0079,motion-1,275.4629,392.5255
2020-08-11_084420_1024 0506,motion-1,275.7251,393.4651
2020-08-11_084420_1024 0118,motion-1,275.7816,392.25052
2020-08-11_084420_1024 0432,motion-1,276.1437,392.8752
2020-08-11_084420_1024 1220,motion-1,276.01483,393.51297
2020-08-11_084420_1024 0399,motion-1,275.40833,393.19962
2020-08-11_084420_1024 0665,motion-1,275.35446,392.57233
2020-08-11_084420_1024 0711,motion-1,275.55188,391.88345
2020-08-11_084420_1024 1171,motion-1,275.80646,392.18774
2020-08-11_084420_1024 0595,motion-1,276.00095,391.8853
2020-08-11_084420_1024 0197,motion-1,275.47116,393.63077
2020-08-11_084420_1024 0512,motion-1,275.8685,391.82007
2020-08-11_084420_1024 0375,motion-1,275.5675,393.9975
2020-08-11_084420_1024 1231,motion-1,275.64594,392.59738
2020-08-11_084420_1024 1140,motion-1,275.6791,391.72064
2020-08-11_084420_1024 0160,motion-1,275.8029,393.9683
2020-08-11_084420_1024 1182,motion-1,275.70154,394.0994
2020-08-11_084420_1024 0156,motion-1,275.30954,393.45297
2020-08-11_084420_1024 0531,motion-1,275.2786,394.19052
2020-08-11_084420_1024 0766,motion-1,275.72025,392.52762
2020-08-11_084420_1024 0945,motion-1,275.75125,392.31985
2020-08-11_084420_1024 0550,motion-1,275.71997,393.153
2020-08-11_084420_1024 0267,motion-1,275.61066,391.89178
2020-08-11_084420_1024 0187,motion-1,275.6975,392.81784
2020-08-11_084420_1024 0674,motion-1,275.41193,391.88486
2020-08-11_084420_1024 0991,motion-1,276.2409,393.4561
2020-08-11_084420_1024 1299,motion-1,275.88177,392.35312
2020-08-11_084420_1024 0652,motion-1,275.5518,393.40732
2020-08-11_084420_1024 0288,motion-1,275.67606,394.05164
2020-08-11_084420_1024 1059,motion-1,276.01776,392.39944
2020-08-11_084420_1024 1119,motion-1,276.17917,392.67627
2020-08-11_084420_1024 0785,motion-1,275.44427,392.4224
2020-08-11_084420_1024 1204,motion-1,275.70187,392.77667
2020-08-11_084420_1024 1049,motion-1,275.87094,392.06656
2020-08-11_084420_1024 1117,motion-1,276.0598,392.22006
2020-08-11_084420_1024 0729,motion-1,275.48068,393.17368
2020-08-11_084420_1024 0409,motion-1,275.7018,392.36682
2020-08-11_084420_1024 0981,motion-1,275.87567,391.63724
2020-08-11_084420_1024 0971,motion-1,275.34024,393.47607
2020-08-11_084420_1024 0059,motion-1,275.73267,393.2456
2020-08-11_084420_1024 1002,motion-1,275.81598,393.42578
2020-08-11_084420_1024 0627,motion-1,275.57538,393.07617
2020-08-11_084420_1024 0702,motion-1,275.60126,393.0821
2020-08-11_084420_1024 0802,motion-1,275.99225,394.20248
2020-08-11_084420_1024 1074,motion-1,275.3633,392.6599
2020-08-11_084420_1024 0559,motion-1,275.52637,394.75403
2020-08-11_084420_1024 0748,motion-1,275.24643,394.20184
2020-08-11_084420_1024 0835,motion-1,275.50882,392.99374
2020-08-11_084420_1024 0307,motion-1,276.29147,392.34302
2020-08-11_084420_1024 0551,motion-1,275.66132,392.7487
2020-08-11_084420_1024 0097,motion-1,275.6318,392.75198
2020-08-11_084420_1024 0326,motion-1,275.57303,393.21338
2020-08-11_084420_1024 0549,motion-1,275.45227,392.8453
2020-08-11_084420_1024 0045,motion-1,275.87393,392.96817
2020-08-11_084420_1024 0309,motion-1,275.63614,392.36502
2020-08-11_084420_1024 0094,motion-1,275.8746,393.79794
2020-08-11_084420_1024 0574,motion-1,275.55014,393.32178
2020-08-11_084420_1024 1003,motion-1,275.47247,393.17023
2020-08-11_084420_1024 1202,motion-1,275.70447,392.91504
2020-08-11_084420_1024 1020,motion-1,275.57156,391.60278
2020-08-11_084420_1024 0442,motion-1,275.57816,392.47766
2020-08-11_084420_1024 1185,motion-1,275.59778,391.1586
2020-08-11_084420_1024 0644,motion-1,275.64798,392.88712
2020-08-11_084420_1024 1094,motion-1,275.55182,392.55765
2020-08-11_084420_1024 1038,motion-1,276.1427,392.74362
2020-08-11_084420_1024 0257,motion-1,275.97525,392.96475
2020-08-11_084420_1024 1200,motion-1,276.18546,393.69907
2020-08-11_084420_1024 0978,motion-1,275.94342,393.30054
2020-08-11_084420_1024 0633,motion-1,275.31924,392.86542
2020-08-11_084420_1024 1021,motion-1,275.70856,392.97302
2020-08-11_084420_1024 1245,motion-1,275.64627,391.0253
2020-08-11_084420_1024 0477,motion-1,275.5797,392.52704
2020-08-11_084420_1024 0037,motion-1,275.698,392.35458
2020-08-11_084420_1024 0091,motion-1,275.20166,392.6975
2020-08-11_084420_1024 0558,motion-1,275.90323,392.68546
2020-08-11_084420_1024 0529,motion-1,275.8572,393.77582
2020-08-11_084420_1024 1134,motion-1,275.76962,392.6383
2020-08-11_084420_1024 0236,motion-1,275.93848,392.45667
2020-08-11_084420_1024 0176,motion-1,275.67133,393.65955
2020-08-11_084420_1024 0782,motion-1,275.44952,393.06104
2020-08-11_084420_1024 1298,motion-1,275.7556,392.56668
2020-08-11_084420_1024 0620,motion-1,275.6013,393.61716
2020-08-11_084420_1024 0335,motion-1,276.0154,393.282
2020-08-11_084420_1024 1096,motion-1,275.39203,392.09583
2020-08-11_084420_1024 0245,motion-1,275.8622,392.6555
2020-08-11_084420_1024 1084,motion-1,275.65234,393.65213
2020-08-11_084420_1024 1150,motion-1,275.7546,392.2797
2020-08-11_084420_1024 1258,motion-1,275.7159,392.85782
2020-08-11_084420_1024 0376,motion-1,275.07822,393.24835
2020-08-11_084420_1024 0803,motion-1,275.96838,392.61087
2020-08-11_084420_1024 0805,motion-1,276.09952,392.93048
2020-08-11_084420_1024 0876,motion-1,275.66858,393.6012
2020-08-11_084420_1024 1206,motion-1,275.88327,393.7304
2020-08-11_084420_1024 0220,motion-1,275.75284,393.0212
2020-08-11_084420_1024 0647,motion-1,275.3829,393.49112
2020-08-11_084420_1024 0382,motion-1,276.21844,393.1087
2020-08-11_084420_1024 0716,motion-1,275.8926,393.3518
2020-08-11_084420_1024 1285,motion-1,276.28647,393.18
2020-08-11_084420_1024 1297,motion-1,275.9638,392.59647
2020-08-11_084420_1024 0822,motion-1,275.58817,392.92145
2020-08-11_084420_1024 1048,motion-1,276.12512,392.41528
2020-08-11_084420_1024 0248,motion-1,276.00873,392.61478
2020-08-11_084420_1024 1305,motion-1,276.1687,391.13748
2020-08-11_084420_1024 0903,motion-1,275.93967,394.532
2020-08-11_084420_1024 0166,motion-1,275.90912,392.8615
2020-08-11_084420_1024 0533,motion-1,275.78088,392.7751
2020-08-11_084420_1024 0580,motion-1,275.88113,392.57306
2020-08-11_084420_1024 1149,motion-1,276.19473,392.2845
2020-08-11_084420_1024 0585,motion-1,275.58405,392.71582
2020-08-11_084420_1024 1000,motion-1,275.7253,394.0787
2020-08-11_084420_1024 0927,motion-1,275.5882,392.582
2020-08-11_084420_1024 0362,motion-1,275.25272,392.63657
2020-08-11_084420_1024 0842,motion-1,275.627,394.51538
2020-08-11_084420_1024 0081,motion-1,276.04935,393.1888
2020-08-11_084420_1024 0907,motion-1,275.5245,392.5032
2020-08-11_084420_1024 0107,motion-1,275.38977,393.77634
2020-08-11_084420_1024 1280,motion-1,275.96274,392.66467
2020-08-11_084420_1024 0306,motion-1,275.17673,393.62955
2020-08-11_084420_1024 0449,motion-1,275.6401,392.82562
2020-08-11_084420_1024 1247,motion-1,275.70682,392.88153
2020-08-11_084420_1024 0416,motion-1,275.65805,393.75302
2020-08-11_084420_1024 0616,motion-1,276.32108,392.85474
2020-08-11_084420_1024 0820,motion-1,275.93256,393.40906
2020-08-11_084420_1024 0577,motion-1,275.9846,393.21732
2020-08-11_084420_1024 1120,motion-1,275.7971,392.4655
2020-08-11_084420_1024 1146,motion-1,275.6972,393.03812
2020-08-11_084420_1024 1043,motion-1,276.23022,391.9609
2020-08-11_084420_1024 1188,motion-1,275.96088,392.79
2020-08-11_084420_1024 1158,motion-1,275.7323,391.08035
2020-08-11_084420_1024 0189,motion-1,275.79224,392.70193
2020-08-11_084420_1024 1154,motion-1,275.62595,392.61694
2020-08-11_084420_1024 0989,motion-1,275.84473,392.9366
2020-08-11_084420_1024 0318,motion-1,276.30984,394.27682
2020-08-11_084420_1024 1152,motion-1,276.35315,393.3832
2020-08-11_084420_1024 0747,motion-1,275.80954,392.95636
2020-08-11_084420_1024 0055,motion-1,276.15405,394.38513
2020-08-11_084420_1024 1039,motion-1,276.219,392.20212
2020-08-11_084420_1024 0566,motion-1,275.38736,393.6607
2020-08-11_084420_1024 0922,motion-1,275.94913,394.18286
2020-08-11_084420_1024 0581,motion-1,275.76617,393.0996
2020-08-11_084420_1024 0340,motion-1,275.654,392.5989
2020-08-11_084420_1024 1116,motion-1,275.7003,393.23346
2020-08-11_084420_1024 0095,motion-1,275.90176,392.42493
2020-08-11_084420_1024 1147,motion-1,276.1014,392.0146
2020-08-11_084420_1024 0890,motion-1,276.13638,393.857
2020-08-11_084420_1024 0455,motion-1,276.4136,392.42242
2020-08-11_084420_1024 0601,motion-1,276.0412,392.6141
2020-08-11_084420_1024 0660,motion-1,275.7134,392.0235
2020-08-11_084420_1024 0285,motion-1,275.92688,391.5387
2020-08-11_084420_1024 0869,motion-1,276.19223,393.4862
2020-08-11_084420_1024 0621,motion-1,275.91653,393.21307
2020-08-11_084420_1024 1239,motion-1,275.80396,391.75565
2020-08-11_084420_1024 1130,motion-1,276.19006,393.239
2020-08-11_084420_1024 0419,motion-1,275.88727,393.13895
2020-08-11_084420_1024 1213,motion-1,275.45093,393.8664
2020-08-11_084420_1024 0268,motion-1,275.98312,393.36984
2020-08-11_084420_1024 0828,motion-1,275.18552,392.11835
2020-08-11_084420_1024 1113,motion-1,276.02557,392.39474
2020-08-11_084420_1024 0706,motion-1,275.28305,391.7223
2020-08-11_084420_1024 0653,motion-1,275.53152,394.46042
2020-08-11_084420_1024 1047,motion-1,275.48947,393.21838
2020-08-11_084420_1024 0359,motion-1,275.54254,392.4194
2020-08-11_084420_1024 0899,motion-1,275.71674,392.02444
2020-08-11_084420_1024 0461,motion-1,275.48822,393.21005
2020-08-11_084420_1024 0578,motion-1,275.98465,393.2344
2020-08-11_084420_1024 0568,motion-1,275.53506,393.57892
2020-08-11_084420_1024 1015,motion-1,275.895,392.16522
2020-08-11_084420_1024 0324,motion-1,275.85007,392.58032
2020-08-11_084420_1024 0967,motion-1,275.98877,392.32016
2020-08-11_084420_1024 0479,motion-1,275.71448,392.81207
2020-08-11_084420_1024 0369,motion-1,275.3611,392.94183
2020-08-11_084420_1024 0265,motion-1,275.83582,392.89124
2020-08-11_084420_1024 0264,motion-1,276.20532,393.682
2020-08-11_084420_1024 0367,motion-1,275.75958,392.76505
2020-08-11_084420_1024 0155,motion-1,275.3242,393.85812
2020-08-11_084420_1024 0767,motion-1,275.68423,392.66098
2020-08-11_084420_1024 1233,motion-1,275.9262,393.23615
2020-08-11_084420_1024 0547,motion-1,275.8141,392.8384
2020-08-11_084420_1024 0040,motion-1,275.4231,392.89682
2020-08-11_084420_1024 0980,motion-1,275.7864,392.46756
2020-08-11_084420_1024 1040,motion-1,275.71878,392.2012
2020-08-11_084420_1024 0614,motion-1,275.42844,393.45456
2020-08-11_084420_1024 0148,motion-1,275.9298,392.39005
2020-08-11_084420_1024 0584,motion-1,275.58023,392.91937
2020-08-11_084420_1024 0717,motion-1,276.1022,392.62854
2020-08-11_084420_1024 0016,motion-1,275.53833,392.50687
2020-08-11_084420_1024 0244,motion-1,275.74503,393.71814
2020-08-11_084420_1024 0484,motion-1,275.16965,392.76056
2020-08-11_084420_1024 0167,motion-1,275.9391,393.4983
2020-08-11_084420_1024 0753,motion-1,275.6825,393.09106
2020-08-11_084420_1024 1088,motion-1,275.67218,393.39264
2020-08-11_084420_1024 0336,motion-1,275.47665,393.37256
2020-08-11_084420_1024 1221,motion-1,275.41003,393.6164
2020-08-11_084420_1024 0164,motion-1,275.6489,392.6381
2020-08-11_084420_1024 0777,motion-1,275.5736,392.8325
2020-08-11_084420_1024 0152,motion-1,275.3577,392.9109
2020-08-11_084420_1024 0283,motion-1,276.2562,394.01816
2020-08-11_084420_1024 0634,motion-1,275.96127,393.52325
2020-08-11_084420_1024 0353,motion-1,276.05035,392.2924
2020-08-11_084420_1024 0691,motion-1,275.7034,392.80536
2020-08-11_084420_1024 0920,motion-1,276.36346,392.45187
2020-08-11_084420_1024 0984,motion-1,275.9031,392.07492
2020-08-11_084420_1024 0321,motion-1,275.5638,392.85406
2020-08-11_084420_1024 1026,motion-1,275.8351,392.90112
2020-08-11_084420_1024 0368,motion-1,275.13693,393.5387
2020-08-11_084420_1024 0996,motion-1,275.77084,392.81644
2020-08-11_084420_1024 1209,motion-1,275.31046,392.97708
2020-08-11_084420_1024 1031,motion-1,275.7587,392.3541
2020-08-11_084420_1024 0898,motion-1,275.88644,393.44833
2020-08-11_084420_1024 0720,motion-1,275.70987,393.4853
2020-08-11_084420_1024 1256,motion-1,275.5614,393.2068
2020-08-11_084420_1024 0473,motion-1,276.0927,393.04218
2020-08-11_084420_1024 1028,motion-1,276.0152,392.88416
2020-08-11_084420_1024 0834,motion-1,275.91913,392.7438
2020-08-11_084420_1024 0710,motion-1,275.17917,392.7205
2020-08-11_084420_1024 1013,motion-1,275.7295,392.4843
2020-08-11_084420_1024 0617,motion-1,275.25394,393.64166
2020-08-11_084420_1024 1100,motion-1,275.74362,391.5675
2020-08-11_084420_1024 0346,motion-1,275.50015,392.1149
2020-08-11_084420_1024 0460,motion-1,275.6633,393.5042
2020-08-11_084420_1024 0646,motion-1,275.2827,394.24854
2020-08-11_084420_1024 0758,motion-1,275.72552,392.90234
2020-08-11_084420_1024 0044,motion-1,275.7937,392.3128
2020-08-11_084420_1024 0998,motion-1,276.12982,392.4737
2020-08-11_084420_1024 0883,motion-1,276.3238,392.3618
2020-08-11_084420_1024 0949,motion-1,275.90057,393.06494
2020-08-11_084420_1024 0233,motion-1,275.60806,394.4991
2020-08-11_084420_1024 0134,motion-1,275.8575,392.4817
2020-08-11_084420_1024 0191,motion-1,275.48892,392.21753
2020-08-11_084420_1024 1078,motion-1,275.33768,391.886
2020-08-11_084420_1024 1036,motion-1,275.9674,392.8977
2020-08-11_084420_1024 0042,motion-1,275.3274,391.7103
2020-08-11_084420_1024 1133,motion-1,276.28976,392.5463
2020-08-11_084420_1024 0874,motion-1,275.64615,393.51797
2020-08-11_084420_1024 0412,motion-1,275.50565,392.93018
2020-08-11_084420_1024 0804,motion-1,275.78632,393.94733
2020-08-11_084420_1024 0178,motion-1,275.32028,393.29437
2020-08-11_084420_1024 0049,motion-1,275.82187,393.1525
2020-08-11_084420_1024 0054,motion-1,276.0661,393.68863
2020-08-11_084420_1024 0299,motion-1,275.62836,392.24796
2020-08-11_084420_1024 0986,motion-1,275.4158,392.24057
2020-08-11_084420_1024 0471,motion-1,275.48773,393.71637
2020-08-11_084420_1024 0507,motion-1,275.77557,392.6778
2020-08-11_084420_1024 0919,motion-1,275.53775,392.8721
2020-08-11_084420_1024 1050,motion-1,276.20648,393.33118
2020-08-11_084420_1024 0537,motion-1,276.08148,392.88342
2020-08-11_084420_1024 0007,motion-1,276.11005,393.55902
2020-08-11_084420_1024 0132,motion-1,275.31583,394.27734
2020-08-11_084420_1024 0058,motion-1,275.41965,392.72256
2020-08-11_084420_1024 0658,motion-1,275.81726,393.94238
2020-08-11_084420_1024 0752,motion-1,275.33908,392.99243
2020-08-11_084420_1024 0404,motion-1,275.4877,393.1764
2020-08-11_084420_1024 0838,motion-1,275.79178,393.09445
2020-08-11_084420_1024 1083,motion-1,275.70758,393.99484
2020-08-11_084420_1024 1141,motion-1,275.9222,393.85117
2020-08-11_084420_1024 1168,motion-1,276.0292,392.58923
2020-08-11_084420_1024 0562,motion-1,275.43393,393.08633
2020-08-11_084420_1024 0364,motion-1,275.1846,392.50995
2020-08-11_084420_1024 1033,motion-1,275.68332,393.2422
2020-08-11_084420_1024 0503,motion-1,275.5183,392.8049
2020-08-11_084420_1024 0057,motion-1,276.02286,392.76358
2020-08-11_084420_1024 0361,motion-1,275.86185,393.1611
2020-08-11_084420_1024 0305,motion-1,275.59888,393.13336
2020-08-11_084420_1024 0694,motion-1,275.66873,393.01822
2020-08-11_084420_1024 0290,motion-1,275.46964,393.65027
2020-08-11_084420_1024 1203,motion-1,275.2801,392.64197
2020-08-11_084420_1024 1274,motion-1,276.06174,392.147
2020-08-11_084420_1024 0017,motion-1,275.86426,393.39526
2020-08-11_084420_1024 1281,motion-1,276.1498,392.04953
2020-08-11_084420_1024 0910,motion-1,275.5279,393.42758
2020-08-11_084420_1024 0431,motion-1,276.08057,393.26163
2020-08-11_084420_1024 0965,motion-1,275.81607,392.74213
2020-08-11_084420_1024 0457,motion-1,275.59006,392.10223
2020-08-11_084420_1024 0683,motion-1,275.80295,393.28528
2020-08-11_084420_1024 0923,motion-1,276.2116,392.5146
2020-08-11_084420_1024 0905,motion-1,275.64706,393.21362
2020-08-11_084420_1024 0246,motion-1,275.99246,392.37225
2020-08-11_084420_1024 0739,motion-1,275.6178,393.50204
2020-08-11_084420_1024 1264,motion-1,276.05847,393.20602
2020-08-11_084420_1024 0383,motion-1,275.6304,393.41605
2020-08-11_084420_1024 1261,motion-1,276.0475,392.7553
2020-08-11_084420_1024 0478,motion-1,275.58316,392.2591
2020-08-11_084420_1024 0488,motion-1,275.70303,392.95953
2020-08-11_084420_1024 0663,motion-1,275.12778,392.7791
2020-08-11_084420_1024 0485,motion-1,275.76834,394.80887
2020-08-11_084420_1024 0509,motion-1,275.2598,393.48865
2020-08-11_084420_1024 0655,motion-1,275.536,393.3007
2020-08-11_084420_1024 0131,motion-1,275.58972,394.18307
2020-08-11_084420_1024 0781,motion-1,275.57697,392.64032
2020-08-11_084420_1024 0853,motion-1,275.97092,393.74863
2020-08-11_084420_1024 0750,motion-1,275.7695,394.06177
2020-08-11_084420_1024 0363,motion-1,275.93777,393.1693
2020-08-11_084420_1024 1304,motion-1,276.01123,393.30603
2020-08-11_084420_1024 0972,motion-1,275.8563,392.40762
2020-08-11_084420_1024 1145,motion-1,276.02716,392.41248
2020-08-11_084420_1024 0350,motion-1,276.285,394.18185
2020-08-11_084420_1024 1306,motion-1,276.01657,393.6438
2020-08-11_084420_1024 0811,motion-1,275.3301,392.05557
2020-08-11_084420_1024 0779,motion-1,275.7972,392.51837
2020-08-11_084420_1024 0745,motion-1,275.82727,392.0753
2020-08-11_084420_1024 0344,motion-1,275.6901,392.3466
2020-08-11_084420_1024 0370,motion-1,275.51135,392.32947
2020-08-11_084420_1024 0263,motion-1,275.75592,393.78842
2020-08-11_084420_1024 0498,motion-1,275.78268,393.2341
2020-08-11_084420_1024 0957,motion-1,275.78116,393.58182
2020-08-11_084420_1024 0885,motion-1,275.63464,392.73727
2020-08-11_084420_1024 0035,motion-1,275.72046,392.9625
2020-08-11_084420_1024 0157,motion-1,275.70114,393.30392
2020-08-11_084420_1024 0138,motion-1,275.4306,393.13544
2020-08-11_084420_1024 1148,motion-1,275.91257,391.48608
2020-08-11_084420_1024 0521,motion-1,275.64505,393.08362
2020-08-11_084420_1024 0985,motion-1,275.6325,391.9718
2020-08-11_084420_1024 1079,motion-1,275.70367,392.73264
2020-08-11_084420_1024 0881,motion-1,275.753,393.0323
2020-08-11_084420_1024 0377,motion-1,275.79938,393.14844
2020-08-11_084420_1024 0426,motion-1,275.58524,392.79395
2020-08-11_084420_1024 0278,motion-1,275.5526,393.74612
2020-08-11_084420_1024 0018,motion-1,275.5572,392.75
2020-08-11_084420_1024 0002,motion-1,274.91614,387.7696
2020-08-11_084420_1024 0074,motion-1,276.06134,392.5907
2020-08-11_084420_1024 0817,motion-1,276.01523,391.85492
2020-08-11_084420_1024 0014,motion-1,276.03622,391.83676
2020-08-11_084420_1024 1266,motion-1,276.40323,391.90753
2020-08-11_084420_1024 1122,motion-1,276.0398,393.26727
2020-08-11_084420_1024 0567,motion-1,275.6243,392.2634
2020-08-11_084420_1024 1195,motion-1,276.16113,392.16025
2020-08-11_084420_1024 0944,motion-1,276.08047,392.53323
2020-08-11_084420_1024 1255,motion-1,276.0449,393.81952
2020-08-11_084420_1024 0686,motion-1,275.49576,392.7388
2020-08-11_084420_1024 0408,motion-1,275.74454,393.1802
2020-08-11_084420_1024 0064,motion-1,275.77173,392.95297
2020-08-11_084420_1024 1085,motion-1,275.70102,392.99255
2020-08-11_084420_1024 0311,motion-1,275.5133,392.65543
2020-08-11_084420_1024 0768,motion-1,275.98227,392.5891
2020-08-11_084420_1024 1073,motion-1,275.32336,392.52396
2020-08-11_084420_1024 0564,motion-1,275.56155,393.25583
2020-08-11_084420_1024 0453,motion-1,275.7134,392.83353
2020-08-11_084420_1024 0266,motion-1,276.0221,393.30704
2020-08-11_084420_1024 0147,motion-1,275.63736,392.84833
2020-08-11_084420_1024 0504,motion-1,275.32587,393.45276
2020-08-11_084420_1024 0001,motion-1,274.50687,385.5848
2020-08-11_084420_1024 0329,motion-1,275.65027,393.94507
2020-08-11_084420_1024 0816,motion-1,275.37787,392.82303
2020-08-11_084420_1024 1121,motion-1,275.89517,392.8584
2020-08-11_084420_1024 0631,motion-1,275.50177,393.195
2020-08-11_084420_1024 0638,motion-1,276.20926,392.22726
2020-08-11_084420_1024 0067,motion-1,275.34818,392.3159
2020-08-11_084420_1024 0273,motion-1,275.3542,392.7446
2020-08-11_084420_1024 0025,motion-1,275.58417,393.2751
2020-08-11_084420_1024 0372,motion-1,275.38397,392.43762
2020-08-11_084420_1024 0069,motion-1,275.53494,392.60828
2020-08-11_084420_1024 0882,motion-1,275.7586,392.7109
2020-08-11_084420_1024 1011,motion-1,275.662,394.1541
2020-08-11_084420_1024 0051,motion-1,275.93533,391.9123
2020-08-11_084420_1024 0552,motion-1,276.3106,393.18414
2020-08-11_084420_1024 1176,motion-1,276.3182,391.7631
2020-08-11_084420_1024 1129,motion-1,275.75012,393.19128
2020-08-11_084420_1024 0831,motion-1,275.7134,393.17044
2020-08-11_084420_1024 0999,motion-1,275.6494,394.02963
2020-08-11_084420_1024 0983,motion-1,275.81165,393.1162
2020-08-11_084420_1024 0757,motion-1,275.7098,392.7361
2020-08-11_084420_1024 1250,motion-1,275.87338,393.44064
2020-08-11_084420_1024 0474,motion-1,275.50485,393.2712
2020-08-11_084420_1024 1290,motion-1,275.40268,393.5845
2020-08-11_084420_1024 1118,motion-1,275.34763,392.64478
2020-08-11_084420_1024 1165,motion-1,275.33606,394.24442
2020-08-11_084420_1024 0348,motion-1,275.56192,392.91528
2020-08-11_084420_1024 0699,motion-1,275.78357,392.7814
2020-08-11_084420_1024 0727,motion-1,275.6344,392.2261
2020-08-11_084420_1024 0714,motion-1,275.59262,392.0816
2020-08-11_084420_1024 0724,motion-1,275.5053,392.51205
2020-08-11_084420_1024 0762,motion-1,275.37213,392.19897
2020-08-11_084420_1024 0500,motion-1,275.9597,393.11917
2020-08-11_084420_1024 0039,motion-1,275.58228,393.17548
2020-08-11_084420_1024 0465,motion-1,275.8146,393.66183
2020-08-11_084420_1024 0250,motion-1,275.89005,393.2934
2020-08-11_084420_1024 0592,motion-1,275.94235,393.3843
2020-08-11_084420_1024 0896,motion-1,275.4848,393.1465
2020-08-11_084420_1024 0792,motion-1,275.37854,393.20032
2020-08-11_084420_1024 1006,motion-1,275.37854,393.64163
2020-08-11_084420_1024 1125,motion-1,275.86032,393.7934
2020-08-11_084420_1024 0213,motion-1,275.6695,392.6089
2020-08-11_084420_1024 0030,motion-1,275.54883,393.02454
2020-08-11_084420_1024 0897,motion-1,275.6302,392.5668
2020-08-11_084420_1024 0190,motion-1,275.61914,392.76874
2020-08-11_084420_1024 1288,motion-1,276.1306,392.45914
2020-08-11_084420_1024 0850,motion-1,275.58286,392.91364
2020-08-11_084420_1024 1223,motion-1,275.8576,393.40512
2020-08-11_084420_1024 0038,motion-1,276.11835,392.89987
2020-08-11_084420_1024 0249,motion-1,275.74573,393.07666
2020-08-11_084420_1024 1037,motion-1,276.15842,391.62457
2020-08-11_084420_1024 0357,motion-1,275.554,394.50812
2020-08-11_084420_1024 1294,motion-1,275.7743,392.87216
2020-08-11_084420_1024 0020,motion-1,275.90753,394.02887
2020-08-11_084420_1024 0650,motion-1,275.40744,393.7922
2020-08-11_084420_1024 1054,motion-1,276.36008,392.8159
2020-08-11_084420_1024 0659,motion-1,275.3715,392.75934
2020-08-11_084420_1024 0161,motion-1,275.32324,393.03717
2020-08-11_084420_1024 0447,motion-1,275.69714,392.66995
2020-08-11_084420_1024 0845,motion-1,275.71875,393.82376
2020-08-11_084420_1024 0006,motion-1,275.90588,393.54248
2020-08-11_084420_1024 1175,motion-1,275.79358,392.79858
2020-08-11_084420_1024 0591,motion-1,275.3372,393.77194
2020-08-11_084420_1024 0066,motion-1,275.39313,392.58548
2020-08-11_084420_1024 1276,motion-1,276.34137,391.4821
2020-08-11_084420_1024 0215,motion-1,275.66028,392.26178
2020-08-11_084420_1024 0349,motion-1,275.38208,393.2429
2020-08-11_084420_1024 1124,motion-1,275.9567,392.43683
2020-08-11_084420_1024 1260,motion-1,275.27664,392.0924
2020-08-11_084420_1024 0511,motion-1,275.72855,392.79388
2020-08-11_084420_1024 0901,motion-1,276.00217,392.36584
2020-08-11_084420_1024 1189,motion-1,276.10236,392.9081
2020-08-11_084420_1024 0193,motion-1,275.91147,393.76883
2020-08-11_084420_1024 1174,motion-1,275.92474,391.69003
2020-08-11_084420_1024 1249,motion-1,275.62997,393.36237
2020-08-11_084420_1024 0851,motion-1,276.1277,393.36438
2020-08-11_084420_1024 1183,motion-1,275.95114,392.71588
2020-08-11_084420_1024 0445,motion-1,275.61557,393.25583
2020-08-11_084420_1024 1042,motion-1,276.07632,392.34332
2020-08-11_084420_1024 0323,motion-1,275.56015,394.0445
2020-08-11_084420_1024 0452,motion-1,275.6988,393.21768
2020-08-11_084420_1024 1159,motion-1,276.4122,393.03433
2020-08-11_084420_1024 0203,motion-1,275.3562,392.75964
2020-08-11_084420_1024 0253,motion-1,275.49225,393.55402
2020-08-11_084420_1024 0513,motion-1,275.3619,393.561
2020-08-11_084420_1024 0430,motion-1,275.33646,393.41116
2020-08-11_084420_1024 0687,motion-1,275.8457,392.74338
2020-08-11_084420_1024 0480,motion-1,275.75104,393.0676
2020-08-11_084420_1024 0180,motion-1,275.883,392.68616
2020-08-11_084420_1024 0600,motion-1,275.846,392.25946
2020-08-11_084420_1024 0301,motion-1,275.86816,393.37134
2020-08-11_084420_1024 1190,motion-1,275.94498,392.70413
2020-08-11_084420_1024 0688,motion-1,275.50208,392.5776
2020-08-11_084420_1024 0212,motion-1,275.9703,392.37164
2020-08-11_084420_1024 1157,motion-1,275.822,393.26797
2020-08-11_084420_1024 0772,motion-1,275.86694,393.3137
2020-08-11_084420_1024 1062,motion-1,275.8744,391.7103
2020-08-11_084420_1024 1061,motion-1,275.83856,392.46185
2020-08-11_084420_1024 0487,motion-1,275.72104,391.75543
2020-08-11_084420_1024 0917,motion-1,275.82513,392.7228
2020-08-11_084420_1024 1132,motion-1,276.27136,392.64114
2020-08-11_084420_1024 1057,motion-1,275.93164,392.17654
2020-08-11_084420_1024 0935,motion-1,275.89505,392.39987
2020-08-11_084420_1024 0420,motion-1,276.0157,392.6168
2020-08-11_084420_1024 1065,motion-1,275.9737,393.93607
2020-08-11_084420_1024 0345,motion-1,275.812,393.08572
2020-08-11_084420_1024 0136,motion-1,275.51898,393.3221
2020-08-11_084420_1024 0933,motion-1,275.77515,393.1868
2020-08-11_084420_1024 0628,motion-1,275.88498,393.34622
2020-08-11_084420_1024 0701,motion-1,275.4207,392.98157
2020-08-11_084420_1024 0958,motion-1,275.72842,392.8613
2020-08-11_084420_1024 0482,motion-1,275.49683,392.54993
2020-08-11_084420_1024 0623,motion-1,275.82645,393.15128
2020-08-11_084420_1024 0993,motion-1,275.4573,392.93277
2020-08-11_084420_1024 0797,motion-1,275.76007,392.16785
2020-08-11_084420_1024 0343,motion-1,275.74384,394.35324
2020-08-11_084420_1024 0289,motion-1,276.00745,393.2772
2020-08-11_084420_1024 0102,motion-1,275.74783,393.32532
2020-08-11_084420_1024 0708,motion-1,275.82916,393.9139
2020-08-11_084420_1024 1004,motion-1,275.96735,392.64203
2020-08-11_084420_1024 0538,motion-1,275.8348,392.2757
2020-08-11_084420_1024 0540,motion-1,275.66077,392.2521
2020-08-11_084420_1024 0791,motion-1,275.95932,393.42816
2020-08-11_084420_1024 0610,motion-1,275.58307,393.0095
2020-08-11_084420_1024 0523,motion-1,274.8967,393.753
2020-08-11_084420_1024 0116,motion-1,275.56467,392.94086
2020-08-11_084420_1024 0894,motion-1,275.51028,393.06586
2020-08-11_084420_1024 1269,motion-1,275.9627,393.65576
2020-08-11_084420_1024 0271,motion-1,276.20532,392.29733
2020-08-11_084420_1024 0787,motion-1,275.83417,393.9924
2020-08-11_084420_1024 1164,motion-1,276.25476,393.3384
2020-08-11_084420_1024 0332,motion-1,276.00388,392.58072
2020-08-11_084420_1024 0789,motion-1,275.94662,392.18463
2020-08-11_084420_1024 1058,motion-1,275.8872,392.54065
2020-08-11_084420_1024 0956,motion-1,275.76617,391.34036
2020-08-11_084420_1024 0526,motion-1,275.88974,394.05377
2020-08-11_084420_1024 1192,motion-1,275.78668,392.71484
2020-08-11_084420_1024 0741,motion-1,275.9901,392.00314
2020-08-11_084420_1024 0225,motion-1,275.66812,393.46
2020-08-11_084420_1024 0995,motion-1,275.70697,393.3858
2020-08-11_084420_1024 1196,motion-1,275.84677,393.4688
2020-08-11_084420_1024 1019,motion-1,275.4297,392.86447
2020-08-11_084420_1024 0388,motion-1,275.97333,393.92953
2020-08-11_084420_1024 1056,motion-1,276.26886,392.80847
2020-08-11_084420_1024 0582,motion-1,275.3197,392.78162
2020-08-11_084420_1024 1279,motion-1,275.64966,391.8454
2020-08-11_084420_1024 0681,motion-1,275.80457,393.19315
2020-08-11_084420_1024 0796,motion-1,275.31317,393.85532
2020-08-11_084420_1024 0401,motion-1,275.31927,393.21143
2020-08-11_084420_1024 1228,motion-1,275.6165,392.0097
2020-08-11_084420_1024 0347,motion-1,275.48877,393.1233
2020-08-11_084420_1024 0926,motion-1,276.00345,392.92435
2020-08-11_084420_1024 0158,motion-1,275.8203,393.86536
2020-08-11_084420_1024 0790,motion-1,275.1693,393.338
2020-08-11_084420_1024 0444,motion-1,275.82178,393.4338
2020-08-11_084420_1024 1254,motion-1,275.20963,392.81955
2020-08-11_084420_1024 1208,motion-1,275.3844,393.6041
2020-08-11_084420_1024 0698,motion-1,275.7454,391.76437
2020-08-11_084420_1024 0667,motion-1,275.56125,393.13486
2020-08-11_084420_1024 0821,motion-1,275.96442,392.37384
2020-08-11_084420_1024 0356,motion-1,275.7334,393.2944
2020-08-11_084420_1024 0654,motion-1,275.1979,392.56616
2020-08-11_084420_1024 0780,motion-1,275.75922,392.95694
2020-08-11_084420_1024 0186,motion-1,276.03656,394.19736
2020-08-11_084420_1024 1295,motion-1,274.83597,393.45016
2020-08-11_084420_1024 0015,motion-1,275.6727,393.07208
2020-08-11_084420_1024 0239,motion-1,275.7522,392.79782
2020-08-11_084420_1024 0029,motion-1,275.40518,393.69855
2020-08-11_084420_1024 0594,motion-1,275.746,393.52567
2020-08-11_084420_1024 0269,motion-1,275.405,394.15906
2020-08-11_084420_1024 0809,motion-1,275.94943,393.56458
2020-08-11_084420_1024 0914,motion-1,276.08472,391.58484
2020-08-11_084420_1024 0210,motion-1,275.6688,393.00735
2020-08-11_084420_1024 0689,motion-1,275.62695,392.3532
2020-08-11_084420_1024 1162,motion-1,275.37906,392.74042
2020-08-11_084420_1024 0814,motion-1,275.77884,392.71
2020-08-11_084420_1024 0589,motion-1,275.076,392.366
2020-08-11_084420_1024 0177,motion-1,275.47098,393.1069
2020-08-11_084420_1024 1232,motion-1,276.1196,392.51187
2020-08-11_084420_1024 0501,motion-1,276.08392,392.97092
2020-08-11_084420_1024 0181,motion-1,275.9824,393.5352
2020-08-11_084420_1024 0554,motion-1,276.076,393.6687
2020-08-11_084420_1024 1108,motion-1,275.99313,393.59476
2020-08-11_084420_1024 1161,motion-1,275.79004,391.98108
2020-08-11_084420_1024 0959,motion-1,276.1809,393.0517
2020-08-11_084420_1024 0293,motion-1,275.37952,394.04147
2020-08-11_084420_1024 0026,motion-1,275.58975,393.3902
2020-08-11_084420_1024 1030,motion-1,275.2093,391.80286
2020-08-11_084420_1024 1207,motion-1,275.9293,394.4249
2020-08-11_084420_1024 0476,motion-1,275.96463,393.4012
2020-08-11_084420_1024 0818,motion-1,275.61612,393.1637
2020-08-11_084420_1024 0252,motion-1,276.0796,391.85092
2020-08-11_084420_1024 0704,motion-1,275.76205,392.00812
2020-08-11_084420_1024 1193,motion-1,275.56143,391.53665
2020-08-11_084420_1024 0861,motion-1,275.6169,393.6004
2020-08-11_084420_1024 0270,motion-1,276.0424,393.25323
2020-08-11_084420_1024 0868,motion-1,275.76846,393.16537
2020-08-11_084420_1024 0887,motion-1,275.87323,392.18387
2020-08-11_084420_1024 0928,motion-1,275.96002,393.1699
2020-08-11_084420_1024 0194,motion-1,275.1184,392.8935
2020-08-11_084420_1024 1044,motion-1,275.7463,392.9982
2020-08-11_084420_1024 0198,motion-1,275.74826,393.61487
2020-08-11_084420_1024 1089,motion-1,275.42105,393.30457
2020-08-11_084420_1024 1086,motion-1,275.4447,393.94946
2020-08-11_084420_1024 0237,motion-1,276.15372,392.5959
2020-08-11_084420_1024 0012,motion-1,276.09116,392.81766
2020-08-11_084420_1024 1053,motion-1,275.5773,393.59882
2020-08-11_084420_1024 1241,motion-1,275.6338,391.73325
2020-08-11_084420_1024 0966,motion-1,275.5655,394.38342
2020-08-11_084420_1024 1252,motion-1,275.69156,392.21213
2020-08-11_084420_1024 0525,motion-1,275.591,393.56885
2020-08-11_084420_1024 1032,motion-1,275.8863,393.00046
2020-08-11_084420_1024 0546,motion-1,275.9717,392.87357
2020-08-11_084420_1024 0360,motion-1,275.07187,392.76306
2020-08-11_084420_1024 0807,motion-1,276.06152,392.37225
2020-08-11_084420_1024 0637,motion-1,275.7177,392.5241
2020-08-11_084420_1024 0975,motion-1,275.95587,392.20416
2020-08-11_084420_1024 0495,motion-1,275.38626,392.5349
2020-08-11_084420_1024 1224,motion-1,276.25238,392.9042
2020-08-11_084420_1024 1144,motion-1,275.8186,392.26102
2020-08-11_084420_1024 0312,motion-1,276.0691,393.9428
2020-08-11_084420_1024 0921,motion-1,275.99387,391.60382
2020-08-11_084420_1024 0904,motion-1,275.94885,392.61
2020-08-11_084420_1024 0492,motion-1,275.3303,392.23386
2020-08-11_084420_1024 1230,motion-1,276.202,392.69537
2020-08-11_084420_1024 0009,motion-1,275.78503,393.30652
2020-08-11_084420_1024 0641,motion-1,275.38748,393.263
2020-08-11_084420_1024 0170,motion-1,276.09723,393.64584
2020-08-11_084420_1024 0539,motion-1,275.69922,393.96747
2020-08-11_084420_1024 0398,motion-1,275.58316,393.09717
2020-08-11_084420_1024 1218,motion-1,275.57858,392.60486
2020-08-11_084420_1024 0407,motion-1,275.1995,393.7455
2020-08-11_084420_1024 0684,motion-1,276.0222,392.82483
2020-08-11_084420_1024 0331,motion-1,275.46603,392.1614
2020-08-11_084420_1024 0438,motion-1,275.30746,393.96573
2020-08-11_084420_1024 0008,motion-1,275.78006,394.3517
2020-08-11_084420_1024 0740,motion-1,275.28998,392.7015
2020-08-11_084420_1024 0124,motion-1,275.83392,393.10675
2020-08-11_084420_1024 0061,motion-1,275.70633,394.22824
2020-08-11_084420_1024 1265,motion-1,275.71143,392.98895
2020-08-11_084420_1024 0575,motion-1,275.60608,392.33926
2020-08-11_084420_1024 0570,motion-1,275.78336,393.11856
2020-08-11_084420_1024 0590,motion-1,275.37756,393.1762
2020-08-11_084420_1024 0929,motion-1,276.05908,391.62137
2020-08-11_084420_1024 0280,motion-1,276.0555,392.92197
2020-08-11_084420_1024 0799,motion-1,275.41956,392.60065
2020-08-11_084420_1024 0571,motion-1,275.94385,392.87634
2020-08-11_084420_1024 0990,motion-1,275.342,392.98187
2020-08-11_084420_1024 0092,motion-1,275.6634,392.48035
2020-08-11_084420_1024 0510,motion-1,275.32297,392.701
2020-08-11_084420_1024 1179,motion-1,275.23242,393.9728
2020-08-11_084420_1024 0436,motion-1,275.38602,393.42987
2020-08-11_084420_1024 0387,motion-1,275.6269,392.20944
2020-08-11_084420_1024 0544,motion-1,275.53903,392.46912
2020-08-11_084420_1024 0514,motion-1,275.8697,392.4517
2020-08-11_084420_1024 0499,motion-1,275.64066,392.67032
2020-08-11_084420_1024 0070,motion-1,275.63855,392.24768
2020-08-11_084420_1024 0712,motion-1,275.5548,392.46362
2020-08-11_084420_1024 0542,motion-1,275.41385,393.26895
2020-08-11_084420_1024 1114,motion-1,276.10092,392.37894
2020-08-11_084420_1024 0915,motion-1,275.93115,393.10208
2020-08-11_084420_1024 1278,motion-1,275.58932,393.5975
2020-08-11_084420_1024 0936,motion-1,275.68832,392.07825
2020-08-11_084420_1024 0393,motion-1,275.91513,393.03995
2020-08-11_084420_1024 0557,motion-1,275.15524,392.48413
2020-08-11_084420_1024 0199,motion-1,275.63052,392.83044
2020-08-11_084420_1024 0086,motion-1,275.76434,393.50003
2020-08-11_084420_1024 0228,motion-1,275.39557,392.84668
2020-08-11_084420_1024 0941,motion-1,276.015,393.35678
2020-08-11_084420_1024 0940,motion-1,275.8104,392.98557
2020-08-11_084420_1024 0104,motion-1,275.74503,392.72684
2020-08-11_084420_1024 0179,motion-1,275.38303,393.29346
2020-08-11_084420_1024 0073,motion-1,275.56454,392.70856
2020-08-11_084420_1024 0565,motion-1,275.2524,393.7584
2020-08-11_084420_1024 0560,motion-1,275.23807,393.80862
2020-08-11_084420_1024 0454,motion-1,275.5634,393.36255
2020-08-11_084420_1024 0912,motion-1,275.65387,393.34167
2020-08-11_084420_1024 0875,motion-1,275.5999,394.20782
2020-08-11_084420_1024 0316,motion-1,275.15433,393.74133
2020-08-11_084420_1024 0977,motion-1,275.99908,391.6117
2020-08-11_084420_1024 0490,motion-1,275.28568,392.7124
2020-08-11_084420_1024 0468,motion-1,275.80786,393.47232
2020-08-11_084420_1024 0588,motion-1,275.3642,392.46225
2020-08-11_084420_1024 0615,motion-1,275.41205,394.0687
2020-08-11_084420_1024 1302,motion-1,275.61923,393.4651
2020-08-11_084420_1024 0703,motion-1,275.61847,392.6232
2020-08-11_084420_1024 1064,motion-1,275.65182,393.4849
2020-08-11_084420_1024 0626,motion-1,275.12668,392.30392
2020-08-11_084420_1024 0224,motion-1,275.27844,393.96243
2020-08-11_084420_1024 1090,motion-1,276.06958,392.89816
2020-08-11_084420_1024 0961,motion-1,275.80106,392.7824
2020-08-11_084420_1024 0475,motion-1,275.2848,392.64532
2020-08-11_084420_1024 0950,motion-1,275.4273,392.99567
2020-08-11_084420_1024 1172,motion-1,275.58347,392.66098
2020-08-11_084420_1024 0786,motion-1,275.5771,393.41583
2020-08-11_084420_1024 0840,motion-1,275.625,393.6494
2020-08-11_084420_1024 1024,motion-1,275.81497,392.28772
2020-08-11_084420_1024 0563,motion-1,276.01395,392.3704
2020-08-11_084420_1024 0954,motion-1,275.73477,392.5394
2020-08-11_084420_1024 0142,motion-1,275.5636,391.19644
2020-08-11_084420_1024 1135,motion-1,275.80838,391.9758
2020-08-11_084420_1024 0443,motion-1,275.76822,392.79852
2020-08-11_084420_1024 1023,motion-1,276.1568,392.46973
2020-08-11_084420_1024 0341,motion-1,275.34857,393.4667
2020-08-11_084420_1024 0733,motion-1,275.9851,392.59262
2020-08-11_084420_1024 0418,motion-1,275.92972,393.20505
2020-08-11_084420_1024 0867,motion-1,275.7581,394.1229
2020-08-11_084420_1024 0339,motion-1,275.02197,393.80447
2020-08-11_084420_1024 0775,motion-1,276.13245,393.50394
2020-08-11_084420_1024 0515,motion-1,276.1514,394.126
2020-08-11_084420_1024 0275,motion-1,275.50494,392.9358
2020-08-11_084420_1024 0114,motion-1,275.78543,393.75815
2020-08-11_084420_1024 0622,motion-1,275.97653,392.66968
2020-08-11_084420_1024 1123,motion-1,275.83243,393.19437
2020-08-11_084420_1024 0297,motion-1,275.48163,392.76337
2020-08-11_084420_1024 0296,motion-1,275.62933,392.78604
2020-08-11_084420_1024 0330,motion-1,275.599,393.0929
2020-08-11_084420_1024 0728,motion-1,275.61057,393.20926
2020-08-11_084420_1024 0909,motion-1,275.8022,392.94513
2020-08-11_084420_1024 1156,motion-1,275.64645,393.50577
2020-08-11_084420_1024 0034,motion-1,276.1329,393.25952
2020-08-11_084420_1024 0924,motion-1,275.92026,392.36304
2020-08-11_084420_1024 0832,motion-1,275.85263,392.34894
2020-08-11_084420_1024 1092,motion-1,275.9178,393.10742
2020-08-11_084420_1024 0625,motion-1,275.9561,393.1436
2020-08-11_084420_1024 0524,motion-1,276.18436,392.5263
2020-08-11_084420_1024 0255,motion-1,275.30063,392.73547
2020-08-11_084420_1024 0358,motion-1,275.37445,393.6592
2020-08-11_084420_1024 1155,motion-1,275.93484,392.45514
2020-08-11_084420_1024 0964,motion-1,275.30368,393.08163
2020-08-11_084420_1024 1010,motion-1,275.79224,391.53323
2020-08-11_084420_1024 1027,motion-1,275.953,393.10095
2020-08-11_084420_1024 0491,motion-1,275.68216,393.49387
2020-08-11_084420_1024 0937,motion-1,275.5169,393.6079
2020-08-11_084420_1024 0630,motion-1,275.64078,393.72678
2020-08-11_084420_1024 0391,motion-1,275.35458,394.8443
2020-08-11_084420_1024 1167,motion-1,275.96744,392.337
2020-08-11_084420_1024 0813,motion-1,275.6104,392.5803
2020-08-11_084420_1024 0125,motion-1,275.5222,393.3947
2020-08-11_084420_1024 0583,motion-1,275.50214,392.83392
2020-08-11_084420_1024 0168,motion-1,274.8097,393.11133
2020-08-11_084420_1024 0254,motion-1,275.7832,393.23245
2020-08-11_084420_1024 1177,motion-1,275.65778,393.38287
2020-08-11_084420_1024 0052,motion-1,275.62302,393.8355
2020-08-11_084420_1024 0405,motion-1,275.7162,392.9776
2020-08-11_084420_1024 0505,motion-1,275.6761,392.33438
2020-08-11_084420_1024 0099,motion-1,276.3319,393.12906
2020-08-11_084420_1024 0593,motion-1,275.8735,392.9444
2020-08-11_084420_1024 0735,motion-1,275.06305,393.03693
2020-08-11_084420_1024 1282,motion-1,275.6523,394.04474
2020-08-11_084420_1024 0467,motion-1,275.648,392.7676
2020-08-11_084420_1024 0826,motion-1,275.70282,393.4405
2020-08-11_084420_1024 0183,motion-1,276.11765,393.89413
2020-08-11_084420_1024 0247,motion-1,275.41138,393.68854
2020-08-11_084420_1024 0048,motion-1,275.3512,392.9502
2020-08-11_084420_1024 0794,motion-1,275.82153,392.89474
2020-08-11_084420_1024 0553,motion-1,275.80338,393.69348
2020-08-11_084420_1024 1226,motion-1,276.5337,392.02228
2020-08-11_084420_1024 0397,motion-1,275.09198,393.74042
2020-08-11_084420_1024 0204,motion-1,275.51266,392.67194
2020-08-11_084420_1024 1128,motion-1,275.8395,392.4576
2020-08-11_084420_1024 0192,motion-1,275.94626,393.29327
2020-08-11_084420_1024 0522,motion-1,275.7737,392.56906
2020-08-11_084420_1024 0948,motion-1,275.22552,393.38614
2020-08-11_084420_1024 1063,motion-1,275.66446,393.07343
2020-08-11_084420_1024 0425,motion-1,275.80057,392.43793
2020-08-11_084420_1024 1211,motion-1,275.98523,391.94458
2020-08-11_084420_1024 0516,motion-1,275.17834,392.49966
2020-08-11_084420_1024 1136,motion-1,276.1925,393.56387
2020-08-11_084420_1024 0519,motion-1,275.6893,393.56155
2020-08-11_084420_1024 0902,motion-1,275.95306,393.1424
2020-08-11_084420_1024 1217,motion-1,275.54,393.67468
2020-08-11_084420_1024 0100,motion-1,275.83084,392.6204
2020-08-11_084420_1024 0895,motion-1,275.60495,391.39743
2020-08-11_084420_1024 0071,motion-1,275.8605,393.7775
2020-08-11_084420_1024 0463,motion-1,275.63776,392.5973
2020-08-11_084420_1024 1080,motion-1,275.6144,392.28812
2020-08-11_084420_1024 1014,motion-1,275.63345,393.16867
2020-08-11_084420_1024 0378,motion-1,275.44543,392.88464
2020-08-11_084420_1024 0292,motion-1,275.75223,393.10278
2020-08-11_084420_1024 0737,motion-1,275.2085,392.40262
2020-08-11_084420_1024 0032,motion-1,276.16852,392.2976
2020-08-11_084420_1024 0153,motion-1,276.02484,393.23633
2020-08-11_084420_1024 0068,motion-1,275.50848,392.9376
2020-08-11_084420_1024 0824,motion-1,275.3284,392.8659
2020-08-11_084420_1024 0635,motion-1,275.72012,392.7233
2020-08-11_084420_1024 1212,motion-1,275.89847,392.47122
2020-08-11_084420_1024 0576,motion-1,275.6072,393.18347
2020-08-11_084420_1024 0520,motion-1,275.9481,392.33768
2020-08-11_084420_1024 1018,motion-1,275.77036,392.30057
2020-08-11_084420_1024 0078,motion-1,275.4181,393.81174
2020-08-11_084420_1024 1199,motion-1,275.479,392.5364
2020-08-11_084420_1024 0084,motion-1,276.24634,393.23306
2020-08-11_084420_1024 0855,motion-1,275.83212,393.1802
2020-08-11_084420_1024 0778,motion-1,275.99133,392.74835
2020-08-11_084420_1024 1098,motion-1,275.9712,392.18524
2020-08-11_084420_1024 0613,motion-1,276.04095,393.45267
2020-08-11_084420_1024 0865,motion-1,275.74588,393.9936
2020-08-11_084420_1024 1087,motion-1,275.4568,393.1519
2020-08-11_084420_1024 0718,motion-1,275.64273,392.6519
2020-08-11_084420_1024 0669,motion-1,275.78204,393.00076
2020-08-11_084420_1024 0083,motion-1,276.16302,393.25964
2020-08-11_084420_1024 0545,motion-1,275.5086,392.71664
2020-08-11_084420_1024 0028,motion-1,275.8755,393.34305
2020-08-11_084420_1024 0459,motion-1,275.48132,393.18378
2020-08-11_084420_1024 0385,motion-1,275.94305,393.1858
2020-08-11_084420_1024 0342,motion-1,275.6944,393.1296
2020-08-11_084420_1024 0643,motion-1,275.60596,392.07733
2020-08-11_084420_1024 0938,motion-1,276.38855,392.99268
2020-08-11_084420_1024 0864,motion-1,275.8264,391.84634
2020-08-11_084420_1024 0122,motion-1,275.33078,391.6036
2020-08-11_084420_1024 0942,motion-1,275.4321,392.22775
2020-08-11_084420_1024 1153,motion-1,275.9634,391.89682
2020-08-11_084420_1024 0151,motion-1,275.34525,393.57397
2020-08-11_084420_1024 0624,motion-1,275.6974,392.38168
2020-08-11_084420_1024 0925,motion-1,275.4507,392.81683
2020-08-11_084420_1024 0844,motion-1,275.28265,393.27856
2020-08-11_084420_1024 0632,motion-1,276.00034,392.78598
2020-08-11_084420_1024 0481,motion-1,275.9624,392.55258
2020-08-11_084420_1024 0458,motion-1,275.94003,392.93945
2020-08-11_084420_1024 0597,motion-1,275.55896,392.70987
2020-08-11_084420_1024 0060,motion-1,275.83246,393.22015
2020-08-11_084420_1024 0023,motion-1,275.73566,391.70898
2020-08-11_084420_1024 0856,motion-1,276.68945,392.4929
2020-08-11_084420_1024 0325,motion-1,275.7286,392.1298
2020-08-11_084420_1024 0281,motion-1,275.90427,392.4571
2020-08-11_084420_1024 0304,motion-1,275.71298,393.41058
2020-08-11_084420_1024 1248,motion-1,276.3344,392.13907
2020-08-11_084420_1024 0241,motion-1,275.92587,394.41864
2020-08-11_084420_1024 0668,motion-1,275.7302,392.6732
2020-08-11_084420_1024 0272,motion-1,275.67123,393.6682
2020-08-11_084420_1024 0611,motion-1,275.49243,393.26315
2020-08-11_084420_1024 0437,motion-1,275.95123,392.34528
2020-08-11_084420_1024 0302,motion-1,275.74072,392.74023
2020-08-11_084420_1024 0497,motion-1,275.80215,393.80804
2020-08-11_084420_1024 0117,motion-1,276.39908,392.7714
2020-08-11_084420_1024 0005,motion-1,275.60522,377.82715
2020-08-11_084420_1024 0121,motion-1,275.76425,392.03546
2020-08-11_084420_1024 0662,motion-1,275.888,392.27478
2020-08-11_084420_1024 0087,motion-1,275.839,394.27332
2020-08-11_084420_1024 1029,motion-1,275.5476,392.7141
2020-08-11_084420_1024 0109,motion-1,275.88803,391.91574
2020-08-11_084420_1024 0841,motion-1,275.8386,392.51855
2020-08-11_084420_1024 0274,motion-1,276.0357,393.1284
2020-08-11_084420_1024 0126,motion-1,275.80826,393.00253
2020-08-11_084420_1024 0607,motion-1,275.28644,392.2439
2020-08-11_084420_1024 0123,motion-1,275.56555,393.74564
2020-08-11_084420_1024 0888,motion-1,275.9713,392.10516
2020-08-11_084420_1024 1300,motion-1,276.13742,393.0903
2020-08-11_084420_1024 1045,motion-1,275.88962,392.86642
2020-08-11_084420_1024 0973,motion-1,275.1179,392.77777
2020-08-11_084420_1024 1139,motion-1,275.7187,393.11188
2020-08-11_084420_1024 0440,motion-1,275.83594,393.1546
2020-08-11_084420_1024 0214,motion-1,275.60526,394.09152
2020-08-11_084420_1024 0846,motion-1,275.31668,393.73468
2020-08-11_084420_1024 1180,motion-1,276.04596,392.36328
2020-08-11_084420_1024 0031,motion-1,275.90292,393.11444
2020-08-11_084420_1024 0472,motion-1,275.81216,391.9055
2020-08-11_084420_1024 0085,motion-1,275.23526,393.0163
2020-08-11_084420_1024 1151,motion-1,275.6397,392.67023
2020-08-11_084420_1024 1099,motion-1,275.91153,393.42563
2020-08-11_084420_1024 0206,motion-1,275.51532,391.77606
2020-08-11_084420_1024 0556,motion-1,275.62463,392.71747
2020-08-11_084420_1024 0328,motion-1,275.8571,392.7181
2020-08-11_084420_1024 0685,motion-1,276.2588,393.10043
2020-08-11_084420_1024 1072,motion-1,276.048,393.14905
2020-08-11_084420_1024 0098,motion-1,275.706,393.3683
2020-08-11_084420_1024 0783,motion-1,275.5327,392.2692
2020-08-11_084420_1024 1138,motion-1,276.241,393.3376
2020-08-11_084420_1024 0200,motion-1,275.75858,393.37784
2020-08-11_084420_1024 0251,motion-1,275.35553,393.2733
2020-08-11_084420_1024 0744,motion-1,275.22266,393.96616
2020-08-11_084420_1024 1178,motion-1,275.8766,392.9491
2020-08-11_084420_1024 1257,motion-1,275.7449,393.45453
2020-08-11_084420_1024 0381,motion-1,275.50967,392.4255
2020-08-11_084420_1024 0639,motion-1,275.8502,392.33295
2020-08-11_084420_1024 0441,motion-1,275.4485,392.51657
2020-08-11_084420_1024 0859,motion-1,275.9502,392.69568
2020-08-11_084420_1024 0719,motion-1,276.07315,393.6641
2020-08-11_084420_1024 1025,motion-1,275.79715,392.46317
2020-08-11_084420_1024 0830,motion-1,275.70197,393.30795
2020-08-11_084420_1024 0870,motion-1,275.46854,392.88705
2020-08-11_084420_1024 1137,motion-1,275.64038,392.415
2020-08-11_084420_1024 0140,motion-1,275.61868,393.03967
2020-08-11_084420_1024 0128,motion-1,275.77664,393.15848
2020-08-11_084420_1024 0202,motion-1,275.71893,393.18637
2020-08-11_084420_1024 0645,motion-1,275.5773,393.86215
2020-08-11_084420_1024 0939,motion-1,276.23907,392.35596
2020-08-11_084420_1024 1268,motion-1,275.981,392.04807
2020-08-11_084420_1024 0642,motion-1,275.45584,393.33548
2020-08-11_084420_1024 0434,motion-1,275.732,393.312
2020-08-11_084420_1024 1091,motion-1,275.4782,392.62814
2020-08-11_084420_1024 0913,motion-1,275.79678,392.61945
2020-08-11_084420_1024 1234,motion-1,275.6013,392.23172
2020-08-11_084420_1024 1242,motion-1,276.23584,392.85956
2020-08-11_084420_1024 0819,motion-1,275.83902,392.46863
2020-08-11_084420_1024 0666,motion-1,275.49176,393.5952
2020-08-11_084420_1024 1287,motion-1,276.16837,392.98483
2020-08-11_084420_1024 0466,motion-1,275.55063,393.86908
2020-08-11_084420_1024 1081,motion-1,275.73904,391.9548
2020-08-11_084420_1024 0543,motion-1,275.88382,392.62265
2020-08-11_084420_1024 1070,motion-1,275.6429,392.6269
2020-08-11_084420_1024 1201,motion-1,275.65692,391.86383
2020-08-11_084420_1024 0825,motion-1,276.28177,393.15857
2020-08-11_084420_1024 0145,motion-1,276.26596,392.32513
2020-08-11_084420_1024 0435,motion-1,275.60037,393.37695
2020-08-11_084420_1024 0141,motion-1,275.8182,392.7003
2020-08-11_084420_1024 0090,motion-1,275.67993,392.61838
2020-08-11_084420_1024 0629,motion-1,275.53394,392.3015
2020-08-11_084420_1024 0664,motion-1,275.39227,393.15845
2020-08-11_084420_1024 0414,motion-1,275.80875,393.1271
2020-08-11_084420_1024 0759,motion-1,275.65427,393.86847
2020-08-11_084420_1024 0421,motion-1,275.31296,394.1358
2020-08-11_084420_1024 0143,motion-1,275.39392,392.78934
2020-08-11_084420_1024 0310,motion-1,275.67224,393.7807
2020-08-11_084420_1024 0127,motion-1,276.02994,392.53683
2020-08-11_084420_1024 0077,motion-1,275.54642,393.83893
2020-08-11_084420_1024 0535,motion-1,275.9487,393.0473
2020-08-11_084420_1024 0036,motion-1,275.81195,394.23874
2020-08-11_084420_1024 0536,motion-1,275.8709,393.40756
2020-08-11_084420_1024 1111,motion-1,275.3109,392.72275
2020-08-11_084420_1024 0858,motion-1,275.88828,393.25372
2020-08-11_084420_1024 0873,motion-1,275.23444,394.19354
2020-08-11_084420_1024 0891,motion-1,276.1293,393.05984
2020-08-11_084420_1024 0982,motion-1,275.5615,393.80032
2020-08-11_084420_1024 0352,motion-1,275.64102,393.45395
2020-08-11_084420_1024 0969,motion-1,276.08167,392.99814
2020-08-11_084420_1024 1198,motion-1,275.81732,391.91077
2020-08-11_084420_1024 0555,motion-1,275.52975,393.3246
2020-08-11_084420_1024 0994,motion-1,276.0357,393.04486
2020-08-11_084420_1024 1017,motion-1,275.6325,392.95428
2020-08-11_084420_1024 0801,motion-1,275.54443,392.96924
2020-08-11_084420_1024 1041,motion-1,275.535,391.60968
2020-08-11_084420_1024 1214,motion-1,276.18887,392.6977
2020-08-11_084420_1024 0962,motion-1,276.04367,393.82806
2020-08-11_084420_1024 0889,motion-1,276.0697,393.3034
2020-08-11_084420_1024 0159,motion-1,275.82465,394.10715
2020-08-11_084420_1024 0394,motion-1,275.5321,393.76266
2020-08-11_084420_1024 0188,motion-1,275.8012,393.24133
2020-08-11_084420_1024 0722,motion-1,275.2489,393.19672
2020-08-11_084420_1024 0916,motion-1,276.02115,393.50845
2020-08-11_084420_1024 0327,motion-1,276.0815,393.1882
2020-08-11_084420_1024 0103,motion-1,275.68463,392.05954
2020-08-11_084420_1024 1271,motion-1,276.03534,391.56412
2020-08-11_084420_1024 0226,motion-1,275.65573,392.85913
2020-08-11_084420_1024 0238,motion-1,275.89072,391.81454
2020-08-11_084420_1024 1210,motion-1,275.58167,393.53973
2020-08-11_084420_1024 0089,motion-1,276.1686,392.82486
2020-08-11_084420_1024 0298,motion-1,275.24112,392.16946
2020-08-11_084420_1024 0561,motion-1,275.6823,391.8282
2020-08-11_084420_1024 0678,motion-1,275.4546,393.8834
2020-08-11_084420_1024 0849,motion-1,275.6396,391.86618
2020-08-11_084420_1024 0679,motion-1,275.38748,394.25668
2020-08-11_084420_1024 0172,motion-1,276.03888,393.90347
2020-08-11_084420_1024 0599,motion-1,275.5631,392.9942
2020-08-11_084420_1024 0947,motion-1,276.23596,393.186
2020-08-11_084420_1024 1215,motion-1,275.99222,393.77036
2020-08-11_084420_1024 1246,motion-1,276.10464,392.19138
2020-08-11_084420_1024 0262,motion-1,275.45624,393.83688
2020-08-11_084420_1024 0082,motion-1,275.182,393.1038
2020-08-11_084420_1024 1270,motion-1,275.66644,393.19904
2020-08-11_084420_1024 0532,motion-1,275.87775,393.54053
2020-08-11_084420_1024 0043,motion-1,275.8111,392.4336
2020-08-11_084420_1024 1267,motion-1,275.89914,393.30212
2020-08-11_084420_1024 0651,motion-1,275.3489,392.2736
2020-08-11_084420_1024 0709,motion-1,276.09122,393.84262
2020-08-11_084420_1024 0602,motion-1,275.52075,392.51776
2020-08-11_084420_1024 0113,motion-1,276.11472,393.02698
2020-08-11_084420_1024 0062,motion-1,275.75443,392.99936
2020-08-11_084420_1024 0541,motion-1,275.95135,392.73483
2020-08-11_084420_1024 0618,motion-1,275.5917,393.17896
2020-08-11_084420_1024 1166,motion-1,275.4163,392.53326
2020-08-11_084420_1024 0294,motion-1,275.56305,392.83093
2020-08-11_084420_1024 0390,motion-1,275.61728,393.35797
2020-08-11_084420_1024 0486,motion-1,275.45416,392.6243
2020-08-11_084420_1024 0952,motion-1,276.55255,393.75876
2020-08-11_084420_1024 1205,motion-1,275.78394,393.8441
2020-08-11_084420_1024 0139,motion-1,275.706,392.63504
2020-08-11_084420_1024 0871,motion-1,276.1599,393.46655
2020-08-11_084420_1024 1275,motion-1,275.8865,392.2748
2020-08-11_084420_1024 1184,motion-1,275.65384,392.74628
2020-08-11_084420_1024 0144,motion-1,275.3069,393.45038
2020-08-11_084420_1024 0946,motion-1,276.02176,392.78604
2020-08-11_084420_1024 0877,motion-1,275.733,393.92535
2020-08-11_084420_1024 0423,motion-1,275.69522,392.7548
2020-08-11_084420_1024 0808,motion-1,275.88113,393.97174
2020-08-11_084420_1024 1170,motion-1,275.8182,392.51144
2020-08-11_084420_1024 0279,motion-1,275.55676,392.4987
2020-08-11_084420_1024 0093,motion-1,276.06668,393.28662
2020-08-11_084420_1024 1071,motion-1,275.88177,392.4815
2020-08-11_084420_1024 1112,motion-1,275.34155,392.67752
2020-08-11_084420_1024 0047,motion-1,275.60245,394.29858
2020-08-11_084420_1024 0680,motion-1,275.8083,393.53357
2020-08-11_084420_1024 1131,motion-1,275.57098,391.9734
2020-08-11_084420_1024 1244,motion-1,275.5881,393.31577
2020-08-11_084420_1024 0300,motion-1,275.51657,393.1127
2020-08-11_084420_1024 0162,motion-1,275.68872,393.03488
2020-08-11_084420_1024 0223,motion-1,275.75,393.3632
2020-08-11_084420_1024 0494,motion-1,275.53543,393.53632
2020-08-11_084420_1024 0201,motion-1,275.65244,393.10336
2020-08-11_084420_1024 1235,motion-1,275.33734,392.17737
2020-08-11_084420_1024 0671,motion-1,275.68994,393.03113
2020-08-11_084420_1024 1229,motion-1,276.0389,391.5189
2020-08-11_084420_1024 0063,motion-1,275.3791,393.55588
2020-08-11_084420_1024 1103,motion-1,275.6311,393.1441
2020-08-11_084420_1024 0960,motion-1,275.57678,393.24625
2020-08-11_084420_1024 0024,motion-1,275.85846,392.32108
2020-08-11_084420_1024 0469,motion-1,275.85822,393.05872
2020-08-11_084420_1024 1069,motion-1,275.4441,393.9899
2020-08-11_084420_1024 0517,motion-1,275.88116,392.9007
2020-08-11_084420_1024 0997,motion-1,275.64227,392.29584
2020-08-11_084420_1024 0185,motion-1,275.4341,393.49536
2020-08-11_084420_1024 0227,motion-1,275.67606,394.37573
2020-08-11_084420_1024 0798,motion-1,276.1391,393.4035
2020-08-11_084420_1024 0338,motion-1,275.84583,392.36774
2020-08-11_084420_1024 0235,motion-1,276.26385,393.29398
2020-08-11_084420_1024 1034,motion-1,275.74414,393.23862
2020-08-11_084420_1024 1191,motion-1,275.98502,390.92715
2020-08-11_084420_1024 1082,motion-1,276.14426,393.2011
2020-08-11_084420_1024 0765,motion-1,275.50143,392.5311
2020-08-11_084420_1024 0806,motion-1,275.47256,393.0331
2020-08-11_084420_1024 1101,motion-1,275.68634,392.64435
2020-08-11_084420_1024 0764,motion-1,275.8562,393.12833
2020-08-11_084420_1024 1197,motion-1,275.87408,392.40024
2020-08-11_084420_1024 0410,motion-1,275.9936,393.50656
2020-08-11_084420_1024 0133,motion-1,275.47137,393.0241
2020-08-11_084420_1024 0231,motion-1,275.63385,392.799
2020-08-11_084420_1024 0673,motion-1,275.78473,391.56635
2020-08-11_084420_1024 0234,motion-1,275.5094,392.50427
2020-08-11_084420_1024 1222,motion-1,276.17432,392.77063
2020-08-11_084420_1024 0795,motion-1,275.83734,393.68802
2020-08-11_084420_1024 0243,motion-1,275.4794,393.40427
2020-08-11_084420_1024 0277,motion-1,275.91757,393.4135
2020-08-11_084420_1024 0219,motion-1,275.68713,392.1674
2020-08-11_084420_1024 1093,motion-1,275.78033,394.04
2020-08-11_084420_1024 1046,motion-1,275.51828,393.0233
2020-08-11_084420_1024 0734,motion-1,275.73038,392.40128
2020-08-11_084420_1024 0175,motion-1,275.90854,391.7398
2020-08-11_084420_1024 0878,motion-1,275.49603,392.5471
2020-08-11_084420_1024 0229,motion-1,275.4831,393.3627
2020-08-11_084420_1024 0287,motion-1,275.7009,392.7476
2020-08-11_084420_1024 0761,motion-1,275.5948,393.3876
2020-08-11_084420_1024 0011,motion-1,276.2355,392.70505
2020-08-11_084420_1024 1068,motion-1,275.21045,392.60406
2020-08-11_084420_1024 0604,motion-1,275.27536,394.08594
2020-08-11_084420_1024 0726,motion-1,275.74753,392.77274
2020-08-11_084420_1024 0429,motion-1,275.9359,393.10114
2020-08-11_084420_1024 0427,motion-1,275.5479,393.4896
2020-08-11_084420_1024 0448,motion-1,275.4855,392.77435
2020-08-11_084420_1024 0770,motion-1,275.8591,393.39014
2020-08-11_084420_1024 0433,motion-1,275.99503,392.9232
2020-08-11_084420_1024 0211,motion-1,275.81308,393.80984
2020-08-11_084420_1024 0730,motion-1,276.13168,393.11844
2020-08-11_084420_1024 1066,motion-1,275.2994,392.77576
2020-08-11_084420_1024 0872,motion-1,276.0042,392.97556
2020-08-11_084420_1024 0333,motion-1,276.13345,393.5347
2020-08-11_084420_1024 0256,motion-1,275.78903,392.85913
2020-08-11_084420_1024 0690,motion-1,275.38513,392.78278
2020-08-11_084420_1024 0751,motion-1,275.83362,393.0235
2020-08-11_084420_1024 0366,motion-1,275.7982,392.3914
2020-08-11_084420_1024 0586,motion-1,275.78043,393.61496
2020-08-11_084420_1024 0696,motion-1,275.33273,393.44046
2020-08-11_084420_1024 0258,motion-1,275.4327,391.9912
2020-08-11_084420_1024 1296,motion-1,275.729,392.9821
2020-08-11_084420_1024 0380,motion-1,275.6923,392.78693
2020-08-11_084420_1024 0951,motion-1,275.8228,391.59378
2020-08-11_084420_1024 0322,motion-1,275.4319,393.3696
2020-08-11_084420_1024 0829,motion-1,275.80753,393.05804
2020-08-11_084420_1024 0839,motion-1,275.84036,392.7523
2020-08-11_084420_1024 0221,motion-1,275.67102,392.9413
2020-08-11_084420_1024 1236,motion-1,275.54947,393.2979
2020-08-11_084420_1024 0319,motion-1,275.1422,393.61646
2020-08-11_084420_1024 0174,motion-1,275.6769,393.9084
2020-08-11_084420_1024 0823,motion-1,275.8916,392.1075
2020-08-11_084420_1024 0004,motion-1,275.09598,380.26596
2020-08-11_084420_1024 0723,motion-1,275.83264,391.56088
2020-08-11_084420_1024 0884,motion-1,275.73093,392.60187
2020-08-11_084420_1024 1067,motion-1,276.378,392.54553
2020-08-11_084420_1024 0182,motion-1,275.53003,393.1413
2020-08-11_084420_1024 1051,motion-1,275.7285,392.88278
2020-08-11_084420_1024 0988,motion-1,275.575,393.1028
2020-08-11_084420_1024 0742,motion-1,275.50858,392.28085
2020-08-11_084420_1024 0373,motion-1,275.92447,393.96436
2020-08-11_084420_1024 0195,motion-1,275.64795,393.67532
2020-08-11_084420_1024 0788,motion-1,275.5186,393.44873
2020-08-11_084420_1024 0230,motion-1,275.33673,392.56903
2020-08-11_084420_1024 1102,motion-1,275.725,392.6456
2020-08-11_084420_1024 0260,motion-1,275.89084,393.75528
2020-08-11_084420_1024 0693,motion-1,275.71393,392.3673
2020-08-11_084420_1024 0598,motion-1,276.1196,392.8872
2020-08-11_084420_1024 0955,motion-1,275.67844,393.1354
2020-08-11_084420_1024 1284,motion-1,275.6215,393.82544
2020-08-11_084420_1024 0222,motion-1,275.53806,393.1277
2020-08-11_084420_1024 0707,motion-1,275.56992,394.06766
2020-08-11_084420_1024 0451,motion-1,276.274,392.5444
2020-08-11_084420_1024 0725,motion-1,275.5934,392.93207
2020-08-11_084420_1024 0282,motion-1,275.48,390.5426
2020-08-11_084420_1024 0736,motion-1,276.00504,393.15463
2020-08-11_084420_1024 0417,motion-1,275.9961,392.7795
2020-08-11_084420_1024 0216,motion-1,275.66946,393.1902
2020-08-11_084420_1024 1095,motion-1,275.72437,393.1429
2020-08-11_084420_1024 0088,motion-1,275.45294,393.39243
2020-08-11_084420_1024 0129,motion-1,275.34506,392.50073
2020-08-11_084420_1024 0755,motion-1,276.0394,393.70682
2020-08-11_084420_1024 0863,motion-1,275.6429,392.37997
2020-08-11_084420_1024 0812,motion-1,275.9077,393.80905
2020-08-11_084420_1024 1283,motion-1,275.97507,392.82474
2020-08-11_084420_1024 0402,motion-1,275.82755,392.44287
2020-08-11_084420_1024 0640,motion-1,275.74463,393.54495
2020-08-11_084420_1024 0314,motion-1,275.45566,393.68823
2020-08-11_084420_1024 0284,motion-1,276.02475,392.99417
2020-08-11_084420_1024 0184,motion-1,275.5327,393.7513
2020-08-11_084420_1024 1016,motion-1,275.76694,392.70288
2020-08-11_084420_1024 0508,motion-1,275.37436,392.50217
2020-08-11_084420_1024 0242,motion-1,275.52945,393.17862
2020-08-11_084420_1024 0661,motion-1,275.7261,394.07596
2020-08-11_084420_1024 0886,motion-1,276.0971,392.26163
2020-08-11_084420_1024 0713,motion-1,275.8018,393.41037
2020-08-11_084420_1024 0518,motion-1,275.89047,391.2947
2020-08-11_084420_1024 0771,motion-1,275.66122,392.93307
2020-08-11_084420_1024 1263,motion-1,275.7348,393.09317
2020-08-11_084420_1024 0784,motion-1,275.64212,392.91064
2020-08-11_084420_1024 1303,motion-1,275.81738,391.9677
2020-08-11_084420_1024 0721,motion-1,275.8391,393.9188
2020-08-11_084420_1024 0860,motion-1,275.63245,393.18604
2020-08-11_084420_1024 0209,motion-1,275.52878,392.94022
2020-08-11_084420_1024 0852,motion-1,275.99323,392.65567
2020-08-11_084420_1024 0337,motion-1,276.03638,392.36768
2020-08-11_084420_1024 0657,motion-1,275.30893,393.77234
2020-08-11_084420_1024 0892,motion-1,275.80136,392.10483
2020-08-11_084420_1024 0207,motion-1,275.30896,393.3469
2020-08-11_084420_1024 0493,motion-1,275.8564,392.2069
2020-08-11_084420_1024 0810,motion-1,275.20163,393.23914
2020-08-11_084420_1024 0374,motion-1,275.52612,392.57938
2020-08-11_084420_1024 0769,motion-1,275.7893,392.11917
2020-08-11_084420_1024 0692,motion-1,275.52264,392.52167
2020-08-11_084420_1024 0065,motion-1,276.28494,393.14545
2020-08-11_084420_1024 0056,motion-1,275.62408,393.76614
2020-08-11_084420_1024 0579,motion-1,275.41763,392.82028
2020-08-11_084420_1024 0411,motion-1,275.8834,393.7468
2020-08-11_084420_1024 0979,motion-1,275.39496,393.0679
2020-08-11_084420_1024 0050,motion-1,275.32132,392.94797
2020-08-11_084420_1024 1009,motion-1,275.79956,392.75198
2020-08-11_084420_1024 0815,motion-1,275.52664,392.57217
2020-08-11_084420_1024 0968,motion-1,275.8665,392.32913
2020-08-11_084420_1024 0053,motion-1,276.24063,393.50137
2020-08-11_084420_1024 0315,motion-1,276.12567,392.9314
2020-08-11_084420_1024 0612,motion-1,275.82318,393.25748
2020-08-11_084420_1024 1194,motion-1,275.84317,392.57077
2020-08-11_084420_1024 1109,motion-1,275.76773,393.05008
2020-08-11_084420_1024 0833,motion-1,276.05417,391.80292
2020-08-11_084420_1024 0286,motion-1,275.63388,393.08353
2020-08-11_084420_1024 0232,motion-1,275.9411,393.64618
2020-08-11_084420_1024 1262,motion-1,275.87393,393.53992
2020-08-11_084420_1024 0548,motion-1,275.38614,392.73245
2020-08-11_084420_1024 0046,motion-1,275.57053,392.46014
2020-08-11_084420_1024 0218,motion-1,275.56265,392.58154
2020-08-11_084420_1024 0111,motion-1,275.59103,393.22946
2020-08-11_084420_1024 1077,motion-1,275.97107,392.89383
