2020-07-31_095007_405 424,cracks,395.948,622.0619
2020-07-31_095007_405 424,cracks,403.93307,647.1426
2020-07-31_095007_405 424,cracks,401.53632,625.3591
2020-07-31_095007_405 219,cracks,395.82568,622.1173
2020-07-31_095007_405 219,cracks,403.82437,647.175
2020-07-31_095007_405 219,cracks,401.34036,625.4508
2020-07-31_095007_405 508,cracks,395.74896,622.13043
2020-07-31_095007_405 508,cracks,403.87903,647.18835
2020-07-31_095007_405 382,cracks,395.7965,622.1535
2020-07-31_095007_405 382,cracks,403.8489,647.2547
2020-07-31_095007_405 382,cracks,401.523,625.5213
2020-07-31_095007_405 182,cracks,395.83307,622.19794
2020-07-31_095007_405 182,cracks,403.854,647.20807
2020-07-31_095007_405 182,cracks,401.57315,625.4594
2020-07-31_095007_405 362,cracks,395.9653,622.1452
2020-07-31_095007_405 362,cracks,403.85867,647.19415
2020-07-31_095007_405 362,cracks,401.55484,625.40765
2020-07-31_095007_405 499,cracks,396.10352,622.18787
2020-07-31_095007_405 499,cracks,403.74655,647.00684
2020-07-31_095007_405 499,cracks,401.58353,625.26984
2020-07-31_095007_405 020,cracks,395.87744,622.0557
2020-07-31_095007_405 020,cracks,403.9086,647.2021
2020-07-31_095007_405 020,cracks,401.57382,625.47766
2020-07-31_095007_405 107,cracks,395.8492,622.15393
2020-07-31_095007_405 107,cracks,403.86984,647.20197
2020-07-31_095007_405 107,cracks,401.39017,625.4172
2020-07-31_095007_405 601,cracks,395.92764,622.11365
2020-07-31_095007_405 601,cracks,403.8557,647.176
2020-07-31_095007_405 601,cracks,401.5338,625.4158
2020-07-31_095007_405 782,cracks,395.76193,622.08344
2020-07-31_095007_405 782,cracks,403.937,647.1578
2020-07-31_095007_405 782,cracks,401.46732,625.36786
2020-07-31_095007_405 517,cracks,395.9537,622.13806
2020-07-31_095007_405 517,cracks,403.76227,647.1523
2020-07-31_095007_405 517,cracks,401.42258,625.3356
2020-07-31_095007_405 339,cracks,395.87158,622.0823
2020-07-31_095007_405 339,cracks,403.7957,647.13885
2020-07-31_095007_405 339,cracks,401.3831,625.371
2020-07-31_095007_405 232,cracks,395.81558,622.13043
2020-07-31_095007_405 232,cracks,403.81998,647.1364
2020-07-31_095007_405 232,cracks,401.47382,625.3301
2020-07-31_095007_405 285,cracks,395.92557,622.10675
2020-07-31_095007_405 285,cracks,403.7734,647.12274
2020-07-31_095007_405 285,cracks,401.28033,625.26776
2020-07-31_095007_405 202,cracks,395.94894,622.14954
2020-07-31_095007_405 202,cracks,403.87088,647.13574
2020-07-31_095007_405 202,cracks,401.45474,625.33514
2020-07-31_095007_405 316,cracks,395.88123,622.1176
2020-07-31_095007_405 316,cracks,403.7836,647.1757
2020-07-31_095007_405 316,cracks,401.34134,625.4384
2020-07-31_095007_405 628,cracks,395.91147,622.0718
2020-07-31_095007_405 628,cracks,403.92703,647.1488
2020-07-31_095007_405 628,cracks,401.4722,625.37384
2020-07-31_095007_405 262,cracks,395.9012,622.05255
2020-07-31_095007_405 262,cracks,403.7961,647.09766
2020-07-31_095007_405 262,cracks,401.31522,625.22284
2020-07-31_095007_405 555,cracks,395.77615,622.12317
2020-07-31_095007_405 555,cracks,404.113,647.29565
2020-07-31_095007_405 170,cracks,395.8469,622.105
2020-07-31_095007_405 170,cracks,403.92215,647.2132
2020-07-31_095007_405 170,cracks,401.65186,625.48285
2020-07-31_095007_405 644,cracks,396.02048,622.15765
2020-07-31_095007_405 644,cracks,403.89532,647.1743
2020-07-31_095007_405 644,cracks,401.54797,625.3993
2020-07-31_095007_405 021,cracks,395.8472,622.0817
2020-07-31_095007_405 021,cracks,403.93866,647.17426
2020-07-31_095007_405 021,cracks,401.50806,625.439
2020-07-31_095007_405 337,cracks,395.90433,622.1326
2020-07-31_095007_405 337,cracks,403.74387,647.18335
2020-07-31_095007_405 337,cracks,401.39902,625.3925
2020-07-31_095007_405 420,cracks,395.8464,622.08264
2020-07-31_095007_405 420,cracks,404.0134,647.18494
2020-07-31_095007_405 420,cracks,401.57153,625.4709
2020-07-31_095007_405 133,cracks,395.95282,622.1275
2020-07-31_095007_405 133,cracks,403.72165,647.15076
2020-07-31_095007_405 133,cracks,401.3615,625.34
2020-07-31_095007_405 068,cracks,395.93564,622.17236
2020-07-31_095007_405 068,cracks,404.00433,647.17993
2020-07-31_095007_405 068,cracks,401.56436,625.39087
2020-07-31_095007_405 660,cracks,395.87866,622.18115
2020-07-31_095007_405 660,cracks,403.8473,647.19763
2020-07-31_095007_405 660,cracks,401.4678,625.39154
2020-07-31_095007_405 780,cracks,395.76926,622.1127
2020-07-31_095007_405 780,cracks,403.957,647.18097
2020-07-31_095007_405 780,cracks,401.46802,625.477
2020-07-31_095007_405 518,cracks,395.81534,622.2361
2020-07-31_095007_405 518,cracks,403.83865,647.21735
2020-07-31_095007_405 518,cracks,401.40106,625.50415
2020-07-31_095007_405 749,cracks,395.8972,622.1873
2020-07-31_095007_405 749,cracks,403.84912,647.19305
2020-07-31_095007_405 749,cracks,401.56586,625.41034
2020-07-31_095007_405 559,cracks,395.81107,622.1105
2020-07-31_095007_405 559,cracks,403.94104,647.1992
2020-07-31_095007_405 559,cracks,401.60547,625.44727
2020-07-31_095007_405 397,cracks,395.9191,622.1414
2020-07-31_095007_405 397,cracks,403.82123,647.1435
2020-07-31_095007_405 397,cracks,401.50497,625.37634
2020-07-31_095007_405 480,cracks,395.9121,622.1389
2020-07-31_095007_405 480,cracks,403.82855,647.10284
2020-07-31_095007_405 480,cracks,401.43646,625.379
2020-07-31_095007_405 271,cracks,395.83087,622.16077
2020-07-31_095007_405 271,cracks,403.96588,647.2337
2020-07-31_095007_405 271,cracks,401.57434,625.5147
2020-07-31_095007_405 552,cracks,395.76898,622.12634
2020-07-31_095007_405 552,cracks,403.9117,647.2472
2020-07-31_095007_405 552,cracks,401.7449,625.653
2020-07-31_095007_405 506,cracks,395.88235,621.9821
2020-07-31_095007_405 506,cracks,403.88333,647.15906
2020-07-31_095007_405 506,cracks,401.68063,625.4404
2020-07-31_095007_405 611,cracks,395.93854,622.11835
2020-07-31_095007_405 611,cracks,403.90558,647.2455
2020-07-31_095007_405 611,cracks,401.5439,625.44604
2020-07-31_095007_405 175,cracks,395.88776,622.1222
2020-07-31_095007_405 175,cracks,403.7887,647.17804
2020-07-31_095007_405 175,cracks,401.37488,625.35077
2020-07-31_095007_405 424,cracks,395.948,622.0619
2020-07-31_095007_405 219,cracks,395.82568,622.1173
2020-07-31_095007_405 508,cracks,395.74896,622.13043
2020-07-31_095007_405 382,cracks,395.7965,622.1535
2020-07-31_095007_405 182,cracks,395.83307,622.19794
2020-07-31_095007_405 362,cracks,395.9653,622.1452
2020-07-31_095007_405 499,cracks,396.10352,622.18787
2020-07-31_095007_405 020,cracks,395.87744,622.0557
2020-07-31_095007_405 107,cracks,395.8492,622.15393
2020-07-31_095007_405 601,cracks,395.92764,622.11365
2020-07-31_095007_405 782,cracks,395.76193,622.08344
2020-07-31_095007_405 517,cracks,395.9537,622.13806
2020-07-31_095007_405 339,cracks,395.87158,622.0823
2020-07-31_095007_405 232,cracks,395.81558,622.13043
2020-07-31_095007_405 285,cracks,395.92557,622.10675
2020-07-31_095007_405 202,cracks,395.94894,622.14954
2020-07-31_095007_405 316,cracks,395.88123,622.1176
2020-07-31_095007_405 628,cracks,395.91147,622.0718
2020-07-31_095007_405 262,cracks,395.9012,622.05255
2020-07-31_095007_405 555,cracks,395.77615,622.12317
2020-07-31_095007_405 170,cracks,395.8469,622.105
2020-07-31_095007_405 644,cracks,396.02048,622.15765
2020-07-31_095007_405 021,cracks,395.8472,622.0817
2020-07-31_095007_405 337,cracks,395.90433,622.1326
2020-07-31_095007_405 420,cracks,395.8464,622.08264
2020-07-31_095007_405 133,cracks,395.95282,622.1275
2020-07-31_095007_405 068,cracks,395.93564,622.17236
2020-07-31_095007_405 660,cracks,395.87866,622.18115
2020-07-31_095007_405 780,cracks,395.76926,622.1127
2020-07-31_095007_405 518,cracks,395.81534,622.2361
2020-07-31_095007_405 749,cracks,395.8972,622.1873
2020-07-31_095007_405 559,cracks,395.81107,622.1105
2020-07-31_095007_405 397,cracks,395.9191,622.1414
2020-07-31_095007_405 480,cracks,395.9121,622.1389
2020-07-31_095007_405 271,cracks,395.83087,622.16077
2020-07-31_095007_405 552,cracks,395.76898,622.12634
2020-07-31_095007_405 506,cracks,395.88235,621.9821
2020-07-31_095007_405 611,cracks,395.93854,622.11835
2020-07-31_095007_405 175,cracks,395.88776,622.1222
2020-07-31_095007_405 387,cracks,395.87827,622.11816
2020-07-31_095007_405 103,cracks,395.91046,622.1367
2020-07-31_095007_405 407,cracks,396.05963,622.1363
2020-07-31_095007_405 654,cracks,395.94785,622.1438
2020-07-31_095007_405 608,cracks,395.94772,622.1042
2020-07-31_095007_405 149,cracks,395.8602,622.1356
2020-07-31_095007_405 356,cracks,395.9289,622.0531
2020-07-31_095007_405 655,cracks,395.9799,622.1254
2020-07-31_095007_405 277,cracks,395.8498,622.1678
2020-07-31_095007_405 135,cracks,395.9788,622.17267
2020-07-31_095007_405 386,cracks,395.86816,622.09296
2020-07-31_095007_405 031,cracks,395.85788,622.1237
2020-07-31_095007_405 005,cracks,395.9143,622.08057
2020-07-31_095007_405 626,cracks,395.98734,622.1482
2020-07-31_095007_405 524,cracks,395.9738,622.0561
2020-07-31_095007_405 026,cracks,396.09076,622.1619
2020-07-31_095007_405 256,cracks,395.80896,622.1239
2020-07-31_095007_405 130,cracks,395.9805,622.1316
2020-07-31_095007_405 044,cracks,395.9535,622.1905
2020-07-31_095007_405 718,cracks,395.84998,622.07544
2020-07-31_095007_405 492,cracks,395.9446,622.2513
2020-07-31_095007_405 615,cracks,395.94992,622.0803
2020-07-31_095007_405 755,cracks,395.86856,622.10706
2020-07-31_095007_405 214,cracks,395.96118,622.18146
2020-07-31_095007_405 243,cracks,395.9214,622.1078
2020-07-31_095007_405 035,cracks,395.90048,622.0511
2020-07-31_095007_405 582,cracks,395.99075,622.0351
2020-07-31_095007_405 495,cracks,395.98627,622.2963
2020-07-31_095007_405 229,cracks,395.82303,622.1337
2020-07-31_095007_405 662,cracks,396.01224,622.1479
2020-07-31_095007_405 223,cracks,395.90378,622.2212
2020-07-31_095007_405 050,cracks,395.9428,622.12115
2020-07-31_095007_405 239,cracks,395.96426,622.0831
2020-07-31_095007_405 580,cracks,396.10516,622.18427
2020-07-31_095007_405 374,cracks,396.01703,622.17566
2020-07-31_095007_405 045,cracks,395.92703,622.07794
2020-07-31_095007_405 438,cracks,396.09344,622.16144
2020-07-31_095007_405 577,cracks,395.98505,622.073
2020-07-31_095007_405 730,cracks,395.97568,622.1348
2020-07-31_095007_405 190,cracks,395.91006,622.1219
2020-07-31_095007_405 036,cracks,395.87335,622.08527
2020-07-31_095007_405 363,cracks,395.97385,622.12335
2020-07-31_095007_405 244,cracks,396.0246,622.09503
2020-07-31_095007_405 607,cracks,395.87485,622.13654
2020-07-31_095007_405 342,cracks,395.93158,622.0415
2020-07-31_095007_405 800,cracks,395.8524,622.05096
2020-07-31_095007_405 331,cracks,395.82498,622.12274
2020-07-31_095007_405 364,cracks,395.90768,622.1089
new0,cracks,395.81555,622.0576
2020-07-31_095007_405 067,cracks,395.92996,622.1816
2020-07-31_095007_405 278,cracks,395.86038,622.16583
2020-07-31_095007_405 412,cracks,395.858,622.12476
2020-07-31_095007_405 796,cracks,395.76337,622.0109
2020-07-31_095007_405 267,cracks,395.92877,622.1051
2020-07-31_095007_405 381,cracks,395.9399,622.0236
2020-07-31_095007_405 062,cracks,395.87106,622.0807
2020-07-31_095007_405 150,cracks,395.92474,622.1496
2020-07-31_095007_405 398,cracks,395.9813,622.13074
2020-07-31_095007_405 652,cracks,395.98813,622.09265
2020-07-31_095007_405 471,cracks,395.87234,622.1395
2020-07-31_095007_405 399,cracks,395.86768,622.1485
2020-07-31_095007_405 293,cracks,395.70117,623.00275
2020-07-31_095007_405 240,cracks,395.71423,623.0371
2020-07-31_095007_405 690,cracks,395.74768,623.04987
2020-07-31_095007_405 667,cracks,395.76892,623.00366
2020-07-31_095007_405 520,cracks,395.7913,623.07355
2020-07-31_095007_405 380,cracks,395.74023,622.99
2020-07-31_095007_405 523,cracks,395.69577,622.92993
2020-07-31_095007_405 421,cracks,395.77228,622.90753
2020-07-31_095007_405 136,cracks,395.75278,622.9899
2020-07-31_095007_405 714,cracks,395.68088,623.0483
2020-07-31_095007_405 529,cracks,395.63696,623.05676
2020-07-31_095007_405 793,cracks,395.5332,622.89417
2020-07-31_095007_405 797,cracks,395.61612,622.9525
2020-07-31_095007_405 468,cracks,395.69955,623.0007
2020-07-31_095007_405 012,cracks,395.6323,622.95575
2020-07-31_095007_405 415,cracks,395.78006,622.99536
2020-07-31_095007_405 481,cracks,395.6925,623.04785
2020-07-31_095007_405 469,cracks,395.71667,622.99274
2020-07-31_095007_405 406,cracks,395.79977,622.9584
2020-07-31_095007_405 464,cracks,395.82993,623.00586
2020-07-31_095007_405 462,cracks,395.70026,623.01056
2020-07-31_095007_405 595,cracks,395.8963,623.0573
2020-07-31_095007_405 138,cracks,395.7426,623.0354
2020-07-31_095007_405 092,cracks,395.7802,623.01324
2020-07-31_095007_405 074,cracks,395.77826,622.9556
2020-07-31_095007_405 606,cracks,395.73972,622.9932
2020-07-31_095007_405 126,cracks,395.77826,623.02405
2020-07-31_095007_405 288,cracks,395.843,622.98785
2020-07-31_095007_405 282,cracks,395.74292,622.9873
2020-07-31_095007_405 596,cracks,395.7763,622.9295
2020-07-31_095007_405 637,cracks,395.79922,623.0406
2020-07-31_095007_405 502,cracks,395.8523,623.11115
2020-07-31_095007_405 275,cracks,395.7333,622.9753
2020-07-31_095007_405 013,cracks,395.7506,623.04706
2020-07-31_095007_405 490,cracks,395.81308,623.014
2020-07-31_095007_405 736,cracks,395.79828,622.91284
2020-07-31_095007_405 358,cracks,395.81604,622.9142
2020-07-31_095007_405 711,cracks,395.76566,622.93634
2020-07-31_095007_405 659,cracks,395.84064,623.00446
2020-07-31_095007_405 113,cracks,395.71045,623.0105
2020-07-31_095007_405 676,cracks,395.62894,623.0175
2020-07-31_095007_405 215,cracks,395.77805,623.0274
2020-07-31_095007_405 668,cracks,395.87036,622.9768
2020-07-31_095007_405 237,cracks,395.69717,623.04083
2020-07-31_095007_405 061,cracks,395.622,622.9601
2020-07-31_095007_405 441,cracks,395.83017,622.94073
2020-07-31_095007_405 314,cracks,395.80917,622.9279
2020-07-31_095007_405 245,cracks,395.69727,623.0205
2020-07-31_095007_405 592,cracks,395.80542,623.0262
2020-07-31_095007_405 536,cracks,395.7364,623.1205
2020-07-31_095007_405 357,cracks,395.71478,623.0004
2020-07-31_095007_405 209,cracks,395.73615,622.98267
2020-07-31_095007_405 729,cracks,395.79224,622.90985
2020-07-31_095007_405 715,cracks,395.8032,623.047
2020-07-31_095007_405 542,cracks,395.88358,623.02576
2020-07-31_095007_405 804,cracks,395.75507,622.99585
2020-07-31_095007_405 604,cracks,395.76736,622.9
2020-07-31_095007_405 500,cracks,395.87268,623.011
2020-07-31_095007_405 442,cracks,395.85593,622.9402
2020-07-31_095007_405 283,cracks,395.54413,622.9311
2020-07-31_095007_405 688,cracks,395.7313,622.9639
2020-07-31_095007_405 032,cracks,395.6892,622.9736
2020-07-31_095007_405 554,cracks,395.53287,623.00745
2020-07-31_095007_405 298,cracks,395.6242,622.9119
2020-07-31_095007_405 483,cracks,395.72305,623.00586
2020-07-31_095007_405 119,cracks,395.55853,622.9165
2020-07-31_095007_405 196,cracks,395.79572,623.04956
2020-07-31_095007_405 679,cracks,395.7449,622.9435
2020-07-31_095007_405 049,cracks,395.82855,623.0572
2020-07-31_095007_405 102,cracks,395.75235,622.96704
2020-07-31_095007_405 086,cracks,395.7433,623.036
2020-07-31_095007_405 396,cracks,395.82495,622.9215
2020-07-31_095007_405 790,cracks,395.54938,622.9546
2020-07-31_095007_405 224,cracks,395.72495,622.99207
2020-07-31_095007_405 197,cracks,395.69388,622.9402
2020-07-31_095007_405 059,cracks,395.77795,623.03076
2020-07-31_095007_405 635,cracks,395.75787,623.0324
2020-07-31_095007_405 493,cracks,395.82944,623.0368
2020-07-31_095007_405 153,cracks,395.8151,622.99243
2020-07-31_095007_405 787,cracks,395.5955,622.96027
2020-07-31_095007_405 080,cracks,395.76624,622.9847
2020-07-31_095007_405 541,cracks,395.66727,623.11096
2020-07-31_095007_405 678,cracks,395.65912,623.0235
2020-07-31_095007_405 167,cracks,395.7376,623.04047
2020-07-31_095007_405 264,cracks,395.86108,623.07495
2020-07-31_095007_405 612,cracks,395.79483,622.9911
2020-07-31_095007_405 023,cracks,395.7548,623.0215
2020-07-31_095007_405 168,cracks,395.79343,623.01416
2020-07-31_095007_405 429,cracks,395.83154,622.9853
2020-07-31_095007_405 545,cracks,395.8445,623.0943
2020-07-31_095007_405 008,cracks,395.75867,622.93524
2020-07-31_095007_405 315,cracks,395.71902,622.91003
2020-07-31_095007_405 416,cracks,395.86874,623.06036
2020-07-31_095007_405 544,cracks,395.8755,623.08716
2020-07-31_095007_405 385,cracks,395.81146,622.9446
2020-07-31_095007_405 758,cracks,395.7307,622.9805
2020-07-31_095007_405 241,cracks,395.76617,622.9724
2020-07-31_095007_405 389,cracks,395.79617,623.0483
2020-07-31_095007_405 748,cracks,395.71942,623.0196
2020-07-31_095007_405 487,cracks,395.83456,622.99976
2020-07-31_095007_405 716,cracks,396.51053,624.6905
2020-07-31_095007_405 591,cracks,396.58585,624.59485
2020-07-31_095007_405 194,cracks,396.51642,624.6814
2020-07-31_095007_405 532,cracks,396.5173,624.8808
2020-07-31_095007_405 097,cracks,396.5589,624.61896
2020-07-31_095007_405 727,cracks,396.55994,624.6073
2020-07-31_095007_405 001,cracks,396.52017,624.6397
2020-07-31_095007_405 785,cracks,396.39133,624.537
2020-07-31_095007_405 236,cracks,396.55722,624.71747
2020-07-31_095007_405 199,cracks,396.53424,624.7204
2020-07-31_095007_405 693,cracks,396.5124,624.6089
2020-07-31_095007_405 757,cracks,396.579,624.6708
2020-07-31_095007_405 106,cracks,396.5013,624.673
2020-07-31_095007_405 631,cracks,396.58774,624.6663
2020-07-31_095007_405 373,cracks,396.57022,624.6848
2020-07-31_095007_405 572,cracks,396.75735,624.7253
2020-07-31_095007_405 509,cracks,396.3947,624.6349
2020-07-31_095007_405 043,cracks,396.54504,624.61615
2020-07-31_095007_405 519,cracks,396.57706,624.72144
2020-07-31_095007_405 677,cracks,396.52567,624.59814
2020-07-31_095007_405 776,cracks,396.48495,624.5579
2020-07-31_095007_405 015,cracks,396.566,624.6127
2020-07-31_095007_405 334,cracks,396.5303,624.53925
2020-07-31_095007_405 473,cracks,396.53308,624.69916
2020-07-31_095007_405 405,cracks,396.69376,624.6875
2020-07-31_095007_405 069,cracks,396.62402,624.6132
2020-07-31_095007_405 051,cracks,396.56668,624.6301
2020-07-31_095007_405 779,cracks,396.48843,624.6172
2020-07-31_095007_405 593,cracks,396.69415,624.63354
2020-07-31_095007_405 180,cracks,396.60046,624.68677
2020-07-31_095007_405 636,cracks,396.7225,624.67566
2020-07-31_095007_405 352,cracks,396.6457,624.636
2020-07-31_095007_405 242,cracks,396.59668,624.69196
2020-07-31_095007_405 534,cracks,396.59888,624.8743
2020-07-31_095007_405 742,cracks,396.44086,624.5867
2020-07-31_095007_405 433,cracks,396.51437,624.6256
2020-07-31_095007_405 312,cracks,396.64343,624.5846
2020-07-31_095007_405 685,cracks,396.5531,624.64825
2020-07-31_095007_405 719,cracks,396.57947,624.60297
2020-07-31_095007_405 760,cracks,396.4016,624.68964
2020-07-31_095007_405 295,cracks,396.57678,624.6726
2020-07-31_095007_405 179,cracks,396.52887,624.6943
2020-07-31_095007_405 096,cracks,396.54584,624.6292
2020-07-31_095007_405 290,cracks,396.5667,624.654
2020-07-31_095007_405 759,cracks,396.48853,624.6314
2020-07-31_095007_405 333,cracks,396.5729,624.6484
2020-07-31_095007_405 762,cracks,396.49622,624.7001
2020-07-31_095007_405 052,cracks,396.64688,624.6793
2020-07-31_095007_405 731,cracks,396.66666,624.599
2020-07-31_095007_405 538,cracks,396.66443,624.75415
2020-07-31_095007_405 254,cracks,396.615,624.64197
2020-07-31_095007_405 645,cracks,396.5545,624.6575
2020-07-31_095007_405 246,cracks,396.5549,624.6545
2020-07-31_095007_405 712,cracks,396.5542,624.6434
2020-07-31_095007_405 475,cracks,396.5045,624.62646
2020-07-31_095007_405 459,cracks,396.65512,624.6308
2020-07-31_095007_405 276,cracks,396.62518,624.6546
2020-07-31_095007_405 682,cracks,396.62628,624.62885
2020-07-31_095007_405 228,cracks,396.59857,624.6399
2020-07-31_095007_405 204,cracks,396.60007,624.63824
2020-07-31_095007_405 311,cracks,396.56418,624.61743
2020-07-31_095007_405 330,cracks,396.57776,624.69824
2020-07-31_095007_405 305,cracks,396.57266,624.57745
2020-07-31_095007_405 503,cracks,396.6628,624.79297
2020-07-31_095007_405 792,cracks,396.31653,624.489
2020-07-31_095007_405 425,cracks,396.6904,624.6501
2020-07-31_095007_405 496,cracks,396.6588,624.71954
2020-07-31_095007_405 258,cracks,396.6406,624.65045
2020-07-31_095007_405 101,cracks,396.5843,624.62494
2020-07-31_095007_405 104,cracks,396.64233,624.6536
2020-07-31_095007_405 082,cracks,396.56024,624.6214
2020-07-31_095007_405 680,cracks,396.47968,624.5963
2020-07-31_095007_405 351,cracks,396.59692,624.5883
2020-07-31_095007_405 281,cracks,396.64246,624.68976
2020-07-31_095007_405 065,cracks,396.5194,624.6666
2020-07-31_095007_405 172,cracks,396.60315,624.6778
2020-07-31_095007_405 171,cracks,396.65402,624.6435
2020-07-31_095007_405 034,cracks,396.5622,624.676
2020-07-31_095007_405 774,cracks,396.47247,624.54834
2020-07-31_095007_405 189,cracks,396.5183,624.619
2020-07-31_095007_405 218,cracks,396.58395,624.6686
2020-07-31_095007_405 087,cracks,396.6439,624.7225
2020-07-31_095007_405 203,cracks,396.6679,624.60077
2020-07-31_095007_405 323,cracks,396.55783,624.65594
2020-07-31_095007_405 531,cracks,396.59073,624.785
2020-07-31_095007_405 210,cracks,396.55103,624.68066
2020-07-31_095007_405 123,cracks,396.6317,624.67413
2020-07-31_095007_405 400,cracks,396.521,624.66296
2020-07-31_095007_405 336,cracks,396.6996,624.6655
2020-07-31_095007_405 359,cracks,396.6117,624.5758
2020-07-31_095007_405 422,cracks,396.68628,624.6642
2020-07-31_095007_405 586,cracks,396.5794,624.58344
2020-07-31_095007_405 724,cracks,396.44852,624.5476
2020-07-31_095007_405 004,cracks,396.65173,624.6441
2020-07-31_095007_405 163,cracks,396.49286,624.64435
2020-07-31_095007_405 753,cracks,396.50394,624.611
2020-07-31_095007_405 624,cracks,396.67053,624.6557
2020-07-31_095007_405 771,cracks,396.4766,624.67633
2020-07-31_095007_405 372,cracks,396.6039,624.64636
2020-07-31_095007_405 308,cracks,396.605,624.6675
2020-07-31_095007_405 616,cracks,394.8184,624.9689
2020-07-31_095007_405 270,cracks,394.8003,624.9299
2020-07-31_095007_405 110,cracks,394.76605,624.9814
2020-07-31_095007_405 273,cracks,394.9285,625.0786
2020-07-31_095007_405 247,cracks,394.79922,625.03467
2020-07-31_095007_405 498,cracks,395.16953,625.1422
2020-07-31_095007_405 619,cracks,394.88654,625.075
2020-07-31_095007_405 602,cracks,394.90894,624.9186
2020-07-31_095007_405 522,cracks,395.03226,625.01935
2020-07-31_095007_405 414,cracks,394.94302,625.0097
2020-07-31_095007_405 319,cracks,394.81656,625.0193
2020-07-31_095007_405 641,cracks,394.84604,624.9808
2020-07-31_095007_405 505,cracks,395.01663,625.24347
2020-07-31_095007_405 418,cracks,394.83484,625.0038
2020-07-31_095007_405 033,cracks,394.77063,624.97015
2020-07-31_095007_405 346,cracks,394.8475,624.9654
2020-07-31_095007_405 377,cracks,394.9151,625.00574
2020-07-31_095007_405 335,cracks,394.84045,625.0143
2020-07-31_095007_405 390,cracks,394.90054,624.99475
2020-07-31_095007_405 788,cracks,394.63858,624.94354
2020-07-31_095007_405 783,cracks,394.74432,624.9039
2020-07-31_095007_405 767,cracks,394.6977,624.99567
2020-07-31_095007_405 750,cracks,394.76956,624.97577
2020-07-31_095007_405 470,cracks,394.83356,625.01807
2020-07-31_095007_405 650,cracks,394.99606,625.0281
2020-07-31_095007_405 187,cracks,394.7993,625.0081
2020-07-31_095007_405 009,cracks,394.818,625.0029
2020-07-31_095007_405 687,cracks,394.83167,625.06177
2020-07-31_095007_405 795,cracks,394.69647,624.9074
2020-07-31_095007_405 257,cracks,394.9141,624.91095
2020-07-31_095007_405 071,cracks,394.8223,624.9632
2020-07-31_095007_405 137,cracks,394.90982,624.9995
2020-07-31_095007_405 030,cracks,394.86227,624.9595
2020-07-31_095007_405 105,cracks,394.77576,624.9379
2020-07-31_095007_405 743,cracks,394.7579,624.9556
2020-07-31_095007_405 535,cracks,394.78912,625.1495
2020-07-31_095007_405 177,cracks,394.7529,625.017
2020-07-31_095007_405 040,cracks,394.77505,624.87695
2020-07-31_095007_405 116,cracks,394.73422,624.99963
2020-07-31_095007_405 142,cracks,394.77927,625.00385
2020-07-31_095007_405 695,cracks,394.8067,624.9701
2020-07-31_095007_405 485,cracks,394.9014,624.9448
2020-07-31_095007_405 145,cracks,394.79544,625.04407
2020-07-31_095007_405 670,cracks,394.804,624.9914
2020-07-31_095007_405 708,cracks,394.83194,624.88293
2020-07-31_095007_405 098,cracks,394.84024,625.02185
2020-07-31_095007_405 188,cracks,394.89755,625.03107
2020-07-31_095007_405 134,cracks,394.83096,625.0262
2020-07-31_095007_405 653,cracks,394.94196,624.9225
2020-07-31_095007_405 016,cracks,394.83118,624.9828
2020-07-31_095007_405 111,cracks,394.85788,625.0678
2020-07-31_095007_405 558,cracks,394.78714,624.98474
2020-07-31_095007_405 435,cracks,394.86542,624.93756
2020-07-31_095007_405 550,cracks,394.77118,625.06024
2020-07-31_095007_405 166,cracks,394.842,625.06805
2020-07-31_095007_405 666,cracks,394.87646,624.9697
2020-07-31_095007_405 457,cracks,394.95615,624.96045
2020-07-31_095007_405 455,cracks,395.00195,625.0307
2020-07-31_095007_405 141,cracks,394.84412,625.0841
2020-07-31_095007_405 584,cracks,394.9179,624.93896
2020-07-31_095007_405 563,cracks,394.89633,624.925
2020-07-31_095007_405 338,cracks,394.83154,625.0245
2020-07-31_095007_405 370,cracks,394.82288,625.029
2020-07-31_095007_405 304,cracks,394.85214,624.99347
2020-07-31_095007_405 773,cracks,394.7649,625.004
2020-07-31_095007_405 234,cracks,394.72424,624.9679
2020-07-31_095007_405 802,cracks,394.69467,624.79913
2020-07-31_095007_405 530,cracks,394.643,625.241
2020-07-31_095007_405 289,cracks,394.795,625.06537
2020-07-31_095007_405 260,cracks,394.94537,624.9928
2020-07-31_095007_405 446,cracks,394.83316,625.0586
2020-07-31_095007_405 540,cracks,394.55624,624.9694
2020-07-31_095007_405 643,cracks,394.89404,625.01263
2020-07-31_095007_405 183,cracks,394.89334,624.9855
2020-07-31_095007_405 321,cracks,394.77646,624.9661
2020-07-31_095007_405 456,cracks,394.98886,625.00977
2020-07-31_095007_405 460,cracks,394.91992,625.04584
2020-07-31_095007_405 401,cracks,394.89154,625.059
2020-07-31_095007_405 047,cracks,394.6844,625.00494
2020-07-31_095007_405 250,cracks,394.77124,624.99854
2020-07-31_095007_405 060,cracks,394.8111,624.9728
2020-07-31_095007_405 094,cracks,394.77707,625.00446
2020-07-31_095007_405 745,cracks,394.70547,624.93536
2020-07-31_095007_405 630,cracks,394.97928,625.0424
2020-07-31_095007_405 326,cracks,394.80383,624.97437
2020-07-31_095007_405 764,cracks,394.87845,625.026
2020-07-31_095007_405 108,cracks,394.8121,624.98224
2020-07-31_095007_405 546,cracks,394.81747,625.06616
2020-07-31_095007_405 618,cracks,394.89594,625.0281
2020-07-31_095007_405 777,cracks,394.68454,624.7963
2020-07-31_095007_405 003,cracks,394.76654,624.9209
2020-07-31_095007_405 656,cracks,394.7924,625.02954
2020-07-31_095007_405 478,cracks,394.855,625.00507
2020-07-31_095007_405 408,cracks,394.77524,624.9346
2020-07-31_095007_405 347,cracks,394.88968,624.96985
2020-07-31_095007_405 723,cracks,394.93066,624.9113
2020-07-31_095007_405 227,cracks,394.78845,625.0323
2020-07-31_095007_405 463,cracks,394.84802,625.012
2020-07-31_095007_405 769,cracks,394.6234,624.96
2020-07-31_095007_405 627,cracks,394.8611,624.95233
2020-07-31_095007_405 805,cracks,395.5948,625.8993
2020-07-31_095007_405 553,cracks,395.66745,625.93274
2020-07-31_095007_405 647,cracks,395.70755,625.867
2020-07-31_095007_405 768,cracks,395.53937,625.8225
2020-07-31_095007_405 610,cracks,395.9025,625.91547
2020-07-31_095007_405 213,cracks,395.62262,625.8835
2020-07-31_095007_405 039,cracks,395.66562,625.8845
2020-07-31_095007_405 310,cracks,395.5674,625.9229
2020-07-31_095007_405 740,cracks,395.61734,625.8991
2020-07-31_095007_405 651,cracks,395.71008,625.82996
2020-07-31_095007_405 344,cracks,395.68808,625.928
2020-07-31_095007_405 673,cracks,395.59088,625.77734
2020-07-31_095007_405 122,cracks,395.72092,625.96216
2020-07-31_095007_405 230,cracks,395.65247,626.00867
2020-07-31_095007_405 072,cracks,395.72232,625.97876
2020-07-31_095007_405 302,cracks,395.59158,625.846
2020-07-31_095007_405 200,cracks,395.66565,625.9663
2020-07-31_095007_405 439,cracks,395.72546,625.9606
2020-07-31_095007_405 599,cracks,395.76913,625.84454
2020-07-31_095007_405 144,cracks,395.66003,625.9038
2020-07-31_095007_405 738,cracks,395.6723,625.97296
2020-07-31_095007_405 772,cracks,395.56046,625.77344
2020-07-31_095007_405 053,cracks,395.72205,625.9511
2020-07-31_095007_405 375,cracks,395.55856,625.8722
2020-07-31_095007_405 543,cracks,395.66766,625.9653
2020-07-31_095007_405 449,cracks,395.72516,625.84393
2020-07-31_095007_405 638,cracks,395.6866,625.8457
2020-07-31_095007_405 208,cracks,395.71796,625.88885
2020-07-31_095007_405 147,cracks,395.65015,625.9796
2020-07-31_095007_405 345,cracks,395.6724,625.8878
2020-07-31_095007_405 091,cracks,395.67325,625.9707
2020-07-31_095007_405 195,cracks,395.69925,625.88806
2020-07-31_095007_405 024,cracks,395.635,625.8862
2020-07-31_095007_405 484,cracks,395.678,625.92426
2020-07-31_095007_405 156,cracks,395.6984,625.9208
2020-07-31_095007_405 261,cracks,395.65164,625.963
2020-07-31_095007_405 120,cracks,395.65543,625.86597
2020-07-31_095007_405 561,cracks,395.84888,625.88794
2020-07-31_095007_405 526,cracks,395.65375,626.0009
2020-07-31_095007_405 148,cracks,395.6362,625.847
2020-07-31_095007_405 084,cracks,395.74417,625.8991
2020-07-31_095007_405 348,cracks,395.63132,625.8381
2020-07-31_095007_405 198,cracks,395.7363,625.9351
2020-07-31_095007_405 440,cracks,395.81955,625.99335
2020-07-31_095007_405 565,cracks,395.72913,625.9349
2020-07-31_095007_405 761,cracks,395.62384,625.83813
2020-07-31_095007_405 286,cracks,395.69708,625.9368
2020-07-31_095007_405 675,cracks,395.68204,625.9261
2020-07-31_095007_405 430,cracks,395.6441,625.86304
2020-07-31_095007_405 324,cracks,395.69022,625.85114
2020-07-31_095007_405 527,cracks,395.6302,625.9134
2020-07-31_095007_405 162,cracks,395.6389,625.9307
2020-07-31_095007_405 114,cracks,395.6278,625.9302
2020-07-31_095007_405 444,cracks,395.7424,625.9983
2020-07-31_095007_405 417,cracks,395.78738,625.9294
2020-07-31_095007_405 158,cracks,395.77475,625.92377
2020-07-31_095007_405 751,cracks,395.5814,625.8868
2020-07-31_095007_405 193,cracks,395.69897,625.98
2020-07-31_095007_405 206,cracks,395.70056,625.9056
2020-07-31_095007_405 781,cracks,395.5755,625.9018
2020-07-31_095007_405 482,cracks,395.7003,625.8477
2020-07-31_095007_405 048,cracks,395.70828,625.9175
2020-07-31_095007_405 474,cracks,395.6785,625.874
2020-07-31_095007_405 452,cracks,395.77655,625.9219
2020-07-31_095007_405 296,cracks,395.78036,625.885
2020-07-31_095007_405 410,cracks,395.72293,625.86804
2020-07-31_095007_405 488,cracks,395.82822,625.88983
2020-07-31_095007_405 803,cracks,395.57327,625.8486
2020-07-31_095007_405 002,cracks,395.72873,625.8834
2020-07-31_095007_405 127,cracks,395.61884,625.9444
2020-07-31_095007_405 109,cracks,395.6468,625.9594
2020-07-31_095007_405 409,cracks,395.64667,625.9503
2020-07-31_095007_405 549,cracks,395.64825,625.9091
2020-07-31_095007_405 507,cracks,395.63998,625.99286
2020-07-31_095007_405 164,cracks,395.6321,625.92303
2020-07-31_095007_405 571,cracks,395.89175,625.8907
2020-07-31_095007_405 010,cracks,395.68274,625.8963
2020-07-31_095007_405 201,cracks,395.57144,625.8935
2020-07-31_095007_405 173,cracks,395.6628,625.93286
2020-07-31_095007_405 157,cracks,395.66525,625.8636
2020-07-31_095007_405 140,cracks,395.5714,625.8699
2020-07-31_095007_405 512,cracks,395.6957,625.86896
2020-07-31_095007_405 521,cracks,395.63986,625.8407
2020-07-31_095007_405 573,cracks,395.71606,625.90155
2020-07-31_095007_405 756,cracks,395.62195,625.88324
2020-07-31_095007_405 557,cracks,395.71936,625.9334
2020-07-31_095007_405 014,cracks,395.6924,625.98755
2020-07-31_095007_405 633,cracks,395.67535,625.86816
2020-07-31_095007_405 376,cracks,395.53665,625.8077
2020-07-31_095007_405 578,cracks,395.8356,625.9112
2020-07-31_095007_405 770,cracks,395.59998,625.8564
2020-07-31_095007_405 287,cracks,395.65652,625.91956
2020-07-31_095007_405 327,cracks,395.71558,625.81854
2020-07-31_095007_405 447,cracks,395.7809,625.90656
2020-07-31_095007_405 022,cracks,395.75546,625.9413
2020-07-31_095007_405 589,cracks,395.77423,625.93256
2020-07-31_095007_405 590,cracks,395.7449,625.93915
2020-07-31_095007_405 131,cracks,395.6771,625.93774
2020-07-31_095007_405 174,cracks,395.64777,625.8703
2020-07-31_095007_405 284,cracks,395.69122,625.8958
2020-07-31_095007_405 041,cracks,396.06253,627.04926
2020-07-31_095007_405 497,cracks,396.32797,627.2601
2020-07-31_095007_405 184,cracks,396.00464,627.0331
2020-07-31_095007_405 029,cracks,396.05914,627.1099
2020-07-31_095007_405 799,cracks,395.74103,626.8894
2020-07-31_095007_405 728,cracks,396.0652,627.02844
2020-07-31_095007_405 491,cracks,396.1797,627.23846
2020-07-31_095007_405 037,cracks,395.94916,627.0081
2020-07-31_095007_405 350,cracks,395.99142,626.99927
2020-07-31_095007_405 609,cracks,395.9747,626.9481
2020-07-31_095007_405 436,cracks,396.05136,627.03107
2020-07-31_095007_405 696,cracks,396.04266,627.0441
2020-07-31_095007_405 125,cracks,395.9773,627.08105
2020-07-31_095007_405 343,cracks,395.9234,627.1365
2020-07-31_095007_405 392,cracks,396.13766,627.0373
2020-07-31_095007_405 073,cracks,395.97604,627.0578
2020-07-31_095007_405 794,cracks,395.88483,626.9522
2020-07-31_095007_405 038,cracks,395.9051,627.0134
2020-07-31_095007_405 292,cracks,396.01797,627.1163
2020-07-31_095007_405 516,cracks,395.9817,627.02167
2020-07-31_095007_405 726,cracks,395.94656,626.94354
2020-07-31_095007_405 646,cracks,396.00873,627.0486
2020-07-31_095007_405 423,cracks,396.00644,627.03906
2020-07-31_095007_405 402,cracks,396.04587,627.0551
2020-07-31_095007_405 451,cracks,396.09903,627.0143
2020-07-31_095007_405 684,cracks,396.04196,627.07495
2020-07-31_095007_405 253,cracks,396.04736,627.0528
2020-07-31_095007_405 698,cracks,395.99243,627.07666
2020-07-31_095007_405 551,cracks,396.1145,627.08795
2020-07-31_095007_405 353,cracks,395.9688,626.97046
2020-07-31_095007_405 255,cracks,396.15063,627.0555
2020-07-31_095007_405 528,cracks,396.05292,627.02875
2020-07-31_095007_405 154,cracks,396.0564,627.1379
2020-07-31_095007_405 117,cracks,395.95615,627.0567
2020-07-31_095007_405 454,cracks,396.12308,627.0782
2020-07-31_095007_405 054,cracks,396.11813,627.04895
2020-07-31_095007_405 706,cracks,396.014,627.02966
2020-07-31_095007_405 027,cracks,396.00592,627.04785
2020-07-31_095007_405 222,cracks,396.05154,627.086
2020-07-31_095007_405 734,cracks,396.1482,627.0369
2020-07-31_095007_405 510,cracks,396.09055,627.1175
2020-07-31_095007_405 248,cracks,396.0136,627.0696
2020-07-31_095007_405 259,cracks,396.02292,627.0627
2020-07-31_095007_405 432,cracks,395.9217,627.03766
2020-07-31_095007_405 588,cracks,396.08206,627.0835
2020-07-31_095007_405 361,cracks,395.95554,626.98535
2020-07-31_095007_405 754,cracks,396.0623,626.9913
2020-07-31_095007_405 437,cracks,396.10913,627.0516
2020-07-31_095007_405 689,cracks,395.92386,627.0807
2020-07-31_095007_405 710,cracks,396.0747,627.09033
2020-07-31_095007_405 701,cracks,395.98044,626.9476
2020-07-31_095007_405 598,cracks,396.04575,627.03674
2020-07-31_095007_405 617,cracks,396.09625,627.07355
2020-07-31_095007_405 539,cracks,395.9506,627.0718
2020-07-31_095007_405 332,cracks,396.1102,627.077
2020-07-31_095007_405 732,cracks,396.06015,626.9979
2020-07-31_095007_405 661,cracks,396.00095,627.06433
2020-07-31_095007_405 789,cracks,395.80536,626.9937
2020-07-31_095007_405 717,cracks,396.00684,626.96173
2020-07-31_095007_405 579,cracks,396.14484,627.15735
2020-07-31_095007_405 221,cracks,396.0226,627.1569
2020-07-31_095007_405 513,cracks,395.98517,626.9792
2020-07-31_095007_405 307,cracks,396.04684,626.99164
2020-07-31_095007_405 320,cracks,396.0812,626.935
2020-07-31_095007_405 055,cracks,395.96487,627.106
2020-07-31_095007_405 192,cracks,396.00873,627.05054
2020-07-31_095007_405 028,cracks,395.9667,627.016
2020-07-31_095007_405 057,cracks,396.0102,627.07275
2020-07-31_095007_405 017,cracks,396.0803,627.04395
2020-07-31_095007_405 367,cracks,396.0156,627.1082
2020-07-31_095007_405 212,cracks,396.0818,627.0771
2020-07-31_095007_405 566,cracks,396.0341,626.9911
2020-07-31_095007_405 089,cracks,395.88947,627.0063
2020-07-31_095007_405 746,cracks,395.89865,627.0094
2020-07-31_095007_405 355,cracks,396.02322,627.01685
2020-07-31_095007_405 765,cracks,395.83615,626.97845
2020-07-31_095007_405 297,cracks,396.0141,626.98236
2020-07-31_095007_405 426,cracks,396.13187,627.07104
2020-07-31_095007_405 220,cracks,395.94974,627.11176
2020-07-31_095007_405 006,cracks,396.10617,627.0773
2020-07-31_095007_405 515,cracks,396.10687,627.0807
2020-07-31_095007_405 383,cracks,396.10162,627.1154
2020-07-31_095007_405 076,cracks,396.02817,627.0349
2020-07-31_095007_405 391,cracks,395.98474,627.0727
2020-07-31_095007_405 025,cracks,396.09775,627.0058
2020-07-31_095007_405 587,cracks,396.05002,627.06226
2020-07-31_095007_405 568,cracks,396.16214,627.02734
2020-07-31_095007_405 365,cracks,396.00885,626.9984
2020-07-31_095007_405 713,cracks,395.95654,626.9959
2020-07-31_095007_405 567,cracks,396.12512,627.0744
2020-07-31_095007_405 657,cracks,395.94336,627.02344
2020-07-31_095007_405 328,cracks,396.0722,627.0224
2020-07-31_095007_405 231,cracks,395.9689,627.13916
2020-07-31_095007_405 152,cracks,395.90863,626.9863
2020-07-31_095007_405 461,cracks,395.99173,627.07056
2020-07-31_095007_405 403,cracks,396.0278,627.0083
2020-07-31_095007_405 349,cracks,396.09583,627.0905
2020-07-31_095007_405 702,cracks,395.93045,627.05316
2020-07-31_095007_405 317,cracks,395.98016,627.0783
2020-07-31_095007_405 629,cracks,395.96988,626.9931
2020-07-31_095007_405 431,cracks,395.678,628.06946
2020-07-31_095007_405 737,cracks,395.61493,627.9893
2020-07-31_095007_405 575,cracks,395.66812,628.006
2020-07-31_095007_405 733,cracks,395.50815,628.0063
2020-07-31_095007_405 658,cracks,395.68292,628.07294
2020-07-31_095007_405 642,cracks,395.6995,628.0624
2020-07-31_095007_405 620,cracks,395.6664,627.9438
2020-07-31_095007_405 699,cracks,395.54703,628.0292
2020-07-31_095007_405 369,cracks,395.67386,628.0763
2020-07-31_095007_405 078,cracks,395.72372,628.15875
2020-07-31_095007_405 272,cracks,395.6595,628.0865
2020-07-31_095007_405 252,cracks,395.6497,627.9717
2020-07-31_095007_405 265,cracks,395.593,628.01306
2020-07-31_095007_405 151,cracks,395.61545,628.0713
2020-07-31_095007_405 683,cracks,395.63995,628.0002
2020-07-31_095007_405 263,cracks,395.60992,628.00867
2020-07-31_095007_405 686,cracks,395.56192,628.0076
2020-07-31_095007_405 186,cracks,395.6481,628.04364
2020-07-31_095007_405 560,cracks,395.5875,628.0342
2020-07-31_095007_405 077,cracks,395.5791,627.98846
2020-07-31_095007_405 752,cracks,395.5116,628.03064
2020-07-31_095007_405 368,cracks,395.69336,628.1381
2020-07-31_095007_405 548,cracks,395.61896,628.15314
2020-07-31_095007_405 428,cracks,395.64087,628.03394
2020-07-31_095007_405 450,cracks,395.59317,628.0867
2020-07-31_095007_405 583,cracks,395.72543,628.05133
2020-07-31_095007_405 443,cracks,395.7041,628.0547
2020-07-31_095007_405 763,cracks,395.54785,628.0024
2020-07-31_095007_405 465,cracks,395.66772,628.00104
2020-07-31_095007_405 056,cracks,395.62997,628.0446
2020-07-31_095007_405 434,cracks,395.64844,628.0441
2020-07-31_095007_405 129,cracks,395.66702,628.1176
2020-07-31_095007_405 139,cracks,395.55743,628.08203
2020-07-31_095007_405 325,cracks,395.61276,628.0972
2020-07-31_095007_405 115,cracks,395.61252,628.06287
2020-07-31_095007_405 419,cracks,395.72235,628.04315
2020-07-31_095007_405 639,cracks,395.6914,628.0529
2020-07-31_095007_405 238,cracks,395.66727,628.0594
2020-07-31_095007_405 299,cracks,395.56406,627.98944
2020-07-31_095007_405 632,cracks,395.60324,628.1329
2020-07-31_095007_405 691,cracks,395.5748,628.01636
2020-07-31_095007_405 019,cracks,395.61426,628.09235
2020-07-31_095007_405 614,cracks,395.63995,628.05005
2020-07-31_095007_405 143,cracks,395.60883,628.04144
2020-07-31_095007_405 569,cracks,395.77557,628.0831
2020-07-31_095007_405 623,cracks,395.67572,627.965
2020-07-31_095007_405 329,cracks,395.60013,627.9221
2020-07-31_095007_405 705,cracks,395.52798,628.05615
2020-07-31_095007_405 046,cracks,395.7279,628.02655
2020-07-31_095007_405 404,cracks,395.6271,628.01996
2020-07-31_095007_405 268,cracks,395.64966,628.05884
2020-07-31_095007_405 511,cracks,395.6722,628.0043
2020-07-31_095007_405 185,cracks,395.6933,628.0977
2020-07-31_095007_405 747,cracks,395.65506,628.0633
2020-07-31_095007_405 721,cracks,395.5852,627.98987
2020-07-31_095007_405 700,cracks,395.5765,627.9965
2020-07-31_095007_405 605,cracks,395.6481,628.0993
2020-07-31_095007_405 318,cracks,395.63162,628.0918
2020-07-31_095007_405 100,cracks,395.5865,628.0572
2020-07-31_095007_405 791,cracks,395.4007,627.9998
2020-07-31_095007_405 709,cracks,395.58328,628.1131
2020-07-31_095007_405 395,cracks,395.71683,628.11584
2020-07-31_095007_405 562,cracks,395.67505,628.0105
2020-07-31_095007_405 303,cracks,395.64877,628.01013
2020-07-31_095007_405 079,cracks,395.5878,627.97723
2020-07-31_095007_405 161,cracks,395.71674,628.0883
2020-07-31_095007_405 778,cracks,395.42087,627.92285
2020-07-31_095007_405 340,cracks,395.61633,628.04663
2020-07-31_095007_405 801,cracks,395.4278,627.94385
2020-07-31_095007_405 300,cracks,395.7333,628.02234
2020-07-31_095007_405 225,cracks,395.72217,628.08167
2020-07-31_095007_405 083,cracks,395.6295,627.99243
2020-07-31_095007_405 063,cracks,395.65036,628.0854
2020-07-31_095007_405 694,cracks,395.6865,628.06415
2020-07-31_095007_405 466,cracks,395.6306,628.1391
2020-07-31_095007_405 576,cracks,395.766,628.13794
2020-07-31_095007_405 095,cracks,395.5878,628.00287
2020-07-31_095007_405 600,cracks,395.7496,628.05237
2020-07-31_095007_405 093,cracks,395.5375,628.00464
2020-07-31_095007_405 011,cracks,395.6745,628.0434
2020-07-31_095007_405 622,cracks,395.54617,628.0207
2020-07-31_095007_405 603,cracks,395.6715,628.07715
2020-07-31_095007_405 378,cracks,395.60236,628.0386
2020-07-31_095007_405 486,cracks,395.70636,628.1456
2020-07-31_095007_405 088,cracks,395.63132,628.0535
2020-07-31_095007_405 064,cracks,395.55664,627.9707
2020-07-31_095007_405 384,cracks,395.65567,628.08167
2020-07-31_095007_405 176,cracks,395.59546,628.0758
2020-07-31_095007_405 165,cracks,395.54657,628.1134
2020-07-31_095007_405 280,cracks,395.71387,628.1278
2020-07-31_095007_405 160,cracks,395.65936,628.1597
2020-07-31_095007_405 058,cracks,395.7049,628.0581
2020-07-31_095007_405 042,cracks,395.62714,628.0443
2020-07-31_095007_405 556,cracks,395.54587,628.0522
2020-07-31_095007_405 411,cracks,395.67422,628.1118
2020-07-31_095007_405 360,cracks,395.71085,628.0765
2020-07-31_095007_405 279,cracks,395.68677,628.0302
2020-07-31_095007_405 634,cracks,395.62958,628.05927
2020-07-31_095007_405 393,cracks,395.72305,628.08307
2020-07-31_095007_405 269,cracks,395.6793,628.0463
2020-07-31_095007_405 775,cracks,395.64545,629.1259
2020-07-31_095007_405 501,cracks,395.6778,629.2919
2020-07-31_095007_405 649,cracks,395.63608,629.1423
2020-07-31_095007_405 066,cracks,395.76108,629.3107
2020-07-31_095007_405 124,cracks,395.53705,629.2162
2020-07-31_095007_405 178,cracks,395.65628,629.3418
2020-07-31_095007_405 722,cracks,395.66122,629.2069
2020-07-31_095007_405 007,cracks,395.70746,629.2323
2020-07-31_095007_405 112,cracks,395.60104,629.2029
2020-07-31_095007_405 146,cracks,395.70575,629.2811
2020-07-31_095007_405 458,cracks,395.9613,629.2245
2020-07-31_095007_405 681,cracks,395.6536,629.2131
2020-07-31_095007_405 674,cracks,395.697,629.1507
2020-07-31_095007_405 786,cracks,395.5427,629.1642
2020-07-31_095007_405 169,cracks,395.56625,629.15424
2020-07-31_095007_405 301,cracks,395.56522,629.19543
2020-07-31_095007_405 784,cracks,395.5563,629.1594
2020-07-31_095007_405 366,cracks,395.7865,629.2504
2020-07-31_095007_405 621,cracks,395.8144,629.22284
2020-07-31_095007_405 081,cracks,395.7027,629.2704
2020-07-31_095007_405 707,cracks,395.6396,629.18243
2020-07-31_095007_405 613,cracks,395.8159,629.1844
2020-07-31_095007_405 159,cracks,395.7412,629.18365
2020-07-31_095007_405 479,cracks,395.57343,629.2158
2020-07-31_095007_405 692,cracks,395.72302,629.2194
2020-07-31_095007_405 118,cracks,395.71255,629.30383
2020-07-31_095007_405 669,cracks,395.65903,629.27936
2020-07-31_095007_405 090,cracks,395.6683,629.2712
2020-07-31_095007_405 504,cracks,395.82288,629.3159
2020-07-31_095007_405 099,cracks,395.66962,629.2185
2020-07-31_095007_405 741,cracks,395.66837,629.1503
2020-07-31_095007_405 574,cracks,395.6397,629.17706
2020-07-31_095007_405 514,cracks,395.62274,629.1609
2020-07-31_095007_405 266,cracks,395.61182,629.2351
2020-07-31_095007_405 427,cracks,395.73938,629.30005
2020-07-31_095007_405 640,cracks,395.6838,629.21136
2020-07-31_095007_405 155,cracks,395.66623,629.2581
2020-07-31_095007_405 132,cracks,395.72974,629.2721
2020-07-31_095007_405 394,cracks,395.64316,629.17914
2020-07-31_095007_405 018,cracks,395.7544,629.2648
2020-07-31_095007_405 207,cracks,395.77182,629.2272
2020-07-31_095007_405 313,cracks,395.7613,629.1607
2020-07-31_095007_405 216,cracks,395.65567,629.3148
2020-07-31_095007_405 181,cracks,395.73672,629.1931
2020-07-31_095007_405 322,cracks,395.68283,629.19495
2020-07-31_095007_405 453,cracks,395.7883,629.2019
2020-07-31_095007_405 766,cracks,395.59058,629.0958
2020-07-31_095007_405 648,cracks,395.64368,629.1769
2020-07-31_095007_405 494,cracks,395.79788,629.4481
2020-07-31_095007_405 472,cracks,395.69995,629.26044
2020-07-31_095007_405 205,cracks,395.7563,629.2281
2020-07-31_095007_405 309,cracks,395.60385,629.20496
2020-07-31_095007_405 211,cracks,395.7316,629.2699
2020-07-31_095007_405 665,cracks,395.63672,629.2172
2020-07-31_095007_405 533,cracks,395.51443,629.48267
2020-07-31_095007_405 739,cracks,395.65024,629.23535
2020-07-31_095007_405 581,cracks,395.71066,629.19165
2020-07-31_095007_405 388,cracks,395.74582,629.1741
2020-07-31_095007_405 354,cracks,395.72217,629.17633
2020-07-31_095007_405 597,cracks,395.7247,629.25854
2020-07-31_095007_405 085,cracks,395.7338,629.27484
2020-07-31_095007_405 371,cracks,395.64908,629.19763
2020-07-31_095007_405 467,cracks,395.70276,629.23895
2020-07-31_095007_405 798,cracks,395.522,629.2118
2020-07-31_095007_405 672,cracks,395.70697,629.18036
2020-07-31_095007_405 525,cracks,395.74802,629.23975
2020-07-31_095007_405 720,cracks,395.7466,629.1907
2020-07-31_095007_405 294,cracks,395.66153,629.1857
2020-07-31_095007_405 594,cracks,395.69217,629.2622
2020-07-31_095007_405 251,cracks,395.73145,629.26495
2020-07-31_095007_405 570,cracks,395.77524,629.2872
2020-07-31_095007_405 379,cracks,395.64117,629.23804
2020-07-31_095007_405 564,cracks,395.78644,629.20264
2020-07-31_095007_405 735,cracks,395.6642,629.2116
2020-07-31_095007_405 537,cracks,395.71008,629.28546
2020-07-31_095007_405 306,cracks,395.6325,629.2052
2020-07-31_095007_405 663,cracks,395.76566,629.2499
2020-07-31_095007_405 121,cracks,395.67136,629.2522
2020-07-31_095007_405 413,cracks,395.70767,629.29834
2020-07-31_095007_405 725,cracks,395.5849,629.1688
2020-07-31_095007_405 191,cracks,395.74927,629.2987
2020-07-31_095007_405 703,cracks,395.62338,629.15875
2020-07-31_095007_405 806,cracks,395.5113,629.0622
2020-07-31_095007_405 341,cracks,395.6119,629.20404
2020-07-31_095007_405 274,cracks,395.6093,629.21466
2020-07-31_095007_405 249,cracks,395.76114,629.2227
2020-07-31_095007_405 075,cracks,395.66318,629.2842
2020-07-31_095007_405 448,cracks,395.74463,629.1924
2020-07-31_095007_405 476,cracks,395.52826,629.1274
2020-07-31_095007_405 671,cracks,395.64804,629.2493
2020-07-31_095007_405 445,cracks,395.6826,629.19385
2020-07-31_095007_405 704,cracks,395.7479,629.2215
2020-07-31_095007_405 070,cracks,395.75217,629.2204
2020-07-31_095007_405 226,cracks,395.62674,629.2841
2020-07-31_095007_405 744,cracks,395.598,629.2281
2020-07-31_095007_405 233,cracks,395.70917,629.2573
2020-07-31_095007_405 664,cracks,395.6891,629.22144
2020-07-31_095007_405 625,cracks,395.70425,629.252
2020-07-31_095007_405 217,cracks,395.71054,629.2376
2020-07-31_095007_405 585,cracks,395.74518,629.268
2020-07-31_095007_405 547,cracks,396.365,630.55914
2020-07-31_095007_405 489,cracks,396.46912,630.59644
2020-07-31_095007_405 697,cracks,396.38593,630.50604
2020-07-31_095007_405 128,cracks,396.33426,630.57733
2020-07-31_095007_405 291,cracks,396.2815,630.4555
2020-07-31_095007_405 235,cracks,396.3096,630.5694
2020-07-31_095007_405 477,cracks,396.18518,630.54456
