2020-08-06_101842_759 0946,motion-1,390.47284,209.14096
2020-08-06_101842_759 0641,motion-1,344.23486,210.94554
2020-08-06_101842_759 0826,motion-1,357.4404,205.2985
2020-08-06_101842_759 0792,motion-1,364.46854,208.04295
2020-08-06_101842_759 0874,motion-1,364.16223,207.96722
2020-08-06_101842_759 0844,motion-1,354.4176,204.68265
2020-08-06_101842_759 0407,motion-1,333.7421,205.18823
2020-08-06_101842_759 1133,motion-1,406.90933,211.99933
2020-08-06_101842_759 0410,motion-1,333.77274,206.22356
2020-08-06_101842_759 1602,motion-1,441.32086,205.55162
2020-08-06_101842_759 1151,motion-1,408.69238,201.21223
2020-08-06_101842_759 0257,motion-1,324.74594,205.55489
2020-08-06_101842_759 0862,motion-1,361.23038,210.92322
2020-08-06_101842_759 0227,motion-1,336.3317,205.45079
2020-08-06_101842_759 1506,motion-1,438.8054,209.39767
2020-08-06_101842_759 0088,motion-1,321.0722,205.05951
2020-08-06_101842_759 1132,motion-1,409.10757,211.67004
2020-08-06_101842_759 0919,motion-1,378.56885,211.78711
2020-08-06_101842_759 1651,motion-1,440.5487,205.70534
2020-08-06_101842_759 1149,motion-1,413.80304,200.0068
2020-08-06_101842_759 1303,motion-1,435.7927,206.14767
2020-08-06_101842_759 0440,motion-1,344.46063,206.52815
2020-08-06_101842_759 1050,motion-1,390.47937,197.2157
2020-08-06_101842_759 1535,motion-1,441.10654,205.76506
2020-08-06_101842_759 0058,motion-1,320.8073,205.49239
2020-08-06_101842_759 1251,motion-1,413.14587,212.84587
2020-08-06_101842_759 0913,motion-1,378.73102,202.32439
2020-08-06_101842_759 1348,motion-1,449.1898,207.26735
2020-08-06_101842_759 0070,motion-1,325.5205,202.19073
2020-08-06_101842_759 0354,motion-1,325.21777,206.63396
2020-08-06_101842_759 1317,motion-1,449.74786,209.03673
2020-08-06_101842_759 1363,motion-1,445.53165,204.10893
2020-08-06_101842_759 0091,motion-1,321.2559,204.91878
2020-08-06_101842_759 0163,motion-1,324.51743,205.86345
2020-08-06_101842_759 0483,motion-1,333.9177,204.81535
2020-08-06_101842_759 0204,motion-1,325.98016,206.58856
2020-08-06_101842_759 1254,motion-1,433.97855,214.08734
2020-08-06_101842_759 0109,motion-1,325.37152,201.80821
2020-08-06_101842_759 0317,motion-1,326.49365,206.23363
2020-08-06_101842_759 0061,motion-1,321.1827,204.91182
2020-08-06_101842_759 0345,motion-1,333.63177,205.25244
2020-08-06_101842_759 1032,motion-1,405.99692,213.90326
2020-08-06_101842_759 1349,motion-1,447.4009,207.01675
2020-08-06_101842_759 0318,motion-1,325.74124,206.15959
2020-08-06_101842_759 0034,motion-1,325.60184,201.99474
2020-08-06_101842_759 0374,motion-1,333.86566,204.4575
2020-08-06_101842_759 1028,motion-1,391.94238,210.36163
2020-08-06_101842_759 0274,motion-1,324.94705,206.45065
2020-08-06_101842_759 0443,motion-1,337.91498,206.13019
2020-08-06_101842_759 1156,motion-1,412.62427,213.30792
2020-08-06_101842_759 0901,motion-1,382.9515,199.37042
2020-08-06_101842_759 1656,motion-1,438.6437,209.37701
2020-08-06_101842_759 1399,motion-1,446.66196,212.62585
2020-08-06_101842_759 0839,motion-1,364.33978,207.89613
2020-08-06_101842_759 0847,motion-1,360.02844,209.29451
2020-08-06_101842_759 0262,motion-1,319.26065,209.1294
2020-08-06_101842_759 0704,motion-1,354.8117,198.89444
2020-08-06_101842_759 1158,motion-1,409.3621,199.85867
2020-08-06_101842_759 1564,motion-1,440.40176,205.62456
2020-08-06_101842_759 0989,motion-1,365.11502,205.62305
2020-08-06_101842_759 1208,motion-1,415.3818,205.86267
2020-08-06_101842_759 0832,motion-1,349.6505,210.89987
2020-08-06_101842_759 0152,motion-1,327.3626,204.54346
2020-08-06_101842_759 1470,motion-1,441.8328,205.52342
2020-08-06_101842_759 0361,motion-1,333.07672,207.0293
2020-08-06_101842_759 0967,motion-1,377.41757,211.86299
2020-08-06_101842_759 0022,motion-1,326.16296,201.76749
2020-08-06_101842_759 0472,motion-1,333.857,210.45734
2020-08-06_101842_759 0579,motion-1,345.455,211.69589
2020-08-06_101842_759 1584,motion-1,439.023,209.7919
2020-08-06_101842_759 0584,motion-1,341.1104,211.8724
2020-08-06_101842_759 1054,motion-1,392.4456,211.02846
2020-08-06_101842_759 0399,motion-1,337.40863,206.55687
2020-08-06_101842_759 1359,motion-1,448.11288,211.22295
2020-08-06_101842_759 1168,motion-1,412.56454,214.54784
2020-08-06_101842_759 0846,motion-1,354.1153,204.23172
2020-08-06_101842_759 0717,motion-1,351.90466,198.47264
2020-08-06_101842_759 0744,motion-1,361.8034,210.01169
2020-08-06_101842_759 1227,motion-1,432.19858,213.29701
2020-08-06_101842_759 1136,motion-1,396.71793,211.32462
2020-08-06_101842_759 1023,motion-1,385.0337,210.90076
2020-08-06_101842_759 0125,motion-1,327.1515,205.02878
2020-08-06_101842_759 1232,motion-1,422.11148,208.75468
2020-08-06_101842_759 1009,motion-1,391.10336,210.58813
2020-08-06_101842_759 0966,motion-1,378.54623,212.08308
2020-08-06_101842_759 0439,motion-1,344.4076,206.6225
2020-08-06_101842_759 0842,motion-1,360.7286,209.84389
2020-08-06_101842_759 0187,motion-1,333.80716,205.15161
2020-08-06_101842_759 0331,motion-1,333.31665,205.8507
2020-08-06_101842_759 0954,motion-1,376.16208,208.41292
2020-08-06_101842_759 0175,motion-1,321.53864,206.46573
2020-08-06_101842_759 0953,motion-1,380.5916,203.44763
2020-08-06_101842_759 0657,motion-1,344.21475,211.75673
2020-08-06_101842_759 0242,motion-1,333.32544,207.52034
2020-08-06_101842_759 0684,motion-1,353.20178,212.92838
2020-08-06_101842_759 1521,motion-1,441.165,205.79846
2020-08-06_101842_759 0395,motion-1,336.36557,206.07135
2020-08-06_101842_759 1252,motion-1,423.1097,208.55331
2020-08-06_101842_759 1456,motion-1,441.07272,205.63611
2020-08-06_101842_759 0552,motion-1,346.9274,207.5036
2020-08-06_101842_759 0898,motion-1,378.5246,213.76686
2020-08-06_101842_759 0964,motion-1,379.44205,212.52467
2020-08-06_101842_759 1402,motion-1,448.07388,213.25414
2020-08-06_101842_759 1511,motion-1,440.96353,205.36327
2020-08-06_101842_759 0344,motion-1,333.72134,204.84068
2020-08-06_101842_759 1308,motion-1,442.08572,208.69887
2020-08-06_101842_759 0493,motion-1,344.3236,211.59183
2020-08-06_101842_759 0750,motion-1,354.8547,199.29962
2020-08-06_101842_759 0523,motion-1,332.65942,210.40123
2020-08-06_101842_759 0527,motion-1,345.05423,211.94238
2020-08-06_101842_759 1160,motion-1,409.5305,199.66338
2020-08-06_101842_759 1514,motion-1,441.49466,205.38882
2020-08-06_101842_759 1191,motion-1,422.78577,206.9855
2020-08-06_101842_759 0357,motion-1,326.18195,206.4505
2020-08-06_101842_759 1660,motion-1,441.38916,205.63322
2020-08-06_101842_759 0080,motion-1,321.42197,204.96695
2020-08-06_101842_759 1502,motion-1,440.93027,205.9375
2020-08-06_101842_759 0625,motion-1,343.88638,211.75339
2020-08-06_101842_759 1678,motion-1,441.08755,205.63417
2020-08-06_101842_759 1343,motion-1,446.3065,202.72649
2020-08-06_101842_759 0238,motion-1,324.81973,206.87366
2020-08-06_101842_759 0349,motion-1,333.05597,207.15244
2020-08-06_101842_759 1235,motion-1,415.18726,207.2711
2020-08-06_101842_759 1693,motion-1,440.7142,205.52487
2020-08-06_101842_759 0169,motion-1,324.20612,205.8615
2020-08-06_101842_759 0592,motion-1,338.62006,211.26228
2020-08-06_101842_759 0677,motion-1,356.25003,198.62997
2020-08-06_101842_759 0132,motion-1,335.91013,204.07701
2020-08-06_101842_759 1042,motion-1,393.89874,213.66978
2020-08-06_101842_759 1080,motion-1,394.19208,211.55684
2020-08-06_101842_759 1659,motion-1,441.28726,205.48293
2020-08-06_101842_759 0631,motion-1,351.37833,198.6754
2020-08-06_101842_759 0505,motion-1,334.00534,204.83844
2020-08-06_101842_759 1076,motion-1,391.2932,208.81198
2020-08-06_101842_759 1695,motion-1,440.60474,205.59311
2020-08-06_101842_759 1083,motion-1,397.95486,211.25151
2020-08-06_101842_759 1581,motion-1,440.54703,205.83665
2020-08-06_101842_759 1517,motion-1,441.05524,205.73508
2020-08-06_101842_759 0021,motion-1,325.5667,202.08699
2020-08-06_101842_759 0007,motion-1,321.8617,205.18118
2020-08-06_101842_759 0696,motion-1,361.4678,210.19568
2020-08-06_101842_759 1055,motion-1,390.0193,205.41635
2020-08-06_101842_759 1078,motion-1,391.0532,210.64694
2020-08-06_101842_759 0271,motion-1,324.83368,206.35422
2020-08-06_101842_759 0999,motion-1,365.12573,206.9091
2020-08-06_101842_759 1445,motion-1,439.4604,208.51324
2020-08-06_101842_759 0676,motion-1,352.95673,198.18959
2020-08-06_101842_759 1216,motion-1,408.74896,207.96655
2020-08-06_101842_759 0904,motion-1,379.09268,198.08249
2020-08-06_101842_759 1089,motion-1,405.4794,205.99579
2020-08-06_101842_759 1528,motion-1,440.70132,206.09013
2020-08-06_101842_759 1519,motion-1,441.3181,205.63882
2020-08-06_101842_759 0944,motion-1,390.99384,209.66373
2020-08-06_101842_759 1561,motion-1,441.15717,205.64194
2020-08-06_101842_759 0665,motion-1,355.806,198.58447
2020-08-06_101842_759 1225,motion-1,425.85254,210.21883
2020-08-06_101842_759 0307,motion-1,326.05038,206.27608
2020-08-06_101842_759 0489,motion-1,335.05566,211.40633
2020-08-06_101842_759 0980,motion-1,363.05957,210.37819
2020-08-06_101842_759 1013,motion-1,380.65082,211.43907
2020-08-06_101842_759 0730,motion-1,359.00223,200.12373
2020-08-06_101842_759 1005,motion-1,382.33597,212.95865
2020-08-06_101842_759 1044,motion-1,401.90427,211.69331
2020-08-06_101842_759 1682,motion-1,440.8828,206.0434
2020-08-06_101842_759 0570,motion-1,344.5473,207.07484
2020-08-06_101842_759 0103,motion-1,321.32687,205.20226
2020-08-06_101842_759 1255,motion-1,437.55756,214.1769
2020-08-06_101842_759 1141,motion-1,410.59976,213.20406
2020-08-06_101842_759 0555,motion-1,339.01257,206.2446
2020-08-06_101842_759 0994,motion-1,365.03088,206.74246
2020-08-06_101842_759 1204,motion-1,423.51367,199.36632
2020-08-06_101842_759 0618,motion-1,345.6283,207.02664
2020-08-06_101842_759 1273,motion-1,440.17575,212.84276
2020-08-06_101842_759 1476,motion-1,438.62662,209.33475
2020-08-06_101842_759 0716,motion-1,354.88828,198.81888
2020-08-06_101842_759 0031,motion-1,321.418,205.20435
2020-08-06_101842_759 0469,motion-1,333.68454,206.75713
2020-08-06_101842_759 1305,motion-1,439.56845,207.79906
2020-08-06_101842_759 1428,motion-1,440.0323,206.79611
2020-08-06_101842_759 1684,motion-1,440.66016,205.83247
2020-08-06_101842_759 1164,motion-1,404.22705,210.92381
2020-08-06_101842_759 0811,motion-1,360.7274,209.73485
2020-08-06_101842_759 1520,motion-1,441.07593,205.5161
2020-08-06_101842_759 0373,motion-1,333.54916,205.23729
2020-08-06_101842_759 0715,motion-1,356.8161,198.48508
2020-08-06_101842_759 1686,motion-1,440.81412,206.25134
2020-08-06_101842_759 0422,motion-1,333.61465,206.98099
2020-08-06_101842_759 1115,motion-1,413.937,211.45677
2020-08-06_101842_759 0178,motion-1,326.30545,203.87411
2020-08-06_101842_759 1062,motion-1,392.28424,198.69463
2020-08-06_101842_759 1629,motion-1,441.06555,205.51514
2020-08-06_101842_759 0920,motion-1,377.56125,212.71225
2020-08-06_101842_759 0661,motion-1,353.3276,213.03659
2020-08-06_101842_759 1595,motion-1,440.79245,205.44142
2020-08-06_101842_759 1545,motion-1,438.93732,209.67245
2020-08-06_101842_759 0850,motion-1,361.956,210.1281
2020-08-06_101842_759 0067,motion-1,321.2773,205.05968
2020-08-06_101842_759 1247,motion-1,426.02484,208.15724
2020-08-06_101842_759 1226,motion-1,429.53592,212.95837
2020-08-06_101842_759 0603,motion-1,344.935,207.18575
2020-08-06_101842_759 0126,motion-1,333.49237,204.63
2020-08-06_101842_759 1536,motion-1,440.6085,205.90433
2020-08-06_101842_759 1289,motion-1,434.9103,210.79233
2020-08-06_101842_759 1362,motion-1,450.32175,204.85434
2020-08-06_101842_759 0817,motion-1,349.13675,210.08856
2020-08-06_101842_759 0297,motion-1,325.48773,206.13411
2020-08-06_101842_759 1063,motion-1,390.36438,199.75195
2020-08-06_101842_759 1138,motion-1,399.06296,211.76796
2020-08-06_101842_759 1407,motion-1,448.67377,205.33774
2020-08-06_101842_759 0899,motion-1,382.31332,213.72508
2020-08-06_101842_759 0784,motion-1,357.714,201.46494
2020-08-06_101842_759 1431,motion-1,438.9584,208.2817
2020-08-06_101842_759 0581,motion-1,345.28528,212.07162
2020-08-06_101842_759 0535,motion-1,331.7597,211.39622
2020-08-06_101842_759 1661,motion-1,440.54266,206.32121
2020-08-06_101842_759 0513,motion-1,345.26666,212.34195
2020-08-06_101842_759 0284,motion-1,325.72177,206.45308
2020-08-06_101842_759 0779,motion-1,360.2282,208.64108
2020-08-06_101842_759 1430,motion-1,440.64166,206.43755
2020-08-06_101842_759 0861,motion-1,360.90317,209.81863
2020-08-06_101842_759 1012,motion-1,380.57983,197.16313
2020-08-06_101842_759 1480,motion-1,441.05792,205.48901
2020-08-06_101842_759 0906,motion-1,380.53476,212.80272
2020-08-06_101842_759 1551,motion-1,440.7456,205.47379
2020-08-06_101842_759 0376,motion-1,333.4486,205.69284
2020-08-06_101842_759 0726,motion-1,361.13977,209.72528
2020-08-06_101842_759 1412,motion-1,443.85367,206.89645
2020-08-06_101842_759 0356,motion-1,325.9282,206.0509
2020-08-06_101842_759 1352,motion-1,442.9872,213.73344
2020-08-06_101842_759 0530,motion-1,345.35715,212.22368
2020-08-06_101842_759 0124,motion-1,326.74155,204.89832
2020-08-06_101842_759 0884,motion-1,378.50494,212.87389
2020-08-06_101842_759 1663,motion-1,440.2876,206.11653
2020-08-06_101842_759 0843,motion-1,360.05637,209.66118
2020-08-06_101842_759 1353,motion-1,442.03452,213.56429
2020-08-06_101842_759 1048,motion-1,392.83487,210.90176
2020-08-06_101842_759 1510,motion-1,440.92197,205.7907
2020-08-06_101842_759 1530,motion-1,440.70566,205.71623
2020-08-06_101842_759 1212,motion-1,422.5464,211.97159
2020-08-06_101842_759 0465,motion-1,333.4814,205.84534
2020-08-06_101842_759 0079,motion-1,325.6802,202.24725
2020-08-06_101842_759 0458,motion-1,345.7401,207.31909
2020-08-06_101842_759 1307,motion-1,438.05374,215.57079
2020-08-06_101842_759 0453,motion-1,338.4842,206.11606
2020-08-06_101842_759 1111,motion-1,414.9377,212.5973
2020-08-06_101842_759 0643,motion-1,349.7294,212.1751
2020-08-06_101842_759 1157,motion-1,405.9888,206.37578
2020-08-06_101842_759 0055,motion-1,325.58188,202.0638
2020-08-06_101842_759 0930,motion-1,377.60602,212.06049
2020-08-06_101842_759 1266,motion-1,435.97952,215.24588
2020-08-06_101842_759 1177,motion-1,423.59564,208.15189
2020-08-06_101842_759 0478,motion-1,339.74594,211.66415
2020-08-06_101842_759 1459,motion-1,439.14395,208.17363
2020-08-06_101842_759 0815,motion-1,354.76065,204.84766
2020-08-06_101842_759 0721,motion-1,355.63757,198.10234
2020-08-06_101842_759 1091,motion-1,391.97668,209.91786
2020-08-06_101842_759 0916,motion-1,375.1604,206.55539
2020-08-06_101842_759 1508,motion-1,441.0491,205.64952
2020-08-06_101842_759 0153,motion-1,325.32416,204.7666
2020-08-06_101842_759 0072,motion-1,321.4617,205.0649
2020-08-06_101842_759 1632,motion-1,441.16788,205.41495
2020-08-06_101842_759 0251,motion-1,333.61288,206.28905
2020-08-06_101842_759 0915,motion-1,377.8559,202.59561
2020-08-06_101842_759 0512,motion-1,345.56006,212.65295
2020-08-06_101842_759 0193,motion-1,334.05756,202.83817
2020-08-06_101842_759 1615,motion-1,441.00824,205.5473
2020-08-06_101842_759 0537,motion-1,333.7223,207.36472
2020-08-06_101842_759 0975,motion-1,368.43622,211.73793
2020-08-06_101842_759 1532,motion-1,441.55148,205.38832
2020-08-06_101842_759 0369,motion-1,333.4084,205.00612
2020-08-06_101842_759 0253,motion-1,326.1443,205.25905
2020-08-06_101842_759 0107,motion-1,325.07382,202.43918
2020-08-06_101842_759 1146,motion-1,417.14948,199.54936
2020-08-06_101842_759 1241,motion-1,430.96838,213.13739
2020-08-06_101842_759 1004,motion-1,376.3302,212.18481
2020-08-06_101842_759 0263,motion-1,332.9977,206.82803
2020-08-06_101842_759 0437,motion-1,344.20435,206.17883
2020-08-06_101842_759 1457,motion-1,441.67386,205.42549
2020-08-06_101842_759 1053,motion-1,385.02246,205.7208
2020-08-06_101842_759 0304,motion-1,332.6151,206.55484
2020-08-06_101842_759 0507,motion-1,333.70993,210.37312
2020-08-06_101842_759 0506,motion-1,336.94385,206.10559
2020-08-06_101842_759 0261,motion-1,333.35632,206.90092
2020-08-06_101842_759 1633,motion-1,441.10916,205.68307
2020-08-06_101842_759 0461,motion-1,342.97766,206.96458
2020-08-06_101842_759 0448,motion-1,325.66583,206.37578
2020-08-06_101842_759 0405,motion-1,333.48215,204.41252
2020-08-06_101842_759 1269,motion-1,435.55994,208.91356
2020-08-06_101842_759 1333,motion-1,435.6805,206.61752
2020-08-06_101842_759 1610,motion-1,440.91043,206.07443
2020-08-06_101842_759 0508,motion-1,337.245,211.26262
2020-08-06_101842_759 0686,motion-1,348.2226,212.39772
2020-08-06_101842_759 0763,motion-1,353.30838,204.38408
2020-08-06_101842_759 0434,motion-1,339.50235,206.32515
2020-08-06_101842_759 1169,motion-1,417.42575,200.34337
2020-08-06_101842_759 1585,motion-1,438.78998,209.13461
2020-08-06_101842_759 0563,motion-1,345.63394,212.22508
2020-08-06_101842_759 1008,motion-1,391.11322,210.75537
2020-08-06_101842_759 1421,motion-1,439.21857,208.76057
2020-08-06_101842_759 0636,motion-1,344.6136,211.88074
2020-08-06_101842_759 0118,motion-1,325.99588,203.10555
2020-08-06_101842_759 0971,motion-1,372.72928,212.75636
2020-08-06_101842_759 0714,motion-1,358.6137,198.43115
2020-08-06_101842_759 0145,motion-1,339.71536,204.67093
2020-08-06_101842_759 0277,motion-1,326.0121,206.28006
2020-08-06_101842_759 1068,motion-1,381.81903,210.60564
2020-08-06_101842_759 0068,motion-1,321.27597,204.78094
2020-08-06_101842_759 1309,motion-1,434.09537,209.12242
2020-08-06_101842_759 0599,motion-1,347.94107,212.71803
2020-08-06_101842_759 1319,motion-1,449.56262,202.68657
2020-08-06_101842_759 0849,motion-1,361.35956,210.13055
2020-08-06_101842_759 1268,motion-1,442.83075,208.54138
2020-08-06_101842_759 0487,motion-1,333.9488,205.45512
2020-08-06_101842_759 0173,motion-1,322.50616,205.91534
2020-08-06_101842_759 1065,motion-1,384.0246,205.90797
2020-08-06_101842_759 0595,motion-1,345.9026,211.65497
2020-08-06_101842_759 1625,motion-1,438.7221,209.51128
2020-08-06_101842_759 1543,motion-1,441.16086,205.64272
2020-08-06_101842_759 1192,motion-1,415.20813,198.15985
2020-08-06_101842_759 0038,motion-1,320.8993,205.12344
2020-08-06_101842_759 0252,motion-1,332.13632,206.04967
2020-08-06_101842_759 0164,motion-1,325.08966,205.70535
2020-08-06_101842_759 0494,motion-1,343.9028,211.87848
2020-08-06_101842_759 1668,motion-1,440.7261,205.6594
2020-08-06_101842_759 0662,motion-1,355.35995,212.46478
2020-08-06_101842_759 0559,motion-1,336.62634,210.96463
2020-08-06_101842_759 0306,motion-1,326.00455,206.14287
2020-08-06_101842_759 0553,motion-1,345.52103,206.62982
2020-08-06_101842_759 1389,motion-1,440.2216,210.9344
2020-08-06_101842_759 0389,motion-1,333.22986,206.84439
2020-08-06_101842_759 0755,motion-1,357.34982,205.61974
2020-08-06_101842_759 0688,motion-1,347.13968,211.61932
2020-08-06_101842_759 0699,motion-1,354.762,204.8991
2020-08-06_101842_759 0279,motion-1,318.78568,208.2742
2020-08-06_101842_759 1015,motion-1,379.40732,212.2197
2020-08-06_101842_759 0364,motion-1,333.90924,207.1763
2020-08-06_101842_759 0602,motion-1,341.5587,211.413
2020-08-06_101842_759 1614,motion-1,440.78815,205.54884
2020-08-06_101842_759 0940,motion-1,382.44772,213.9791
2020-08-06_101842_759 1116,motion-1,411.89047,211.09222
2020-08-06_101842_759 0423,motion-1,333.3103,206.63406
2020-08-06_101842_759 0217,motion-1,319.6794,209.17561
2020-08-06_101842_759 0162,motion-1,324.99466,205.51166
2020-08-06_101842_759 0525,motion-1,339.996,211.94986
2020-08-06_101842_759 1379,motion-1,448.96304,213.57054
2020-08-06_101842_759 1238,motion-1,421.51428,211.75371
2020-08-06_101842_759 1650,motion-1,441.0106,205.29364
2020-08-06_101842_759 0857,motion-1,361.57904,210.23097
2020-08-06_101842_759 0561,motion-1,341.66437,212.36871
2020-08-06_101842_759 0313,motion-1,332.6989,206.31789
2020-08-06_101842_759 0738,motion-1,358.65018,199.59767
2020-08-06_101842_759 1384,motion-1,448.9577,206.90741
2020-08-06_101842_759 1644,motion-1,441.00912,205.4939
2020-08-06_101842_759 0921,motion-1,377.98727,213.17253
2020-08-06_101842_759 0001,motion-1,325.34937,202.05493
2020-08-06_101842_759 1221,motion-1,414.88913,206.63753
2020-08-06_101842_759 0630,motion-1,351.66183,198.38158
2020-08-06_101842_759 1020,motion-1,394.62607,205.38152
2020-08-06_101842_759 0878,motion-1,360.70676,209.51758
2020-08-06_101842_759 1707,motion-1,440.78247,205.36415
2020-08-06_101842_759 0706,motion-1,351.2386,199.11984
2020-08-06_101842_759 0680,motion-1,359.39148,199.47404
2020-08-06_101842_759 0199,motion-1,336.21747,205.07155
2020-08-06_101842_759 1104,motion-1,394.34863,205.5653
2020-08-06_101842_759 0239,motion-1,326.02722,206.56842
2020-08-06_101842_759 0869,motion-1,373.09958,212.12585
2020-08-06_101842_759 0394,motion-1,335.5233,206.25867
2020-08-06_101842_759 0062,motion-1,321.2749,205.02762
2020-08-06_101842_759 1628,motion-1,440.22208,206.12932
2020-08-06_101842_759 0542,motion-1,337.57843,212.23122
2020-08-06_101842_759 1010,motion-1,391.38593,199.35185
2020-08-06_101842_759 1419,motion-1,440.70267,206.37929
2020-08-06_101842_759 1052,motion-1,383.10846,204.84247
2020-08-06_101842_759 1321,motion-1,439.0974,209.29489
2020-08-06_101842_759 0295,motion-1,325.76987,206.01025
2020-08-06_101842_759 0957,motion-1,381.377,213.76639
2020-08-06_101842_759 0728,motion-1,359.6577,209.52348
2020-08-06_101842_759 0430,motion-1,333.75815,205.93831
2020-08-06_101842_759 1166,motion-1,401.98526,211.94954
2020-08-06_101842_759 0232,motion-1,333.2216,205.9593
2020-08-06_101842_759 1245,motion-1,431.75204,210.57411
2020-08-06_101842_759 1664,motion-1,440.7497,205.67584
2020-08-06_101842_759 0984,motion-1,369.4908,205.87514
2020-08-06_101842_759 1347,motion-1,446.0821,211.73308
2020-08-06_101842_759 0300,motion-1,332.4633,206.60263
2020-08-06_101842_759 0623,motion-1,337.44067,211.45401
2020-08-06_101842_759 1669,motion-1,441.38345,205.50056
2020-08-06_101842_759 0995,motion-1,365.5528,206.42543
2020-08-06_101842_759 0746,motion-1,359.98917,210.4053
2020-08-06_101842_759 0136,motion-1,339.48718,204.51431
2020-08-06_101842_759 0250,motion-1,333.09576,205.76091
2020-08-06_101842_759 0828,motion-1,361.10873,209.63693
2020-08-06_101842_759 1025,motion-1,392.24005,208.36447
2020-08-06_101842_759 1029,motion-1,394.31638,208.91466
2020-08-06_101842_759 0114,motion-1,325.67676,202.37994
2020-08-06_101842_759 0690,motion-1,349.60733,211.8297
2020-08-06_101842_759 0316,motion-1,332.6392,206.02159
2020-08-06_101842_759 0955,motion-1,374.8046,207.93912
2020-08-06_101842_759 1377,motion-1,446.50217,212.70216
2020-08-06_101842_759 0959,motion-1,381.76678,213.35214
2020-08-06_101842_759 1394,motion-1,447.95175,212.12982
2020-08-06_101842_759 1501,motion-1,441.51953,205.67534
2020-08-06_101842_759 0547,motion-1,349.3905,212.69444
2020-08-06_101842_759 1531,motion-1,441.2526,205.97488
2020-08-06_101842_759 1100,motion-1,402.13937,210.36235
2020-08-06_101842_759 1276,motion-1,430.93713,212.3908
2020-08-06_101842_759 1019,motion-1,393.96146,211.57248
2020-08-06_101842_759 1563,motion-1,438.96564,209.34615
2020-08-06_101842_759 0939,motion-1,377.32382,212.67102
2020-08-06_101842_759 0753,motion-1,360.3063,211.30305
2020-08-06_101842_759 0474,motion-1,344.97632,207.11285
2020-08-06_101842_759 1473,motion-1,441.38605,205.21396
2020-08-06_101842_759 0937,motion-1,366.13977,211.62834
2020-08-06_101842_759 0077,motion-1,325.53348,202.2957
2020-08-06_101842_759 0836,motion-1,366.29443,211.4807
2020-08-06_101842_759 0360,motion-1,333.0558,207.38539
2020-08-06_101842_759 1346,motion-1,448.084,206.59183
2020-08-06_101842_759 0047,motion-1,325.76068,202.00969
2020-08-06_101842_759 1007,motion-1,391.143,199.2653
2020-08-06_101842_759 0198,motion-1,336.9379,204.8492
2020-08-06_101842_759 1567,motion-1,441.1937,205.84784
2020-08-06_101842_759 0056,motion-1,325.90726,201.91379
2020-08-06_101842_759 0234,motion-1,332.8188,206.81076
2020-08-06_101842_759 1601,motion-1,440.88394,205.38435
2020-08-06_101842_759 1589,motion-1,441.46158,205.4724
2020-08-06_101842_759 1313,motion-1,450.7056,210.63295
2020-08-06_101842_759 1488,motion-1,441.12088,205.83347
2020-08-06_101842_759 1423,motion-1,439.36813,209.36859
2020-08-06_101842_759 0137,motion-1,339.797,204.80219
2020-08-06_101842_759 1458,motion-1,438.98407,208.11885
2020-08-06_101842_759 0992,motion-1,365.10098,206.53319
2020-08-06_101842_759 1553,motion-1,441.3075,205.39066
2020-08-06_101842_759 0435,motion-1,341.3185,206.00336
2020-08-06_101842_759 0941,motion-1,385.41855,198.9541
2020-08-06_101842_759 0266,motion-1,332.55496,207.1959
2020-08-06_101842_759 1318,motion-1,445.12775,206.14438
2020-08-06_101842_759 0639,motion-1,341.43335,211.72862
2020-08-06_101842_759 0895,motion-1,364.94186,209.1866
2020-08-06_101842_759 1422,motion-1,439.28186,208.66508
2020-08-06_101842_759 0551,motion-1,344.7214,211.31049
2020-08-06_101842_759 1105,motion-1,394.45078,207.04224
2020-08-06_101842_759 0695,motion-1,361.12146,210.90208
2020-08-06_101842_759 1692,motion-1,441.16678,205.55716
2020-08-06_101842_759 1367,motion-1,439.20764,208.674
2020-08-06_101842_759 0337,motion-1,333.58112,205.10748
2020-08-06_101842_759 0035,motion-1,325.69617,202.3257
2020-08-06_101842_759 0833,motion-1,364.2306,209.80977
2020-08-06_101842_759 0651,motion-1,351.70746,213.75
2020-08-06_101842_759 1467,motion-1,441.5949,206.08139
2020-08-06_101842_759 0408,motion-1,334.1077,205.57349
2020-08-06_101842_759 1357,motion-1,449.9607,205.5797
2020-08-06_101842_759 0711,motion-1,360.06723,199.42172
2020-08-06_101842_759 0495,motion-1,344.9289,212.03563
2020-08-06_101842_759 0475,motion-1,339.22186,211.44354
2020-08-06_101842_759 1493,motion-1,441.17468,205.44398
2020-08-06_101842_759 1648,motion-1,440.6194,205.86948
2020-08-06_101842_759 0111,motion-1,325.34326,201.88066
2020-08-06_101842_759 0948,motion-1,383.77985,204.70464
2020-08-06_101842_759 0095,motion-1,324.99396,202.13426
2020-08-06_101842_759 1072,motion-1,395.55505,206.3577
2020-08-06_101842_759 0635,motion-1,347.58868,211.83884
2020-08-06_101842_759 0069,motion-1,325.50082,202.00064
2020-08-06_101842_759 1275,motion-1,433.50485,211.51326
2020-08-06_101842_759 0362,motion-1,333.33206,206.92009
2020-08-06_101842_759 0240,motion-1,319.58704,209.22966
2020-08-06_101842_759 1494,motion-1,441.41904,205.60498
2020-08-06_101842_759 0334,motion-1,333.46075,204.67242
2020-08-06_101842_759 0934,motion-1,364.91977,207.39076
2020-08-06_101842_759 0650,motion-1,349.43338,199.4994
2020-08-06_101842_759 0802,motion-1,357.7576,205.74187
2020-08-06_101842_759 1121,motion-1,407.25012,214.39708
2020-08-06_101842_759 1270,motion-1,437.21262,209.03537
2020-08-06_101842_759 1606,motion-1,440.83002,205.56082
2020-08-06_101842_759 0299,motion-1,325.9498,206.29968
2020-08-06_101842_759 0991,motion-1,365.25827,205.5618
2020-08-06_101842_759 0470,motion-1,334.1727,205.05008
2020-08-06_101842_759 0787,motion-1,361.38626,211.27626
2020-08-06_101842_759 1257,motion-1,434.95407,207.66562
2020-08-06_101842_759 1139,motion-1,403.16885,212.66893
2020-08-06_101842_759 1237,motion-1,416.35797,208.12186
2020-08-06_101842_759 0206,motion-1,325.53296,206.60617
2020-08-06_101842_759 1447,motion-1,439.396,208.43216
2020-08-06_101842_759 0479,motion-1,343.66016,206.91882
2020-08-06_101842_759 1110,motion-1,411.09235,212.7194
2020-08-06_101842_759 0756,motion-1,349.12683,209.98105
2020-08-06_101842_759 0798,motion-1,353.19223,204.55797
2020-08-06_101842_759 1703,motion-1,440.9806,205.67998
2020-08-06_101842_759 0492,motion-1,343.1257,211.56848
2020-08-06_101842_759 0649,motion-1,353.34875,198.93423
2020-08-06_101842_759 0286,motion-1,332.2504,205.71768
2020-08-06_101842_759 0757,motion-1,363.4214,208.15985
2020-08-06_101842_759 1199,motion-1,422.40878,210.90472
2020-08-06_101842_759 1215,motion-1,416.35638,211.01173
2020-08-06_101842_759 1320,motion-1,444.7425,205.20898
2020-08-06_101842_759 1383,motion-1,448.876,213.30272
2020-08-06_101842_759 0447,motion-1,319.27304,208.69325
2020-08-06_101842_759 0005,motion-1,325.67352,201.76535
2020-08-06_101842_759 1351,motion-1,437.48117,209.80107
2020-08-06_101842_759 1085,motion-1,405.55298,210.49985
2020-08-06_101842_759 1406,motion-1,449.54022,205.47855
2020-08-06_101842_759 1167,motion-1,405.5423,212.67088
2020-08-06_101842_759 1090,motion-1,401.12323,206.45105
2020-08-06_101842_759 0139,motion-1,340.36667,204.37984
2020-08-06_101842_759 0556,motion-1,338.83472,206.3235
2020-08-06_101842_759 0974,motion-1,370.51303,212.03127
2020-08-06_101842_759 1130,motion-1,413.89572,210.98668
2020-08-06_101842_759 1449,motion-1,439.18588,208.21268
2020-08-06_101842_759 1196,motion-1,422.5497,208.20564
2020-08-06_101842_759 1033,motion-1,406.0737,214.09464
2020-08-06_101842_759 1093,motion-1,395.17325,207.15907
2020-08-06_101842_759 1006,motion-1,387.1342,212.09042
2020-08-06_101842_759 1057,motion-1,395.19156,208.96373
2020-08-06_101842_759 0554,motion-1,341.77383,207.12517
2020-08-06_101842_759 0912,motion-1,375.19147,206.85817
2020-08-06_101842_759 0161,motion-1,324.85275,205.52011
2020-08-06_101842_759 1620,motion-1,441.1614,205.43806
2020-08-06_101842_759 1591,motion-1,440.30817,205.8112
2020-08-06_101842_759 1161,motion-1,412.94086,213.10274
2020-08-06_101842_759 1455,motion-1,438.6411,209.68028
2020-08-06_101842_759 1570,motion-1,441.07938,205.75366
2020-08-06_101842_759 1186,motion-1,417.33255,213.18446
2020-08-06_101842_759 1171,motion-1,416.6205,206.79913
2020-08-06_101842_759 1205,motion-1,421.07202,196.67282
2020-08-06_101842_759 0127,motion-1,333.41272,204.32805
2020-08-06_101842_759 0037,motion-1,325.50894,202.25446
2020-08-06_101842_759 0073,motion-1,321.26663,204.93268
2020-08-06_101842_759 0868,motion-1,371.24854,211.63336
2020-08-06_101842_759 0247,motion-1,333.546,205.23167
2020-08-06_101842_759 0823,motion-1,364.2103,211.35556
2020-08-06_101842_759 1294,motion-1,437.60086,215.15265
2020-08-06_101842_759 1627,motion-1,439.10565,209.63364
2020-08-06_101842_759 1018,motion-1,391.43304,211.24416
2020-08-06_101842_759 0311,motion-1,326.34402,206.45767
2020-08-06_101842_759 0852,motion-1,346.33826,208.46036
2020-08-06_101842_759 0282,motion-1,325.71558,206.54663
2020-08-06_101842_759 1150,motion-1,411.3327,200.68344
2020-08-06_101842_759 0866,motion-1,365.26233,205.42143
2020-08-06_101842_759 0224,motion-1,336.44833,205.59094
2020-08-06_101842_759 0496,motion-1,344.1482,211.18645
2020-08-06_101842_759 0660,motion-1,351.49033,213.18958
2020-08-06_101842_759 0002,motion-1,325.451,202.15366
2020-08-06_101842_759 1702,motion-1,438.75983,209.36035
2020-08-06_101842_759 1485,motion-1,441.39304,205.7679
2020-08-06_101842_759 0692,motion-1,355.22147,212.60435
2020-08-06_101842_759 0550,motion-1,347.3302,212.19824
2020-08-06_101842_759 1081,motion-1,394.22174,207.54214
2020-08-06_101842_759 0011,motion-1,325.31534,202.01654
2020-08-06_101842_759 0347,motion-1,333.29337,205.97774
2020-08-06_101842_759 0568,motion-1,342.1548,211.35515
2020-08-06_101842_759 0972,motion-1,372.62167,212.56526
2020-08-06_101842_759 0267,motion-1,325.8727,206.51404
2020-08-06_101842_759 0377,motion-1,333.52057,206.01508
2020-08-06_101842_759 1026,motion-1,391.3349,208.46274
2020-08-06_101842_759 1464,motion-1,438.55902,209.79422
2020-08-06_101842_759 1401,motion-1,448.0213,213.2265
2020-08-06_101842_759 0827,motion-1,361.2579,209.43129
2020-08-06_101842_759 1219,motion-1,414.3402,204.60301
2020-08-06_101842_759 1590,motion-1,440.81702,205.71906
2020-08-06_101842_759 0424,motion-1,333.0588,207.22305
2020-08-06_101842_759 0481,motion-1,333.22293,210.3539
2020-08-06_101842_759 0594,motion-1,344.59103,211.79373
2020-08-06_101842_759 0597,motion-1,348.33047,212.53703
2020-08-06_101842_759 0054,motion-1,325.56488,202.07532
2020-08-06_101842_759 0810,motion-1,362.07886,210.51193
2020-08-06_101842_759 1143,motion-1,414.19016,199.1862
2020-08-06_101842_759 0014,motion-1,321.65787,204.96674
2020-08-06_101842_759 0147,motion-1,337.76416,204.11307
2020-08-06_101842_759 0835,motion-1,366.6146,211.65826
2020-08-06_101842_759 1434,motion-1,439.29865,208.34557
2020-08-06_101842_759 1382,motion-1,449.40338,212.59862
2020-08-06_101842_759 1700,motion-1,441.13373,205.82495
2020-08-06_101842_759 0113,motion-1,325.59692,201.62643
2020-08-06_101842_759 1011,motion-1,386.62653,198.22073
2020-08-06_101842_759 0546,motion-1,347.45453,212.95851
2020-08-06_101842_759 0327,motion-1,333.0156,206.61615
2020-08-06_101842_759 0678,motion-1,358.00726,199.34195
2020-08-06_101842_759 0130,motion-1,332.74728,203.96297
2020-08-06_101842_759 0085,motion-1,325.60977,202.11629
2020-08-06_101842_759 0323,motion-1,319.49628,207.60823
2020-08-06_101842_759 0156,motion-1,325.1751,205.049
2020-08-06_101842_759 1051,motion-1,389.7238,199.19672
2020-08-06_101842_759 1375,motion-1,441.72495,201.62898
2020-08-06_101842_759 0332,motion-1,333.9626,205.71313
2020-08-06_101842_759 1306,motion-1,438.08838,214.47157
2020-08-06_101842_759 0275,motion-1,325.31042,206.46925
2020-08-06_101842_759 0615,motion-1,347.86877,212.41379
2020-08-06_101842_759 0986,motion-1,362.56525,210.53758
2020-08-06_101842_759 1335,motion-1,437.23514,208.74312
2020-08-06_101842_759 0987,motion-1,362.38583,210.53114
2020-08-06_101842_759 1084,motion-1,402.29102,210.74774
2020-08-06_101842_759 0515,motion-1,343.17374,211.6034
2020-08-06_101842_759 0978,motion-1,364.99643,211.09497
2020-08-06_101842_759 1653,motion-1,440.7574,205.78001
2020-08-06_101842_759 0290,motion-1,324.7776,206.28137
2020-08-06_101842_759 0645,motion-1,351.34827,198.29669
2020-08-06_101842_759 0681,motion-1,358.8462,199.24066
2020-08-06_101842_759 1135,motion-1,399.18512,211.56519
2020-08-06_101842_759 0629,motion-1,350.15005,198.8538
2020-08-06_101842_759 0883,motion-1,375.50455,213.09627
2020-08-06_101842_759 0564,motion-1,346.1187,212.66493
2020-08-06_101842_759 0089,motion-1,325.31848,202.18149
2020-08-06_101842_759 0180,motion-1,321.051,206.28386
2020-08-06_101842_759 0063,motion-1,321.18402,205.01624
2020-08-06_101842_759 0176,motion-1,321.4111,206.14261
2020-08-06_101842_759 0892,motion-1,353.81958,210.82231
2020-08-06_101842_759 0591,motion-1,341.5064,206.77301
2020-08-06_101842_759 0157,motion-1,324.94196,205.57079
2020-08-06_101842_759 1577,motion-1,440.92392,205.8534
2020-08-06_101842_759 0429,motion-1,333.4504,206.25125
2020-08-06_101842_759 1448,motion-1,439.48755,208.13452
2020-08-06_101842_759 1484,motion-1,441.4349,205.77858
2020-08-06_101842_759 0893,motion-1,353.94763,212.84097
2020-08-06_101842_759 0131,motion-1,332.9576,201.6816
2020-08-06_101842_759 1427,motion-1,439.05957,210.43536
2020-08-06_101842_759 0225,motion-1,337.17548,205.64629
2020-08-06_101842_759 0202,motion-1,333.60934,205.98766
2020-08-06_101842_759 0154,motion-1,325.92126,204.5575
2020-08-06_101842_759 1529,motion-1,441.16602,205.83575
2020-08-06_101842_759 0764,motion-1,359.23474,199.08891
2020-08-06_101842_759 1711,motion-1,438.71466,209.53708
2020-08-06_101842_759 0167,motion-1,324.49628,206.20938
2020-08-06_101842_759 1049,motion-1,391.77054,208.7041
2020-08-06_101842_759 0051,motion-1,325.83878,202.2553
2020-08-06_101842_759 0923,motion-1,377.51392,212.73427
2020-08-06_101842_759 1385,motion-1,440.04428,207.90018
2020-08-06_101842_759 0560,motion-1,344.77444,207.10818
2020-08-06_101842_759 1432,motion-1,438.86508,208.43405
2020-08-06_101842_759 0624,motion-1,340.50455,211.90323
2020-08-06_101842_759 1316,motion-1,450.7537,209.79895
2020-08-06_101842_759 1064,motion-1,383.10333,204.80151
2020-08-06_101842_759 1681,motion-1,441.07056,205.30664
2020-08-06_101842_759 0287,motion-1,332.28873,206.55551
2020-08-06_101842_759 0097,motion-1,324.3964,201.7628
2020-08-06_101842_759 0538,motion-1,333.58948,207.75406
2020-08-06_101842_759 0887,motion-1,378.41165,212.02557
2020-08-06_101842_759 1236,motion-1,415.88678,208.42316
2020-08-06_101842_759 1272,motion-1,435.54108,207.68964
2020-08-06_101842_759 0075,motion-1,325.7352,201.92621
2020-08-06_101842_759 0499,motion-1,338.73184,211.41284
2020-08-06_101842_759 0259,motion-1,332.82346,206.65784
2020-08-06_101842_759 1119,motion-1,407.45676,213.83997
2020-08-06_101842_759 1222,motion-1,419.8954,210.09741
2020-08-06_101842_759 1170,motion-1,422.26907,212.53328
2020-08-06_101842_759 0789,motion-1,364.0315,208.0653
2020-08-06_101842_759 0740,motion-1,361.07846,210.93956
2020-08-06_101842_759 0106,motion-1,325.41858,202.19386
2020-08-06_101842_759 0273,motion-1,325.56967,206.08505
2020-08-06_101842_759 0897,motion-1,373.14606,213.11502
2020-08-06_101842_759 0760,motion-1,349.55087,209.04959
2020-08-06_101842_759 0029,motion-1,325.334,202.26883
2020-08-06_101842_759 0609,motion-1,346.7695,207.3996
2020-08-06_101842_759 1176,motion-1,411.4813,207.23302
2020-08-06_101842_759 0264,motion-1,326.2241,206.65594
2020-08-06_101842_759 0949,motion-1,390.8523,201.75787
2020-08-06_101842_759 0298,motion-1,325.40106,206.36763
2020-08-06_101842_759 0165,motion-1,325.23584,205.54549
2020-08-06_101842_759 0367,motion-1,334.0145,206.19287
2020-08-06_101842_759 0588,motion-1,330.39954,210.69844
2020-08-06_101842_759 1392,motion-1,448.49365,211.75914
2020-08-06_101842_759 1710,motion-1,440.84924,206.30327
2020-08-06_101842_759 0211,motion-1,326.81177,204.8379
2020-08-06_101842_759 0186,motion-1,333.25778,205.26366
2020-08-06_101842_759 0045,motion-1,325.9778,202.02347
2020-08-06_101842_759 0806,motion-1,364.5783,206.78828
2020-08-06_101842_759 0391,motion-1,333.80188,206.85751
2020-08-06_101842_759 0203,motion-1,333.4657,206.17888
2020-08-06_101842_759 1214,motion-1,423.91153,212.53754
2020-08-06_101842_759 0572,motion-1,340.45682,206.6173
2020-08-06_101842_759 1555,motion-1,438.623,209.5693
2020-08-06_101842_759 1163,motion-1,406.75497,212.3453
2020-08-06_101842_759 0462,motion-1,333.06662,210.30301
2020-08-06_101842_759 0858,motion-1,360.9231,210.06445
2020-08-06_101842_759 0322,motion-1,326.68747,206.2598
2020-08-06_101842_759 1198,motion-1,415.93857,205.39235
2020-08-06_101842_759 1575,motion-1,438.68433,209.37611
2020-08-06_101842_759 1460,motion-1,439.29834,208.26787
2020-08-06_101842_759 0296,motion-1,325.11353,206.3618
2020-08-06_101842_759 1593,motion-1,438.65704,209.2865
2020-08-06_101842_759 0825,motion-1,349.7933,209.30482
2020-08-06_101842_759 0845,motion-1,354.06958,204.8126
2020-08-06_101842_759 0725,motion-1,354.7712,205.02122
2020-08-06_101842_759 1122,motion-1,407.63,213.50578
2020-08-06_101842_759 0865,motion-1,364.08752,208.20688
2020-08-06_101842_759 0640,motion-1,341.30698,211.30081
2020-08-06_101842_759 0675,motion-1,353.18057,212.59607
2020-08-06_101842_759 0945,motion-1,391.16275,209.75961
2020-08-06_101842_759 0312,motion-1,326.1364,206.10727
2020-08-06_101842_759 0396,motion-1,337.33145,206.34193
2020-08-06_101842_759 0491,motion-1,341.1114,211.2294
2020-08-06_101842_759 1036,motion-1,389.49033,210.86066
2020-08-06_101842_759 1522,motion-1,438.74084,209.61768
2020-08-06_101842_759 0105,motion-1,325.764,201.8251
2020-08-06_101842_759 1300,motion-1,450.5052,203.46454
2020-08-06_101842_759 1604,motion-1,441.3845,205.68622
2020-08-06_101842_759 0403,motion-1,336.28146,205.83353
2020-08-06_101842_759 0249,motion-1,333.99945,205.81516
2020-08-06_101842_759 0933,motion-1,367.10498,211.13628
2020-08-06_101842_759 0446,motion-1,333.12427,207.31094
2020-08-06_101842_759 1365,motion-1,436.3718,208.37837
2020-08-06_101842_759 0301,motion-1,325.72858,205.97032
2020-08-06_101842_759 1540,motion-1,441.08038,205.47375
2020-08-06_101842_759 1706,motion-1,438.90298,209.16873
2020-08-06_101842_759 0030,motion-1,325.35992,201.87662
2020-08-06_101842_759 0720,motion-1,351.71796,197.90599
2020-08-06_101842_759 1144,motion-1,415.76114,199.26144
2020-08-06_101842_759 0517,motion-1,338.72357,211.29646
2020-08-06_101842_759 0521,motion-1,333.89148,204.94159
2020-08-06_101842_759 1697,motion-1,440.98022,205.67442
2020-08-06_101842_759 0935,motion-1,364.68216,208.09224
2020-08-06_101842_759 0963,motion-1,380.86032,212.44098
2020-08-06_101842_759 0468,motion-1,333.54205,206.51984
2020-08-06_101842_759 0531,motion-1,344.4407,212.75409
2020-08-06_101842_759 0691,motion-1,352.31046,212.4835
2020-08-06_101842_759 0174,motion-1,322.52438,205.85095
2020-08-06_101842_759 0909,motion-1,376.60672,212.38045
2020-08-06_101842_759 1137,motion-1,395.38043,212.10632
2020-08-06_101842_759 1262,motion-1,435.78665,212.12164
2020-08-06_101842_759 0208,motion-1,322.14835,206.93256
2020-08-06_101842_759 1621,motion-1,441.41516,205.98088
2020-08-06_101842_759 0504,motion-1,333.74402,206.28482
2020-08-06_101842_759 1446,motion-1,439.01825,207.83275
2020-08-06_101842_759 1279,motion-1,432.93475,214.97554
2020-08-06_101842_759 0875,motion-1,348.78622,208.6189
2020-08-06_101842_759 0562,motion-1,343.99243,211.81656
2020-08-06_101842_759 0549,motion-1,347.9096,212.49538
2020-08-06_101842_759 0585,motion-1,339.5378,210.99635
2020-08-06_101842_759 0094,motion-1,325.2796,202.0114
2020-08-06_101842_759 0197,motion-1,334.1197,202.97832
2020-08-06_101842_759 0896,motion-1,366.82578,213.12244
2020-08-06_101842_759 0438,motion-1,345.02402,206.5449
2020-08-06_101842_759 1624,motion-1,440.89362,205.81299
2020-08-06_101842_759 1415,motion-1,443.62717,205.6409
2020-08-06_101842_759 0441,motion-1,341.9558,206.47168
2020-08-06_101842_759 0821,motion-1,367.38214,211.5494
2020-08-06_101842_759 1334,motion-1,435.03717,207.21146
2020-08-06_101842_759 0024,motion-1,325.541,202.21501
2020-08-06_101842_759 1124,motion-1,412.8035,213.5625
2020-08-06_101842_759 1477,motion-1,440.83453,205.9842
2020-08-06_101842_759 0149,motion-1,333.93713,203.34457
2020-08-06_101842_759 0071,motion-1,321.02933,205.46477
2020-08-06_101842_759 0873,motion-1,364.53983,211.53741
2020-08-06_101842_759 1035,motion-1,393.92654,212.60959
2020-08-06_101842_759 0733,motion-1,348.83035,200.70038
2020-08-06_101842_759 0270,motion-1,325.0711,206.30685
2020-08-06_101842_759 0346,motion-1,333.9209,206.09879
2020-08-06_101842_759 1218,motion-1,415.36057,204.46147
2020-08-06_101842_759 0611,motion-1,346.2054,211.47032
2020-08-06_101842_759 1058,motion-1,385.47806,211.46204
2020-08-06_101842_759 1544,motion-1,441.4893,205.51625
2020-08-06_101842_759 1518,motion-1,440.90616,205.77803
2020-08-06_101842_759 1046,motion-1,397.96512,211.97754
2020-08-06_101842_759 0735,motion-1,348.3695,200.06213
2020-08-06_101842_759 0129,motion-1,332.39456,203.82344
2020-08-06_101842_759 0214,motion-1,322.9734,207.24092
2020-08-06_101842_759 0503,motion-1,334.14853,206.4246
2020-08-06_101842_759 1599,motion-1,440.42117,206.07826
2020-08-06_101842_759 0272,motion-1,325.2733,206.01115
2020-08-06_101842_759 1127,motion-1,416.96545,196.24278
2020-08-06_101842_759 1291,motion-1,432.11646,212.62213
2020-08-06_101842_759 0628,motion-1,351.9578,213.49043
2020-08-06_101842_759 0924,motion-1,377.8842,213.22687
2020-08-06_101842_759 1153,motion-1,405.2126,206.67361
2020-08-06_101842_759 0159,motion-1,325.36673,205.11281
2020-08-06_101842_759 0593,motion-1,341.992,212.40872
2020-08-06_101842_759 0926,motion-1,379.40762,212.98743
2020-08-06_101842_759 0397,motion-1,337.75513,206.15268
2020-08-06_101842_759 0747,motion-1,359.7292,199.75745
2020-08-06_101842_759 0976,motion-1,366.92963,211.82712
2020-08-06_101842_759 1244,motion-1,434.26886,211.74963
2020-08-06_101842_759 1037,motion-1,383.72446,205.16142
2020-08-06_101842_759 1462,motion-1,440.70782,205.43416
2020-08-06_101842_759 1323,motion-1,437.54526,211.97629
2020-08-06_101842_759 1475,motion-1,441.0577,205.33612
2020-08-06_101842_759 0036,motion-1,325.52808,202.3737
2020-08-06_101842_759 0682,motion-1,356.7238,198.92024
2020-08-06_101842_759 0922,motion-1,377.29465,213.36937
2020-08-06_101842_759 0724,motion-1,360.92374,210.82307
2020-08-06_101842_759 0758,motion-1,363.52225,207.27748
2020-08-06_101842_759 1634,motion-1,441.233,205.35965
2020-08-06_101842_759 0049,motion-1,325.16568,202.10378
2020-08-06_101842_759 1155,motion-1,404.98578,205.99928
2020-08-06_101842_759 1483,motion-1,440.37265,205.72589
2020-08-06_101842_759 1539,motion-1,441.15524,205.72914
2020-08-06_101842_759 1558,motion-1,441.24515,205.80287
2020-08-06_101842_759 1573,motion-1,441.26196,205.50435
2020-08-06_101842_759 1267,motion-1,437.82727,215.94461
2020-08-06_101842_759 0859,motion-1,360.3071,209.37354
2020-08-06_101842_759 0729,motion-1,353.23752,204.28793
2020-08-06_101842_759 0018,motion-1,325.30237,202.30028
2020-08-06_101842_759 1414,motion-1,444.26636,206.35365
2020-08-06_101842_759 0514,motion-1,343.3898,211.99593
2020-08-06_101842_759 1623,motion-1,440.662,206.15085
2020-08-06_101842_759 1195,motion-1,415.42252,200.90712
2020-08-06_101842_759 1368,motion-1,446.9578,207.55055
2020-08-06_101842_759 0952,motion-1,384.51175,203.05193
2020-08-06_101842_759 0803,motion-1,349.66858,209.33638
2020-08-06_101842_759 0215,motion-1,317.0031,209.2912
2020-08-06_101842_759 1582,motion-1,441.0147,206.08911
2020-08-06_101842_759 0398,motion-1,334.59637,204.64908
2020-08-06_101842_759 0043,motion-1,321.08566,205.36139
2020-08-06_101842_759 1179,motion-1,414.21692,204.97702
2020-08-06_101842_759 0772,motion-1,361.59982,210.65671
2020-08-06_101842_759 0084,motion-1,321.65845,205.18866
2020-08-06_101842_759 0256,motion-1,325.7465,205.75984
2020-08-06_101842_759 0908,motion-1,376.89874,213.0954
2020-08-06_101842_759 0511,motion-1,343.86578,211.47493
2020-08-06_101842_759 0028,motion-1,325.30365,202.26091
2020-08-06_101842_759 0148,motion-1,333.48575,202.15439
2020-08-06_101842_759 0816,motion-1,361.94815,210.19019
2020-08-06_101842_759 1386,motion-1,443.38904,214.14087
2020-08-06_101842_759 1234,motion-1,415.1453,207.0512
2020-08-06_101842_759 0350,motion-1,332.71097,206.65509
2020-08-06_101842_759 1524,motion-1,441.6286,205.80144
2020-08-06_101842_759 0463,motion-1,334.6728,204.79236
2020-08-06_101842_759 1441,motion-1,439.21582,207.93008
2020-08-06_101842_759 1107,motion-1,393.23227,211.81929
2020-08-06_101842_759 0770,motion-1,352.4378,205.15578
2020-08-06_101842_759 1356,motion-1,445.5653,205.86017
2020-08-06_101842_759 0621,motion-1,334.15314,210.49834
2020-08-06_101842_759 0834,motion-1,365.09244,206.96817
2020-08-06_101842_759 0890,motion-1,364.8019,206.2668
2020-08-06_101842_759 1408,motion-1,447.5168,205.88464
2020-08-06_101842_759 1694,motion-1,441.08215,205.59029
2020-08-06_101842_759 0853,motion-1,357.8963,205.5964
2020-08-06_101842_759 1481,motion-1,442.1264,205.34094
2020-08-06_101842_759 0041,motion-1,325.37668,202.23128
2020-08-06_101842_759 1330,motion-1,447.44888,212.11038
2020-08-06_101842_759 1211,motion-1,425.24142,208.9706
2020-08-06_101842_759 0348,motion-1,332.95786,206.38652
2020-08-06_101842_759 0571,motion-1,341.94156,207.1507
2020-08-06_101842_759 1378,motion-1,447.9568,213.96347
2020-08-06_101842_759 0749,motion-1,355.9883,198.22089
2020-08-06_101842_759 1636,motion-1,440.4914,205.58093
2020-08-06_101842_759 1454,motion-1,438.43414,209.64478
2020-08-06_101842_759 0452,motion-1,333.88116,205.74422
2020-08-06_101842_759 0428,motion-1,333.64786,206.2519
2020-08-06_101842_759 0598,motion-1,347.8066,212.21613
2020-08-06_101842_759 0524,motion-1,334.25403,211.49496
2020-08-06_101842_759 0402,motion-1,336.33194,205.93507
2020-08-06_101842_759 1128,motion-1,416.59177,196.02174
2020-08-06_101842_759 0093,motion-1,320.9391,205.19151
2020-08-06_101842_759 1400,motion-1,447.08734,213.4304
2020-08-06_101842_759 1082,motion-1,389.7797,211.01346
2020-08-06_101842_759 1391,motion-1,447.78876,212.82634
2020-08-06_101842_759 0619,motion-1,336.7991,210.9102
2020-08-06_101842_759 0694,motion-1,361.4988,199.61563
2020-08-06_101842_759 0775,motion-1,364.41885,208.87103
2020-08-06_101842_759 0146,motion-1,338.76755,204.26779
2020-08-06_101842_759 0700,motion-1,360.9265,210.34035
2020-08-06_101842_759 0226,motion-1,336.06934,205.6823
2020-08-06_101842_759 0620,motion-1,334.47894,210.89171
2020-08-06_101842_759 1172,motion-1,424.84122,205.03366
2020-08-06_101842_759 1181,motion-1,413.38406,207.20023
2020-08-06_101842_759 1699,motion-1,441.14432,205.66338
2020-08-06_101842_759 0066,motion-1,321.65414,204.92598
2020-08-06_101842_759 0533,motion-1,341.13608,212.51242
2020-08-06_101842_759 1537,motion-1,440.906,205.49695
2020-08-06_101842_759 1284,motion-1,442.55328,203.59578
2020-08-06_101842_759 1482,motion-1,441.13757,205.82727
2020-08-06_101842_759 0416,motion-1,333.06055,207.23532
2020-08-06_101842_759 0092,motion-1,321.2222,205.15977
2020-08-06_101842_759 0138,motion-1,340.71902,204.28679
2020-08-06_101842_759 0872,motion-1,370.97964,211.68608
2020-08-06_101842_759 0086,motion-1,320.88266,205.50435
2020-08-06_101842_759 0190,motion-1,333.81622,203.2951
2020-08-06_101842_759 0905,motion-1,382.0101,212.00433
2020-08-06_101842_759 0541,motion-1,332.40277,211.8585
2020-08-06_101842_759 0748,motion-1,356.65726,199.33673
2020-08-06_101842_759 1350,motion-1,440.29797,209.6878
2020-08-06_101842_759 0454,motion-1,340.52496,206.61287
2020-08-06_101842_759 0582,motion-1,344.93097,211.62804
2020-08-06_101842_759 0929,motion-1,379.7557,212.39645
2020-08-06_101842_759 0668,motion-1,351.30896,212.64351
2020-08-06_101842_759 1490,motion-1,441.05136,205.68745
2020-08-06_101842_759 1549,motion-1,441.53104,205.74855
2020-08-06_101842_759 0927,motion-1,380.78604,212.7592
2020-08-06_101842_759 1666,motion-1,441.06778,205.47
2020-08-06_101842_759 0207,motion-1,323.36996,206.22113
2020-08-06_101842_759 1040,motion-1,389.7445,210.55655
2020-08-06_101842_759 1688,motion-1,441.20944,205.79921
2020-08-06_101842_759 0653,motion-1,346.6259,212.10709
2020-08-06_101842_759 0467,motion-1,333.2957,206.64388
2020-08-06_101842_759 0914,motion-1,379.5751,201.87791
2020-08-06_101842_759 0293,motion-1,325.23087,206.14915
2020-08-06_101842_759 1327,motion-1,449.30453,212.02782
2020-08-06_101842_759 1418,motion-1,439.0665,208.63046
2020-08-06_101842_759 0090,motion-1,325.56253,202.0314
2020-08-06_101842_759 1586,motion-1,441.09518,205.57704
2020-08-06_101842_759 1312,motion-1,446.4948,207.7404
2020-08-06_101842_759 0532,motion-1,343.02075,212.48038
2020-08-06_101842_759 0814,motion-1,360.2263,211.4201
2020-08-06_101842_759 0575,motion-1,345.42673,207.14748
2020-08-06_101842_759 1354,motion-1,442.71933,214.11043
2020-08-06_101842_759 1492,motion-1,441.9354,205.57199
2020-08-06_101842_759 1229,motion-1,428.20413,211.73209
2020-08-06_101842_759 0254,motion-1,324.5068,205.82536
2020-08-06_101842_759 1223,motion-1,421.7051,211.29216
2020-08-06_101842_759 0390,motion-1,333.3856,206.5608
2020-08-06_101842_759 1655,motion-1,440.82516,205.7045
2020-08-06_101842_759 0170,motion-1,323.76605,205.38298
2020-08-06_101842_759 1187,motion-1,424.0733,208.45927
2020-08-06_101842_759 1096,motion-1,403.24026,212.2451
2020-08-06_101842_759 0881,motion-1,364.87735,206.53865
2020-08-06_101842_759 0379,motion-1,332.991,205.8351
2020-08-06_101842_759 0433,motion-1,337.88824,205.9384
2020-08-06_101842_759 0099,motion-1,325.0122,201.77063
2020-08-06_101842_759 0791,motion-1,365.01126,207.05405
2020-08-06_101842_759 0529,motion-1,345.62177,212.44963
2020-08-06_101842_759 0328,motion-1,332.93365,206.94342
2020-08-06_101842_759 0569,motion-1,339.9593,212.03003
2020-08-06_101842_759 1534,motion-1,440.4068,205.8899
2020-08-06_101842_759 0925,motion-1,378.40094,212.7597
2020-08-06_101842_759 0417,motion-1,332.85022,207.0151
2020-08-06_101842_759 0120,motion-1,321.63556,205.42563
2020-08-06_101842_759 0464,motion-1,333.32925,204.73108
2020-08-06_101842_759 0497,motion-1,341.4733,211.6513
2020-08-06_101842_759 0223,motion-1,333.81073,204.4659
2020-08-06_101842_759 1647,motion-1,441.47968,205.55754
2020-08-06_101842_759 0790,motion-1,364.71698,207.45186
2020-08-06_101842_759 1003,motion-1,370.68924,211.66731
2020-08-06_101842_759 0701,motion-1,353.08057,204.23463
2020-08-06_101842_759 1197,motion-1,414.8137,205.96661
2020-08-06_101842_759 0638,motion-1,341.24863,211.17271
2020-08-06_101842_759 1271,motion-1,436.97272,208.85992
2020-08-06_101842_759 0228,motion-1,333.8185,203.62004
2020-08-06_101842_759 1618,motion-1,441.59183,205.39806
2020-08-06_101842_759 0855,motion-1,361.8661,210.21336
2020-08-06_101842_759 0589,motion-1,333.99933,205.30568
2020-08-06_101842_759 0557,motion-1,338.96927,206.54497
2020-08-06_101842_759 0956,motion-1,373.95953,207.46548
2020-08-06_101842_759 1557,motion-1,441.7474,205.31555
2020-08-06_101842_759 1233,motion-1,420.87357,209.50296
2020-08-06_101842_759 0793,motion-1,351.92682,209.43556
2020-08-06_101842_759 0578,motion-1,344.36426,211.22144
2020-08-06_101842_759 1404,motion-1,447.50464,211.71645
2020-08-06_101842_759 1113,motion-1,415.73172,197.52423
2020-08-06_101842_759 1041,motion-1,382.73724,213.5995
2020-08-06_101842_759 1230,motion-1,426.35068,209.54689
2020-08-06_101842_759 0116,motion-1,325.0603,203.22969
2020-08-06_101842_759 1396,motion-1,448.22552,202.36476
2020-08-06_101842_759 0759,motion-1,351.0436,209.89957
2020-08-06_101842_759 0064,motion-1,321.7231,205.17671
2020-08-06_101842_759 0610,motion-1,344.59637,211.20789
2020-08-06_101842_759 1580,motion-1,441.05463,205.8624
2020-08-06_101842_759 1311,motion-1,449.5096,203.73851
2020-08-06_101842_759 0960,motion-1,382.23352,213.44513
2020-08-06_101842_759 1322,motion-1,437.8852,211.61891
2020-08-06_101842_759 1059,motion-1,393.95624,210.55702
2020-08-06_101842_759 1566,motion-1,438.77197,209.40706
2020-08-06_101842_759 1687,motion-1,440.9365,205.69603
2020-08-06_101842_759 0008,motion-1,321.40942,205.5734
2020-08-06_101842_759 0330,motion-1,333.271,206.43782
2020-08-06_101842_759 0647,motion-1,353.63406,199.16782
2020-08-06_101842_759 0672,motion-1,346.66718,211.42929
2020-08-06_101842_759 0988,motion-1,364.94543,205.95692
2020-08-06_101842_759 0776,motion-1,364.22333,208.69565
2020-08-06_101842_759 0059,motion-1,325.4271,202.09863
2020-08-06_101842_759 0210,motion-1,326.75058,204.65895
2020-08-06_101842_759 1548,motion-1,441.06604,205.25015
2020-08-06_101842_759 0762,motion-1,361.14798,209.63834
2020-08-06_101842_759 0117,motion-1,324.9856,202.26192
2020-08-06_101842_759 1067,motion-1,393.90738,211.51582
2020-08-06_101842_759 1487,motion-1,441.0025,205.82773
2020-08-06_101842_759 0519,motion-1,330.97034,210.69672
2020-08-06_101842_759 0888,motion-1,374.22513,211.91803
2020-08-06_101842_759 1657,motion-1,441.0468,205.42
2020-08-06_101842_759 1662,motion-1,440.63535,205.99416
2020-08-06_101842_759 0786,motion-1,354.29605,205.7138
2020-08-06_101842_759 0644,motion-1,352.42978,212.68375
2020-08-06_101842_759 0965,motion-1,378.81137,211.93163
2020-08-06_101842_759 0808,motion-1,363.40427,207.88756
2020-08-06_101842_759 1451,motion-1,439.6301,208.48491
2020-08-06_101842_759 1676,motion-1,441.36548,205.85156
2020-08-06_101842_759 1424,motion-1,439.51694,209.00172
2020-08-06_101842_759 0539,motion-1,333.71408,207.93222
2020-08-06_101842_759 1466,motion-1,441.63815,205.6959
2020-08-06_101842_759 0027,motion-1,325.79657,202.13234
2020-08-06_101842_759 1369,motion-1,444.67615,209.85199
2020-08-06_101842_759 1374,motion-1,443.67462,201.93071
2020-08-06_101842_759 1056,motion-1,394.21017,208.03792
2020-08-06_101842_759 0388,motion-1,319.89172,209.04527
2020-08-06_101842_759 1409,motion-1,445.86517,207.06949
2020-08-06_101842_759 0997,motion-1,365.44443,206.59396
2020-08-06_101842_759 0777,motion-1,350.90375,211.18684
2020-08-06_101842_759 1499,motion-1,440.89984,205.57031
2020-08-06_101842_759 0709,motion-1,356.93362,198.33723
2020-08-06_101842_759 0182,motion-1,323.35532,206.60252
2020-08-06_101842_759 0705,motion-1,351.5838,199.90352
2020-08-06_101842_759 1579,motion-1,440.63257,206.11746
2020-08-06_101842_759 1159,motion-1,410.15955,199.67735
2020-08-06_101842_759 0329,motion-1,332.45358,205.77876
2020-08-06_101842_759 0355,motion-1,325.39032,206.68544
2020-08-06_101842_759 1560,motion-1,440.57092,205.74321
2020-08-06_101842_759 0698,motion-1,361.1553,210.25496
2020-08-06_101842_759 0291,motion-1,325.93204,206.05391
2020-08-06_101842_759 1437,motion-1,441.09027,205.93773
2020-08-06_101842_759 1189,motion-1,421.90707,211.02261
2020-08-06_101842_759 0375,motion-1,333.68942,205.28893
2020-08-06_101842_759 1315,motion-1,451.3725,211.06906
2020-08-06_101842_759 0104,motion-1,321.14227,204.833
2020-08-06_101842_759 1228,motion-1,432.23883,213.20355
2020-08-06_101842_759 1479,motion-1,441.44012,205.4538
2020-08-06_101842_759 0057,motion-1,325.88113,201.99463
2020-08-06_101842_759 0718,motion-1,353.5118,212.71901
2020-08-06_101842_759 0886,motion-1,381.21533,213.13098
2020-08-06_101842_759 0583,motion-1,342.64407,211.46426
2020-08-06_101842_759 0431,motion-1,333.70767,205.54657
2020-08-06_101842_759 0171,motion-1,322.66785,206.02396
2020-08-06_101842_759 0352,motion-1,326.40308,206.5517
2020-08-06_101842_759 1097,motion-1,405.79572,212.70033
2020-08-06_101842_759 1278,motion-1,431.01654,214.15262
2020-08-06_101842_759 0837,motion-1,366.3559,211.32649
2020-08-06_101842_759 1547,motion-1,441.46094,205.39731
2020-08-06_101842_759 0880,motion-1,352.25507,211.27242
2020-08-06_101842_759 1290,motion-1,432.81934,211.88176
2020-08-06_101842_759 0010,motion-1,325.34882,202.0991
2020-08-06_101842_759 0877,motion-1,360.54764,209.68808
2020-08-06_101842_759 0042,motion-1,325.4153,202.17717
2020-08-06_101842_759 1541,motion-1,441.36487,205.36609
2020-08-06_101842_759 0510,motion-1,346.74643,206.96544
2020-08-06_101842_759 1643,motion-1,440.793,205.79637
2020-08-06_101842_759 1304,motion-1,440.2796,211.83757
2020-08-06_101842_759 0831,motion-1,362.0612,211.1059
2020-08-06_101842_759 0950,motion-1,391.8045,208.14497
2020-08-06_101842_759 1503,motion-1,440.72458,205.97014
2020-08-06_101842_759 0459,motion-1,344.66132,207.3511
2020-08-06_101842_759 0335,motion-1,333.86752,204.66266
2020-08-06_101842_759 1372,motion-1,444.52277,208.49973
2020-08-06_101842_759 0788,motion-1,348.79977,210.60138
2020-08-06_101842_759 0141,motion-1,341.26025,204.345
2020-08-06_101842_759 1698,motion-1,441.00525,205.80267
2020-08-06_101842_759 0309,motion-1,332.51117,206.50078
2020-08-06_101842_759 1077,motion-1,391.47287,209.98277
2020-08-06_101842_759 0310,motion-1,325.23642,206.77042
2020-08-06_101842_759 1108,motion-1,399.01468,211.5229
2020-08-06_101842_759 0128,motion-1,333.38867,203.25978
2020-08-06_101842_759 1546,motion-1,441.1869,205.69647
2020-08-06_101842_759 1174,motion-1,425.58023,206.7175
2020-08-06_101842_759 1277,motion-1,429.4265,213.56038
2020-08-06_101842_759 0381,motion-1,333.01855,207.16055
2020-08-06_101842_759 0902,motion-1,381.76166,199.47987
2020-08-06_101842_759 1646,motion-1,440.7342,206.09883
2020-08-06_101842_759 0900,motion-1,381.9382,199.58861
2020-08-06_101842_759 1571,motion-1,438.61227,209.69144
2020-08-06_101842_759 0449,motion-1,325.30096,206.3851
2020-08-06_101842_759 0723,motion-1,359.84164,211.18274
2020-08-06_101842_759 1261,motion-1,437.1472,211.44064
2020-08-06_101842_759 0958,motion-1,374.19772,206.56819
2020-08-06_101842_759 0879,motion-1,357.1146,205.97015
2020-08-06_101842_759 1293,motion-1,434.8511,214.80179
2020-08-06_101842_759 1147,motion-1,417.3359,199.46558
2020-08-06_101842_759 1341,motion-1,449.4973,207.0738
2020-08-06_101842_759 0482,motion-1,334.1906,204.98396
2020-08-06_101842_759 1640,motion-1,440.96454,205.37708
2020-08-06_101842_759 1024,motion-1,392.51575,209.48598
2020-08-06_101842_759 0160,motion-1,324.87845,205.74416
2020-08-06_101842_759 0864,motion-1,348.8464,210.1506
2020-08-06_101842_759 0502,motion-1,333.0605,204.89597
2020-08-06_101842_759 0666,motion-1,353.5216,197.97844
2020-08-06_101842_759 1600,motion-1,441.5709,205.60971
2020-08-06_101842_759 1094,motion-1,395.05994,212.3871
2020-08-06_101842_759 0932,motion-1,371.56854,211.54623
2020-08-06_101842_759 1652,motion-1,438.7286,209.38885
2020-08-06_101842_759 1583,motion-1,438.86807,209.46513
2020-08-06_101842_759 1039,motion-1,383.17444,205.00854
2020-08-06_101842_759 1283,motion-1,436.51923,208.34853
2020-08-06_101842_759 1417,motion-1,439.315,208.3766
2020-08-06_101842_759 1568,motion-1,441.10553,205.454
2020-08-06_101842_759 0739,motion-1,360.5211,211.5082
2020-08-06_101842_759 1297,motion-1,446.83774,203.72878
2020-08-06_101842_759 0742,motion-1,356.96948,205.0711
2020-08-06_101842_759 0673,motion-1,348.33875,211.62772
2020-08-06_101842_759 0268,motion-1,325.1777,206.89659
2020-08-06_101842_759 0432,motion-1,334.0737,204.3583
2020-08-06_101842_759 1207,motion-1,419.76254,199.40392
2020-08-06_101842_759 1337,motion-1,446.33936,213.02127
2020-08-06_101842_759 0799,motion-1,360.3311,211.47511
2020-08-06_101842_759 0158,motion-1,325.28656,205.53842
2020-08-06_101842_759 0767,motion-1,352.62912,200.33704
2020-08-06_101842_759 0580,motion-1,346.26892,211.66364
2020-08-06_101842_759 0780,motion-1,353.37,204.54208
2020-08-06_101842_759 1439,motion-1,438.83035,208.02733
2020-08-06_101842_759 0255,motion-1,325.21332,205.67941
2020-08-06_101842_759 1178,motion-1,415.9338,204.19101
2020-08-06_101842_759 1326,motion-1,444.7594,209.40488
2020-08-06_101842_759 0324,motion-1,326.82086,206.45366
2020-08-06_101842_759 0359,motion-1,333.40527,207.12926
2020-08-06_101842_759 1095,motion-1,399.51373,211.96661
2020-08-06_101842_759 0983,motion-1,362.8387,209.85097
2020-08-06_101842_759 1680,motion-1,439.9631,206.26079
2020-08-06_101842_759 1298,motion-1,450.52597,203.82524
2020-08-06_101842_759 0996,motion-1,364.99304,206.97713
2020-08-06_101842_759 1217,motion-1,423.21454,208.52919
2020-08-06_101842_759 1393,motion-1,448.4957,211.99335
2020-08-06_101842_759 0411,motion-1,333.2455,206.56049
2020-08-06_101842_759 1210,motion-1,411.5891,212.83803
2020-08-06_101842_759 0248,motion-1,333.75262,206.3151
2020-08-06_101842_759 0928,motion-1,380.76294,212.83502
2020-08-06_101842_759 0144,motion-1,340.54547,204.53911
2020-08-06_101842_759 1173,motion-1,425.72717,205.1261
2020-08-06_101842_759 1209,motion-1,421.78464,210.1429
2020-08-06_101842_759 0708,motion-1,355.1167,198.26457
2020-08-06_101842_759 1366,motion-1,436.92422,208.90302
2020-08-06_101842_759 0809,motion-1,347.5861,208.96095
2020-08-06_101842_759 0867,motion-1,367.04773,211.1132
2020-08-06_101842_759 0082,motion-1,325.3958,202.08221
2020-08-06_101842_759 0384,motion-1,325.76544,206.53691
2020-08-06_101842_759 0981,motion-1,361.73492,210.06853
2020-08-06_101842_759 1117,motion-1,409.88623,211.34247
2020-08-06_101842_759 0632,motion-1,349.83496,199.08977
2020-08-06_101842_759 1574,motion-1,441.37924,205.56924
2020-08-06_101842_759 0783,motion-1,356.66946,212.98749
2020-08-06_101842_759 0340,motion-1,333.3613,204.75009
2020-08-06_101842_759 0626,motion-1,346.47284,212.39542
2020-08-06_101842_759 0545,motion-1,347.04257,212.63872
2020-08-06_101842_759 0646,motion-1,354.14206,198.22632
2020-08-06_101842_759 1021,motion-1,392.50586,211.3511
2020-08-06_101842_759 0567,motion-1,343.04095,211.11734
2020-08-06_101842_759 0540,motion-1,333.85883,206.72746
2020-08-06_101842_759 0386,motion-1,318.85953,208.98044
2020-08-06_101842_759 0102,motion-1,320.65128,205.24844
2020-08-06_101842_759 0121,motion-1,323.5202,205.39037
2020-08-06_101842_759 0990,motion-1,365.33514,206.39076
2020-08-06_101842_759 0805,motion-1,364.77512,206.96524
2020-08-06_101842_759 0412,motion-1,333.17725,206.87257
2020-08-06_101842_759 1435,motion-1,441.5727,205.81908
2020-08-06_101842_759 0840,motion-1,349.2637,209.39308
2020-08-06_101842_759 1622,motion-1,440.66263,206.10612
2020-08-06_101842_759 0336,motion-1,334.02734,204.48743
2020-08-06_101842_759 1338,motion-1,445.351,210.0658
2020-08-06_101842_759 1194,motion-1,410.88,200.19055
2020-08-06_101842_759 1603,motion-1,440.91293,205.9576
2020-08-06_101842_759 1344,motion-1,445.96158,201.92136
2020-08-06_101842_759 0366,motion-1,333.36478,205.6917
2020-08-06_101842_759 0679,motion-1,359.5625,199.34442
2020-08-06_101842_759 0822,motion-1,367.35992,211.19875
2020-08-06_101842_759 0351,motion-1,326.10165,206.67606
2020-08-06_101842_759 0870,motion-1,373.8293,212.0016
2020-08-06_101842_759 1444,motion-1,438.9866,208.19684
2020-08-06_101842_759 0998,motion-1,364.85788,206.56235
2020-08-06_101842_759 1474,motion-1,440.642,205.87837
2020-08-06_101842_759 0526,motion-1,341.1611,211.9607
2020-08-06_101842_759 0460,motion-1,344.82117,207.13513
2020-08-06_101842_759 0501,motion-1,330.45523,210.61143
2020-08-06_101842_759 0383,motion-1,326.0314,206.44307
2020-08-06_101842_759 0543,motion-1,341.90155,211.97331
2020-08-06_101842_759 1184,motion-1,421.102,210.98228
2020-08-06_101842_759 0876,motion-1,361.54376,210.16168
2020-08-06_101842_759 1505,motion-1,440.80908,205.48714
2020-08-06_101842_759 1626,motion-1,441.25058,205.62598
2020-08-06_101842_759 1641,motion-1,441.21777,205.66045
2020-08-06_101842_759 0576,motion-1,346.6003,206.87993
2020-08-06_101842_759 0528,motion-1,344.93076,212.17645
2020-08-06_101842_759 1328,motion-1,449.80917,212.01935
2020-08-06_101842_759 1175,motion-1,425.4671,208.22832
2020-08-06_101842_759 1310,motion-1,438.1847,209.02902
2020-08-06_101842_759 0773,motion-1,350.59598,209.95314
2020-08-06_101842_759 0392,motion-1,333.54407,205.86346
2020-08-06_101842_759 0961,motion-1,381.84595,212.61206
2020-08-06_101842_759 0634,motion-1,350.03003,212.3086
2020-08-06_101842_759 0409,motion-1,333.29233,205.2593
2020-08-06_101842_759 1332,motion-1,444.93408,213.54903
2020-08-06_101842_759 1572,motion-1,440.92197,205.81267
2020-08-06_101842_759 0804,motion-1,364.1877,207.90718
2020-08-06_101842_759 0112,motion-1,321.2726,205.07661
2020-08-06_101842_759 1429,motion-1,440.83032,206.3212
2020-08-06_101842_759 1607,motion-1,438.94482,209.47485
2020-08-06_101842_759 0977,motion-1,366.22852,211.44722
2020-08-06_101842_759 0302,motion-1,326.05746,206.11694
2020-08-06_101842_759 0818,motion-1,364.38937,209.06773
2020-08-06_101842_759 0419,motion-1,333.70905,207.52454
2020-08-06_101842_759 0032,motion-1,321.0433,205.49864
2020-08-06_101842_759 1123,motion-1,409.77402,213.36815
2020-08-06_101842_759 1576,motion-1,440.96118,205.86063
2020-08-06_101842_759 1202,motion-1,421.23788,209.60287
2020-08-06_101842_759 1355,motion-1,437.67325,209.10469
2020-08-06_101842_759 1201,motion-1,422.3686,210.38571
2020-08-06_101842_759 0456,motion-1,345.4166,207.23079
2020-08-06_101842_759 0604,motion-1,336.205,210.2987
2020-08-06_101842_759 1287,motion-1,435.0552,206.81839
2020-08-06_101842_759 1597,motion-1,441.58154,205.21783
2020-08-06_101842_759 1380,motion-1,450.5741,212.37903
2020-08-06_101842_759 0664,motion-1,356.50998,197.77081
2020-08-06_101842_759 1471,motion-1,441.68832,205.39893
2020-08-06_101842_759 1565,motion-1,441.1073,205.41853
2020-08-06_101842_759 0654,motion-1,344.07816,211.64964
2020-08-06_101842_759 0573,motion-1,341.13535,206.68718
2020-08-06_101842_759 0766,motion-1,353.63763,200.10843
2020-08-06_101842_759 1472,motion-1,440.76794,206.12628
2020-08-06_101842_759 1086,motion-1,405.92584,209.94893
2020-08-06_101842_759 1220,motion-1,413.7691,206.08665
2020-08-06_101842_759 1463,motion-1,440.73795,205.48518
2020-08-06_101842_759 0100,motion-1,325.24005,201.6804
2020-08-06_101842_759 1264,motion-1,434.04593,213.37778
2020-08-06_101842_759 0663,motion-1,355.86627,198.29842
2020-08-06_101842_759 0338,motion-1,334.14252,204.9889
2020-08-06_101842_759 1295,motion-1,440.15097,215.31697
2020-08-06_101842_759 1438,motion-1,442.07413,205.13002
2020-08-06_101842_759 0500,motion-1,339.6307,206.80968
2020-08-06_101842_759 1345,motion-1,446.41333,203.86009
2020-08-06_101842_759 0743,motion-1,362.60168,210.55704
2020-08-06_101842_759 0179,motion-1,326.4314,203.60611
2020-08-06_101842_759 0731,motion-1,355.81934,199.60335
2020-08-06_101842_759 1263,motion-1,434.34198,212.02484
2020-08-06_101842_759 0119,motion-1,325.6828,202.53174
2020-08-06_101842_759 0693,motion-1,356.9628,198.04604
2020-08-06_101842_759 1246,motion-1,426.97736,210.26202
2020-08-06_101842_759 1114,motion-1,413.18677,197.55963
2020-08-06_101842_759 1639,motion-1,441.1839,205.8431
2020-08-06_101842_759 0387,motion-1,319.3198,208.98058
2020-08-06_101842_759 1442,motion-1,439.39578,208.23099
2020-08-06_101842_759 0457,motion-1,345.8967,207.04865
2020-08-06_101842_759 1242,motion-1,433.6551,213.16869
2020-08-06_101842_759 1274,motion-1,436.70212,212.41992
2020-08-06_101842_759 1109,motion-1,405.1358,211.26073
2020-08-06_101842_759 1679,motion-1,440.38815,206.13748
2020-08-06_101842_759 0722,motion-1,357.95532,198.77602
2020-08-06_101842_759 1331,motion-1,445.75906,207.1639
2020-08-06_101842_759 1079,motion-1,392.27866,210.56522
2020-08-06_101842_759 1286,motion-1,437.64194,207.68135
2020-08-06_101842_759 1043,motion-1,398.2773,211.61069
2020-08-06_101842_759 0101,motion-1,320.90967,205.0431
2020-08-06_101842_759 0385,motion-1,326.38116,206.47331
2020-08-06_101842_759 1390,motion-1,446.32315,213.11577
2020-08-06_101842_759 1103,motion-1,394.92215,204.1252
2020-08-06_101842_759 0201,motion-1,333.7973,204.72243
2020-08-06_101842_759 1206,motion-1,418.46072,197.50084
2020-08-06_101842_759 0962,motion-1,381.4366,212.85754
2020-08-06_101842_759 0371,motion-1,333.8047,204.65205
2020-08-06_101842_759 0414,motion-1,320.91055,208.97736
2020-08-06_101842_759 1373,motion-1,447.53366,204.41757
2020-08-06_101842_759 1598,motion-1,440.60825,205.46196
2020-08-06_101842_759 0321,motion-1,326.20096,206.32492
2020-08-06_101842_759 1126,motion-1,415.79794,197.37105
2020-08-06_101842_759 0642,motion-1,347.09506,211.66461
2020-08-06_101842_759 1148,motion-1,416.18738,199.9071
2020-08-06_101842_759 1045,motion-1,402.05557,211.45105
2020-08-06_101842_759 0303,motion-1,325.85013,206.54387
2020-08-06_101842_759 1292,motion-1,433.09335,214.25829
2020-08-06_101842_759 1509,motion-1,440.1795,206.19574
2020-08-06_101842_759 0192,motion-1,334.00818,202.58676
2020-08-06_101842_759 1069,motion-1,395.7636,207.67848
2020-08-06_101842_759 0292,motion-1,325.39755,206.52531
2020-08-06_101842_759 1358,motion-1,445.3864,208.77579
2020-08-06_101842_759 0420,motion-1,333.37448,206.5231
2020-08-06_101842_759 0820,motion-1,365.07495,211.5866
2020-08-06_101842_759 0023,motion-1,320.8806,205.4587
2020-08-06_101842_759 1213,motion-1,425.87015,208.11003
2020-08-06_101842_759 0098,motion-1,325.31677,202.2419
2020-08-06_101842_759 1616,motion-1,440.786,205.79921
2020-08-06_101842_759 0796,motion-1,354.56442,204.77596
2020-08-06_101842_759 0188,motion-1,333.87027,204.29652
2020-08-06_101842_759 0081,motion-1,325.84375,202.03178
2020-08-06_101842_759 0670,motion-1,347.11658,211.17496
2020-08-06_101842_759 0774,motion-1,364.06964,208.71521
2020-08-06_101842_759 1496,motion-1,441.21255,205.60013
2020-08-06_101842_759 0205,motion-1,325.19986,206.43634
2020-08-06_101842_759 0477,motion-1,345.85312,206.86293
2020-08-06_101842_759 0587,motion-1,332.3968,210.82542
2020-08-06_101842_759 1592,motion-1,440.70764,205.60066
2020-08-06_101842_759 0509,motion-1,339.8016,212.07863
2020-08-06_101842_759 1594,motion-1,440.88202,205.52284
2020-08-06_101842_759 0544,motion-1,345.32996,212.08453
2020-08-06_101842_759 1231,motion-1,411.78058,209.14427
2020-08-06_101842_759 1708,motion-1,438.16815,209.7145
2020-08-06_101842_759 1605,motion-1,441.22357,205.85883
2020-08-06_101842_759 0123,motion-1,325.68365,205.47008
2020-08-06_101842_759 1314,motion-1,452.12363,210.63629
2020-08-06_101842_759 0418,motion-1,333.4103,206.95184
2020-08-06_101842_759 0761,motion-1,357.46146,205.16272
2020-08-06_101842_759 0265,motion-1,325.82,206.86229
2020-08-06_101842_759 0003,motion-1,325.4334,202.28133
2020-08-06_101842_759 0741,motion-1,356.08514,204.95645
2020-08-06_101842_759 0050,motion-1,321.1606,204.90715
2020-08-06_101842_759 0617,motion-1,343.20288,211.84048
2020-08-06_101842_759 1672,motion-1,441.43018,205.40509
2020-08-06_101842_759 0807,motion-1,364.17767,206.83127
2020-08-06_101842_759 1070,motion-1,395.84888,206.60083
2020-08-06_101842_759 0838,motion-1,364.2171,211.08817
2020-08-06_101842_759 0471,motion-1,334.52286,205.32584
2020-08-06_101842_759 1613,motion-1,441.24,205.33202
2020-08-06_101842_759 0894,motion-1,354.73944,212.58493
2020-08-06_101842_759 1500,motion-1,440.35776,205.73041
2020-08-06_101842_759 1645,motion-1,438.85443,209.2729
2020-08-06_101842_759 0009,motion-1,321.29068,205.27904
2020-08-06_101842_759 0520,motion-1,334.05707,205.45235
2020-08-06_101842_759 0065,motion-1,325.6234,202.28764
2020-08-06_101842_759 0142,motion-1,340.69293,204.4706
2020-08-06_101842_759 1162,motion-1,410.00714,213.21219
2020-08-06_101842_759 0401,motion-1,334.18018,204.0077
2020-08-06_101842_759 1142,motion-1,406.63242,205.97153
2020-08-06_101842_759 0172,motion-1,323.14487,205.81834
2020-08-06_101842_759 1670,motion-1,440.73355,205.64357
2020-08-06_101842_759 1587,motion-1,440.29047,206.05772
2020-08-06_101842_759 0421,motion-1,333.07794,207.49239
2020-08-06_101842_759 1411,motion-1,445.78882,206.42409
2020-08-06_101842_759 1673,motion-1,440.77463,205.48045
2020-08-06_101842_759 0222,motion-1,333.52747,204.06982
2020-08-06_101842_759 1491,motion-1,441.1476,206.18336
2020-08-06_101842_759 0278,motion-1,332.9674,206.93385
2020-08-06_101842_759 1642,motion-1,441.2444,205.73781
2020-08-06_101842_759 1185,motion-1,423.13596,210.8942
2020-08-06_101842_759 1416,motion-1,440.15045,208.71849
2020-08-06_101842_759 0667,motion-1,350.03326,198.68039
2020-08-06_101842_759 1129,motion-1,414.30936,195.79535
2020-08-06_101842_759 1413,motion-1,443.53046,207.16493
2020-08-06_101842_759 0426,motion-1,333.33548,206.78539
2020-08-06_101842_759 1468,motion-1,441.88806,205.69131
2020-08-06_101842_759 0979,motion-1,363.46448,211.01266
2020-08-06_101842_759 0689,motion-1,347.8025,212.07149
2020-08-06_101842_759 0283,motion-1,325.8809,206.44295
2020-08-06_101842_759 1395,motion-1,443.9168,208.41736
2020-08-06_101842_759 0294,motion-1,325.9746,205.93745
2020-08-06_101842_759 0607,motion-1,342.51547,207.06987
2020-08-06_101842_759 0191,motion-1,333.75943,202.91992
2020-08-06_101842_759 1047,motion-1,383.22885,211.50296
2020-08-06_101842_759 0276,motion-1,326.11,206.15733
2020-08-06_101842_759 1562,motion-1,441.27164,205.53813
2020-08-06_101842_759 1260,motion-1,438.83774,212.35452
2020-08-06_101842_759 0566,motion-1,345.0286,211.63745
2020-08-06_101842_759 0455,motion-1,337.87494,210.64432
2020-08-06_101842_759 0212,motion-1,326.9144,205.09921
2020-08-06_101842_759 1371,motion-1,447.88144,211.00139
2020-08-06_101842_759 0903,motion-1,380.31946,198.45198
2020-08-06_101842_759 0771,motion-1,359.9017,210.34349
2020-08-06_101842_759 1140,motion-1,406.86874,213.28847
2020-08-06_101842_759 0830,motion-1,361.12494,209.98305
2020-08-06_101842_759 0013,motion-1,320.66516,205.49261
2020-08-06_101842_759 1674,motion-1,441.1192,205.71191
2020-08-06_101842_759 0209,motion-1,326.86752,204.5675
2020-08-06_101842_759 0732,motion-1,352.46545,199.92451
2020-08-06_101842_759 0195,motion-1,338.36395,204.88466
2020-08-06_101842_759 0702,motion-1,359.9177,200.08768
2020-08-06_101842_759 0196,motion-1,337.6991,204.9299
2020-08-06_101842_759 0794,motion-1,358.26807,205.32857
2020-08-06_101842_759 0736,motion-1,351.878,199.57748
2020-08-06_101842_759 1224,motion-1,411.65082,211.05371
2020-08-06_101842_759 1667,motion-1,440.87143,206.10634
2020-08-06_101842_759 1526,motion-1,441.18976,205.47728
2020-08-06_101842_759 1073,motion-1,394.5883,206.80371
2020-08-06_101842_759 0891,motion-1,364.7012,209.40878
2020-08-06_101842_759 0166,motion-1,324.69083,206.1025
2020-08-06_101842_759 0245,motion-1,333.92154,206.35388
2020-08-06_101842_759 0710,motion-1,359.74677,198.47348
2020-08-06_101842_759 0400,motion-1,337.7785,205.9709
2020-08-06_101842_759 0769,motion-1,356.5537,200.68748
2020-08-06_101842_759 0281,motion-1,326.71893,206.47919
2020-08-06_101842_759 1559,motion-1,440.9368,205.85359
2020-08-06_101842_759 0490,motion-1,345.0955,207.51434
2020-08-06_101842_759 0229,motion-1,333.765,203.95833
2020-08-06_101842_759 1030,motion-1,401.4481,214.92346
2020-08-06_101842_759 1677,motion-1,440.71466,205.54234
2020-08-06_101842_759 0140,motion-1,340.81595,204.55109
2020-08-06_101842_759 0236,motion-1,325.25537,206.67993
2020-08-06_101842_759 0601,motion-1,344.6717,211.60518
2020-08-06_101842_759 0122,motion-1,323.58725,205.50043
2020-08-06_101842_759 0885,motion-1,380.74796,213.65042
2020-08-06_101842_759 1061,motion-1,384.67654,203.73175
2020-08-06_101842_759 0993,motion-1,365.21515,206.14177
2020-08-06_101842_759 1387,motion-1,435.22366,209.63991
2020-08-06_101842_759 1635,motion-1,441.4595,205.19731
2020-08-06_101842_759 0782,motion-1,356.91385,200.41068
2020-08-06_101842_759 0516,motion-1,341.44485,211.72412
2020-08-06_101842_759 1342,motion-1,447.3597,205.73697
2020-08-06_101842_759 0848,motion-1,354.56976,205.25194
2020-08-06_101842_759 1376,motion-1,440.13843,207.36041
2020-08-06_101842_759 1701,motion-1,441.25974,205.594
2020-08-06_101842_759 0168,motion-1,324.53937,205.69377
2020-08-06_101842_759 0450,motion-1,333.313,207.45296
2020-08-06_101842_759 1611,motion-1,441.0864,205.6304
2020-08-06_101842_759 0406,motion-1,333.66525,204.82922
2020-08-06_101842_759 1299,motion-1,444.42288,207.82803
2020-08-06_101842_759 1654,motion-1,441.20486,205.65712
2020-08-06_101842_759 0155,motion-1,325.6877,204.50555
2020-08-06_101842_759 1102,motion-1,399.81763,205.18425
2020-08-06_101842_759 1099,motion-1,406.03696,211.89166
2020-08-06_101842_759 1131,motion-1,411.64398,211.17406
2020-08-06_101842_759 0476,motion-1,346.49405,207.21658
2020-08-06_101842_759 0548,motion-1,348.99182,212.78307
2020-08-06_101842_759 0288,motion-1,324.7478,206.05946
2020-08-06_101842_759 0365,motion-1,333.4409,206.4565
2020-08-06_101842_759 0606,motion-1,333.56656,209.94469
2020-08-06_101842_759 1087,motion-1,411.2932,206.62726
2020-08-06_101842_759 1088,motion-1,408.6578,206.01477
2020-08-06_101842_759 1075,motion-1,393.17084,209.44592
2020-08-06_101842_759 1515,motion-1,440.91437,206.0479
2020-08-06_101842_759 0970,motion-1,374.15686,212.35202
2020-08-06_101842_759 0518,motion-1,333.77606,210.60956
2020-08-06_101842_759 1578,motion-1,441.7422,205.36917
2020-08-06_101842_759 0436,motion-1,342.68832,206.1929
2020-08-06_101842_759 1617,motion-1,441.65894,205.42892
2020-08-06_101842_759 1403,motion-1,447.78488,211.93088
2020-08-06_101842_759 1426,motion-1,438.76123,209.12202
2020-08-06_101842_759 1288,motion-1,438.38998,212.02583
2020-08-06_101842_759 1339,motion-1,445.90414,209.24312
2020-08-06_101842_759 0712,motion-1,359.96234,199.38008
2020-08-06_101842_759 0613,motion-1,348.73178,212.40317
2020-08-06_101842_759 0480,motion-1,340.10184,206.5061
2020-08-06_101842_759 0285,motion-1,325.90247,206.2809
2020-08-06_101842_759 0363,motion-1,333.5781,206.76808
2020-08-06_101842_759 0703,motion-1,355.96713,199.24239
2020-08-06_101842_759 1281,motion-1,437.5208,214.67793
2020-08-06_101842_759 0218,motion-1,333.52353,207.76855
2020-08-06_101842_759 0889,motion-1,368.7854,210.4915
2020-08-06_101842_759 1249,motion-1,413.27936,210.93283
2020-08-06_101842_759 1112,motion-1,416.88208,212.9977
2020-08-06_101842_759 0608,motion-1,345.2908,206.95464
2020-08-06_101842_759 0536,motion-1,334.57086,206.52747
2020-08-06_101842_759 0233,motion-1,326.46063,206.13568
2020-08-06_101842_759 0019,motion-1,325.44547,202.04364
2020-08-06_101842_759 0413,motion-1,333.54248,206.47394
2020-08-06_101842_759 0841,motion-1,362.1901,210.04628
2020-08-06_101842_759 0947,motion-1,384.937,205.39076
2020-08-06_101842_759 0368,motion-1,333.3797,204.6189
2020-08-06_101842_759 0982,motion-1,363.1189,210.1026
2020-08-06_101842_759 1497,motion-1,441.75943,205.72748
2020-08-06_101842_759 1609,motion-1,441.24173,205.42294
2020-08-06_101842_759 0017,motion-1,325.74744,202.26744
2020-08-06_101842_759 0577,motion-1,348.61444,207.39264
2020-08-06_101842_759 1301,motion-1,446.73907,202.74495
2020-08-06_101842_759 0917,motion-1,381.0341,212.3381
2020-08-06_101842_759 1512,motion-1,440.31958,205.82542
2020-08-06_101842_759 0358,motion-1,326.15454,206.40308
2020-08-06_101842_759 0314,motion-1,332.5494,206.49121
2020-08-06_101842_759 0378,motion-1,333.82953,205.82759
2020-08-06_101842_759 1696,motion-1,441.28113,205.28654
2020-08-06_101842_759 1556,motion-1,441.22168,205.48529
2020-08-06_101842_759 0819,motion-1,364.8007,206.06511
2020-08-06_101842_759 0151,motion-1,333.46756,203.97644
2020-08-06_101842_759 0485,motion-1,333.5335,206.21835
2020-08-06_101842_759 0918,motion-1,379.39563,212.37392
2020-08-06_101842_759 1256,motion-1,440.26926,214.74432
2020-08-06_101842_759 1014,motion-1,378.82742,211.23119
2020-08-06_101842_759 1612,motion-1,441.34308,205.49536
2020-08-06_101842_759 0016,motion-1,325.72324,202.01907
2020-08-06_101842_759 0451,motion-1,333.27008,206.94206
2020-08-06_101842_759 0235,motion-1,325.70905,206.2788
2020-08-06_101842_759 0752,motion-1,359.5663,198.83191
2020-08-06_101842_759 0936,motion-1,364.91418,206.31534
2020-08-06_101842_759 1405,motion-1,444.2839,209.41638
2020-08-06_101842_759 1608,motion-1,440.39093,205.4675
2020-08-06_101842_759 0985,motion-1,364.8241,205.37836
2020-08-06_101842_759 0910,motion-1,377.65387,213.2639
2020-08-06_101842_759 0498,motion-1,345.4896,206.99132
2020-08-06_101842_759 1638,motion-1,440.44586,205.60146
2020-08-06_101842_759 0220,motion-1,333.82962,206.66876
2020-08-06_101842_759 1364,motion-1,438.01294,208.2983
2020-08-06_101842_759 0053,motion-1,325.6573,201.8274
2020-08-06_101842_759 1016,motion-1,382.3024,213.198
2020-08-06_101842_759 1152,motion-1,405.61838,206.657
2020-08-06_101842_759 1154,motion-1,404.95627,206.51942
2020-08-06_101842_759 1527,motion-1,438.88974,209.53378
2020-08-06_101842_759 1486,motion-1,440.8977,206.02432
2020-08-06_101842_759 0473,motion-1,342.194,207.00859
2020-08-06_101842_759 0244,motion-1,333.3621,206.74356
2020-08-06_101842_759 0004,motion-1,325.45743,202.25847
2020-08-06_101842_759 1461,motion-1,439.1978,207.9891
2020-08-06_101842_759 0353,motion-1,325.76715,206.44681
2020-08-06_101842_759 0871,motion-1,373.03815,211.8248
2020-08-06_101842_759 1658,motion-1,440.8861,205.65727
2020-08-06_101842_759 0882,motion-1,371.2646,212.48032
2020-08-06_101842_759 1325,motion-1,445.41513,208.35686
2020-08-06_101842_759 1443,motion-1,439.77722,208.04341
2020-08-06_101842_759 0829,motion-1,360.80856,209.63795
2020-08-06_101842_759 1440,motion-1,439.52304,208.3885
2020-08-06_101842_759 1495,motion-1,440.81403,205.60442
2020-08-06_101842_759 0669,motion-1,349.1584,211.84206
2020-08-06_101842_759 0343,motion-1,333.83005,205.16937
2020-08-06_101842_759 0315,motion-1,332.44205,206.2067
2020-08-06_101842_759 0596,motion-1,347.42786,212.74786
2020-08-06_101842_759 1259,motion-1,440.61908,213.51315
2020-08-06_101842_759 0427,motion-1,333.61334,206.77466
2020-08-06_101842_759 1523,motion-1,440.59634,205.86519
2020-08-06_101842_759 0246,motion-1,333.63144,204.67332
2020-08-06_101842_759 1671,motion-1,441.234,205.68674
2020-08-06_101842_759 0006,motion-1,325.799,201.9949
2020-08-06_101842_759 1381,motion-1,451.1632,211.74039
2020-08-06_101842_759 0652,motion-1,348.50327,212.92116
2020-08-06_101842_759 1253,motion-1,426.33176,210.33975
2020-08-06_101842_759 1516,motion-1,441.61652,205.5439
2020-08-06_101842_759 0768,motion-1,354.47546,200.02599
2020-08-06_101842_759 1200,motion-1,422.7422,210.92236
2020-08-06_101842_759 0734,motion-1,348.09998,200.357
2020-08-06_101842_759 0221,motion-1,334.0931,205.62454
2020-08-06_101842_759 0060,motion-1,321.4379,204.7395
2020-08-06_101842_759 0260,motion-1,327.00143,206.18002
2020-08-06_101842_759 0754,motion-1,360.80054,209.71649
2020-08-06_101842_759 0938,motion-1,371.56293,212.3738
2020-08-06_101842_759 1002,motion-1,365.49542,211.31114
2020-08-06_101842_759 1282,motion-1,440.92557,214.77829
2020-08-06_101842_759 0600,motion-1,346.0865,212.05899
2020-08-06_101842_759 0076,motion-1,321.71964,205.05064
2020-08-06_101842_759 1250,motion-1,423.41287,211.03998
2020-08-06_101842_759 0370,motion-1,333.40625,204.31085
2020-08-06_101842_759 0237,motion-1,318.21988,208.10829
2020-08-06_101842_759 0320,motion-1,326.2449,206.4143
2020-08-06_101842_759 1145,motion-1,416.5687,199.51604
2020-08-06_101842_759 0393,motion-1,333.71976,205.41017
2020-08-06_101842_759 0605,motion-1,340.524,206.66512
2020-08-06_101842_759 0052,motion-1,320.8679,205.26854
2020-08-06_101842_759 0012,motion-1,325.51355,201.85559
2020-08-06_101842_759 1125,motion-1,413.04596,198.42587
2020-08-06_101842_759 0404,motion-1,333.652,203.92087
2020-08-06_101842_759 1691,motion-1,441.90683,205.46434
2020-08-06_101842_759 0968,motion-1,377.35776,212.40034
2020-08-06_101842_759 0969,motion-1,374.42038,212.11034
2020-08-06_101842_759 1685,motion-1,438.8109,209.9009
2020-08-06_101842_759 1360,motion-1,448.4404,210.86124
2020-08-06_101842_759 1027,motion-1,384.9173,203.91087
2020-08-06_101842_759 1203,motion-1,421.757,209.52107
2020-08-06_101842_759 0612,motion-1,348.03256,212.1531
2020-08-06_101842_759 1689,motion-1,441.14264,205.86504
2020-08-06_101842_759 1092,motion-1,395.52814,208.01862
2020-08-06_101842_759 0185,motion-1,333.45038,206.29648
2020-08-06_101842_759 1183,motion-1,419.97995,211.63496
2020-08-06_101842_759 0856,motion-1,361.8377,210.71446
2020-08-06_101842_759 0659,motion-1,349.02518,212.29456
2020-08-06_101842_759 1193,motion-1,410.1472,198.75075
2020-08-06_101842_759 0044,motion-1,321.0256,205.32951
2020-08-06_101842_759 0308,motion-1,325.99353,205.91481
2020-08-06_101842_759 1588,motion-1,440.90714,205.66989
2020-08-06_101842_759 0078,motion-1,325.31564,202.10431
2020-08-06_101842_759 1324,motion-1,439.2126,210.56915
2020-08-06_101842_759 0319,motion-1,332.20636,206.1575
2020-08-06_101842_759 1071,motion-1,396.51562,211.63452
2020-08-06_101842_759 1453,motion-1,441.21848,205.74092
2020-08-06_101842_759 1280,motion-1,434.94308,214.80069
2020-08-06_101842_759 0150,motion-1,333.75494,203.57878
2020-08-06_101842_759 1489,motion-1,441.01855,205.79218
2020-08-06_101842_759 0325,motion-1,326.24298,206.7229
2020-08-06_101842_759 1060,motion-1,392.17694,209.8795
2020-08-06_101842_759 0046,motion-1,325.81598,202.23758
2020-08-06_101842_759 0326,motion-1,326.0259,206.50708
2020-08-06_101842_759 0134,motion-1,338.15244,203.8539
2020-08-06_101842_759 0087,motion-1,320.90717,205.24379
2020-08-06_101842_759 0110,motion-1,325.10995,201.99834
2020-08-06_101842_759 1398,motion-1,445.03284,204.1733
2020-08-06_101842_759 0943,motion-1,385.3482,205.01048
2020-08-06_101842_759 1690,motion-1,440.63004,205.60107
2020-08-06_101842_759 1101,motion-1,403.69046,206.11487
2020-08-06_101842_759 0083,motion-1,322.08365,205.09618
2020-08-06_101842_759 0115,motion-1,325.1551,201.87688
2020-08-06_101842_759 0860,motion-1,360.2926,210.03433
2020-08-06_101842_759 1552,motion-1,440.62027,205.91895
2020-08-06_101842_759 0216,motion-1,325.9742,206.46638
2020-08-06_101842_759 1188,motion-1,422.61813,209.22829
2020-08-06_101842_759 1436,motion-1,440.64218,205.95062
2020-08-06_101842_759 0026,motion-1,325.5832,202.17297
2020-08-06_101842_759 1450,motion-1,439.56656,208.46036
2020-08-06_101842_759 0795,motion-1,361.0192,209.3909
2020-08-06_101842_759 1302,motion-1,441.82535,200.8803
2020-08-06_101842_759 0333,motion-1,333.48282,205.53194
2020-08-06_101842_759 1120,motion-1,407.31198,214.23732
2020-08-06_101842_759 0558,motion-1,339.07397,206.48242
2020-08-06_101842_759 0942,motion-1,390.62933,199.95357
2020-08-06_101842_759 0241,motion-1,333.88498,208.40984
2020-08-06_101842_759 1265,motion-1,434.7329,214.38698
2020-08-06_101842_759 0778,motion-1,362.13153,209.59744
2020-08-06_101842_759 1675,motion-1,440.66418,206.00294
2020-08-06_101842_759 0911,motion-1,380.56906,213.60857
2020-08-06_101842_759 0380,motion-1,333.095,206.48474
2020-08-06_101842_759 0931,motion-1,374.02313,212.68076
2020-08-06_101842_759 0108,motion-1,324.89127,201.70018
2020-08-06_101842_759 1542,motion-1,441.35645,205.26616
2020-08-06_101842_759 1098,motion-1,405.95578,212.61848
2020-08-06_101842_759 1285,motion-1,442.5922,203.59088
2020-08-06_101842_759 0200,motion-1,333.59805,203.69745
2020-08-06_101842_759 1649,motion-1,441.07278,205.36935
2020-08-06_101842_759 0574,motion-1,343.32333,206.93025
2020-08-06_101842_759 0854,motion-1,362.45047,210.30368
2020-08-06_101842_759 0289,motion-1,325.32117,206.58197
2020-08-06_101842_759 0707,motion-1,352.1999,198.43524
2020-08-06_101842_759 1340,motion-1,445.32343,209.4562
2020-08-06_101842_759 0230,motion-1,334.01065,205.68488
2020-08-06_101842_759 0025,motion-1,321.26483,205.49219
2020-08-06_101842_759 0627,motion-1,349.12305,212.77405
2020-08-06_101842_759 0671,motion-1,346.24136,211.38034
2020-08-06_101842_759 1000,motion-1,365.00845,206.6907
2020-08-06_101842_759 1533,motion-1,441.45248,205.31459
2020-08-06_101842_759 0713,motion-1,360.37326,199.2276
2020-08-06_101842_759 0033,motion-1,325.48383,202.36885
2020-08-06_101842_759 1361,motion-1,445.7035,208.7344
2020-08-06_101842_759 0727,motion-1,360.6062,209.24065
2020-08-06_101842_759 0797,motion-1,360.21774,211.32155
2020-08-06_101842_759 0751,motion-1,356.42065,198.88615
2020-08-06_101842_759 1498,motion-1,440.90427,205.99504
2020-08-06_101842_759 1507,motion-1,441.44464,205.53946
2020-08-06_101842_759 0269,motion-1,324.48434,206.68321
2020-08-06_101842_759 0812,motion-1,353.30667,204.20203
2020-08-06_101842_759 0658,motion-1,346.35544,212.22002
2020-08-06_101842_759 1554,motion-1,441.2491,205.76044
2020-08-06_101842_759 0781,motion-1,359.5,200.10387
2020-08-06_101842_759 1134,motion-1,403.39822,211.39412
2020-08-06_101842_759 0040,motion-1,325.33652,202.06815
2020-08-06_101842_759 0785,motion-1,352.57272,205.44298
2020-08-06_101842_759 0183,motion-1,325.3217,206.2465
2020-08-06_101842_759 0039,motion-1,325.38507,202.05963
2020-08-06_101842_759 1031,motion-1,403.52347,214.02876
2020-08-06_101842_759 0194,motion-1,338.1232,204.73412
2020-08-06_101842_759 1022,motion-1,393.37885,211.80565
2020-08-06_101842_759 0484,motion-1,333.85358,206.40314
2020-08-06_101842_759 1425,motion-1,439.38354,209.40282
2020-08-06_101842_759 0445,motion-1,333.91046,206.41867
2020-08-06_101842_759 0219,motion-1,333.57965,207.1137
2020-08-06_101842_759 1001,motion-1,364.9414,206.06424
2020-08-06_101842_759 1370,motion-1,445.75482,209.84555
2020-08-06_101842_759 0133,motion-1,337.2385,203.92694
2020-08-06_101842_759 0425,motion-1,332.88953,206.63544
2020-08-06_101842_759 1513,motion-1,441.3694,205.76602
2020-08-06_101842_759 0801,motion-1,361.1648,210.0402
2020-08-06_101842_759 0189,motion-1,333.6825,203.85123
2020-08-06_101842_759 1397,motion-1,446.20383,201.55898
2020-08-06_101842_759 1329,motion-1,449.01837,211.96387
2020-08-06_101842_759 1705,motion-1,440.68738,205.96759
2020-08-06_101842_759 0444,motion-1,333.56006,204.28497
2020-08-06_101842_759 1596,motion-1,441.02106,205.60466
2020-08-06_101842_759 1118,motion-1,408.08426,212.60995
2020-08-06_101842_759 1465,motion-1,438.31516,209.08727
2020-08-06_101842_759 0687,motion-1,347.15228,212.22586
2020-08-06_101842_759 1452,motion-1,438.79895,208.39813
2020-08-06_101842_759 1619,motion-1,440.8677,205.77574
2020-08-06_101842_759 0633,motion-1,351.78357,213.25746
2020-08-06_101842_759 1410,motion-1,446.51715,206.90578
2020-08-06_101842_759 1034,motion-1,402.61035,215.31189
2020-08-06_101842_759 1248,motion-1,415.768,211.08273
2020-08-06_101842_759 0737,motion-1,355.49576,199.25793
2020-08-06_101842_759 0656,motion-1,342.9139,211.91603
2020-08-06_101842_759 0382,motion-1,326.8098,206.27327
2020-08-06_101842_759 1296,motion-1,436.7351,208.55098
2020-08-06_101842_759 0522,motion-1,333.98593,204.7966
2020-08-06_101842_759 1504,motion-1,441.63043,205.66321
2020-08-06_101842_759 0674,motion-1,350.01318,212.55235
2020-08-06_101842_759 0243,motion-1,333.3339,207.05026
2020-08-06_101842_759 1525,motion-1,441.37943,205.62482
2020-08-06_101842_759 0951,motion-1,386.86902,203.14664
2020-08-06_101842_759 1637,motion-1,440.65198,205.50761
2020-08-06_101842_759 0973,motion-1,371.40524,212.3714
2020-08-06_101842_759 1538,motion-1,441.62967,205.62675
2020-08-06_101842_759 1165,motion-1,401.1965,210.83049
2020-08-06_101842_759 1336,motion-1,441.50665,210.14032
2020-08-06_101842_759 0685,motion-1,350.56427,212.62695
2020-08-06_101842_759 0534,motion-1,342.2034,206.92902
2020-08-06_101842_759 1106,motion-1,395.17365,206.05916
2020-08-06_101842_759 0800,motion-1,354.27173,204.78432
2020-08-06_101842_759 1630,motion-1,440.2774,205.63397
2020-08-06_101842_759 1388,motion-1,436.58542,210.89998
2020-08-06_101842_759 0341,motion-1,333.36096,204.8097
2020-08-06_101842_759 1478,motion-1,441.3008,205.59503
2020-08-06_101842_759 0614,motion-1,348.31625,212.82661
2020-08-06_101842_759 0342,motion-1,334.00867,205.64952
2020-08-06_101842_759 1709,motion-1,441.07675,205.50252
2020-08-06_101842_759 0184,motion-1,325.96136,206.08452
2020-08-06_101842_759 0813,motion-1,359.92557,211.15929
2020-08-06_101842_759 0339,motion-1,333.947,205.3648
2020-08-06_101842_759 1017,motion-1,386.5569,197.84306
2020-08-06_101842_759 0020,motion-1,320.78595,205.20363
2020-08-06_101842_759 0015,motion-1,321.25107,205.06908
2020-08-06_101842_759 0213,motion-1,326.96313,205.1168
2020-08-06_101842_759 0824,motion-1,364.8014,207.54692
2020-08-06_101842_759 1074,motion-1,380.14053,207.13077
2020-08-06_101842_759 0745,motion-1,354.79166,204.85748
2020-08-06_101842_759 0305,motion-1,332.99854,206.68637
2020-08-06_101842_759 1550,motion-1,440.7621,206.15324
2020-08-06_101842_759 0135,motion-1,338.4865,204.11615
2020-08-06_101842_759 0466,motion-1,333.57452,206.72476
2020-08-06_101842_759 1066,motion-1,390.9883,210.66364
2020-08-06_101842_759 0851,motion-1,357.5283,205.60168
2020-08-06_101842_759 1631,motion-1,441.3811,205.78085
2020-08-06_101842_759 0143,motion-1,340.45035,204.59279
2020-08-06_101842_759 0442,motion-1,339.23053,206.22884
2020-08-06_101842_759 1182,motion-1,414.64413,207.66823
2020-08-06_101842_759 1469,motion-1,438.94418,208.18082
2020-08-06_101842_759 1240,motion-1,426.83862,210.1371
2020-08-06_101842_759 0372,motion-1,333.9256,204.83318
2020-08-06_101842_759 0096,motion-1,324.72916,201.60039
2020-08-06_101842_759 1258,motion-1,434.82166,207.91356
2020-08-06_101842_759 0590,motion-1,334.42633,205.94656
2020-08-06_101842_759 1420,motion-1,438.84964,208.71098
2020-08-06_101842_759 0258,motion-1,326.02698,205.53127
2020-08-06_101842_759 1433,motion-1,439.0264,208.65207
2020-08-06_101842_759 0565,motion-1,345.6107,212.23868
2020-08-06_101842_759 0765,motion-1,355.43793,199.51924
2020-08-06_101842_759 1683,motion-1,441.15872,205.5889
2020-08-06_101842_759 0616,motion-1,345.15637,212.3215
2020-08-06_101842_759 1038,motion-1,388.56415,199.19553
2020-08-06_101842_759 0863,motion-1,362.62054,210.1406
2020-08-06_101842_759 0181,motion-1,322.39432,206.02032
2020-08-06_101842_759 0655,motion-1,342.69452,211.75967
2020-08-06_101842_759 0586,motion-1,334.6549,210.37216
2020-08-06_101842_759 0280,motion-1,326.68253,205.98361
2020-08-06_101842_759 0648,motion-1,355.04828,198.7679
2020-08-06_101842_759 0719,motion-1,353.64285,212.8555
2020-08-06_101842_759 0637,motion-1,342.4132,211.05959
2020-08-06_101842_759 0683,motion-1,353.6922,198.76955
2020-08-06_101842_759 0415,motion-1,333.63315,207.35721
2020-08-06_101842_759 1190,motion-1,419.81912,210.10847
2020-08-06_101842_759 0907,motion-1,377.82275,212.73547
2020-08-06_101842_759 0622,motion-1,334.43292,210.9354
2020-08-06_101842_759 1704,motion-1,439.08347,209.20714
2020-08-06_101842_759 0697,motion-1,361.59482,210.01094
2020-08-06_101842_759 1569,motion-1,441.0106,205.07928
2020-08-06_101842_759 0488,motion-1,338.1529,206.4081
2020-08-06_101842_759 0231,motion-1,333.37964,205.55516
2020-08-06_101842_759 1243,motion-1,434.53296,212.40987
2020-08-06_101842_759 0074,motion-1,320.5849,205.2708
2020-08-06_101842_759 1180,motion-1,423.04202,207.14091
2020-08-06_101842_759 1665,motion-1,438.52493,209.62663
2020-08-06_101842_759 1239,motion-1,413.23108,212.34637
2020-08-06_101842_759 0486,motion-1,334.26846,206.38564
2020-08-06_101842_759 0177,motion-1,326.0105,204.00987
2020-08-06_101842_759 0048,motion-1,321.47974,205.30191
