left000327,motion-1,729.2342529296875,215.2360382080078
left000327,t-table,238.2815399169922,239.373779296875
left000341,motion-1,729.2764892578125,215.21133422851562
left000341,t-table,238.27406311035156,239.39727783203125
left000718,motion-1,729.0667724609375,215.16835021972656
left000718,t-table,238.27352905273438,239.42674255371094
left000442,motion-1,729.2135009765625,215.17230224609375
left000442,t-table,238.33193969726562,239.40078735351562
left000681,motion-1,729.1661376953125,215.17205810546875
left000681,t-table,238.19667053222656,239.41844177246094
left000033,motion-1,729.0894775390625,215.19989013671875
left000033,t-table,238.216796875,239.4117431640625
left000168,motion-1,729.20068359375,215.16583251953125
left000168,t-table,238.28604125976562,239.41964721679688
left000625,motion-1,729.3270263671875,215.18814086914062
left000625,t-table,238.30142211914062,239.41983032226562
left000696,motion-1,729.265625,215.2076416015625
left000696,t-table,238.24546813964844,239.4306182861328
left000230,motion-1,729.2496948242188,215.2384796142578
left000230,t-table,238.27894592285156,239.38143920898438
left000496,motion-1,729.23876953125,215.22958374023438
left000496,t-table,238.28359985351562,239.4166259765625
left000894,motion-1,729.253173828125,215.17202758789062
left000894,t-table,238.34645080566406,239.42352294921875
left000549,motion-1,729.17822265625,215.18585205078125
left000549,t-table,238.26699829101562,239.42991638183594
left000395,motion-1,729.2342529296875,215.19259643554688
left000395,t-table,238.21505737304688,239.421875
left000254,motion-1,729.3592529296875,215.2185821533203
left000254,t-table,238.30592346191406,239.45233154296875
left000425,motion-1,729.397705078125,215.1709747314453
left000425,t-table,238.28256225585938,239.39877319335938
left000066,motion-1,729.1636962890625,215.19091796875
left000066,t-table,238.231689453125,239.4171600341797
left000471,motion-1,729.2799072265625,215.1748046875
left000471,t-table,238.28927612304688,239.36566162109375
left000279,motion-1,729.4078369140625,215.20770263671875
left000279,t-table,238.33807373046875,239.44857788085938
left000733,motion-1,729.10888671875,215.18118286132812
left000733,t-table,238.3905029296875,239.3785858154297
left000412,motion-1,729.2372436523438,215.14659118652344
left000412,t-table,238.31646728515625,239.3934783935547
left000028,motion-1,729.266845703125,215.1810760498047
left000028,t-table,238.21688842773438,239.41641235351562
left000577,motion-1,729.1145629882812,215.1949462890625
left000577,t-table,238.35214233398438,239.40097045898438
left000514,motion-1,729.2293701171875,215.1592254638672
left000514,t-table,238.35968017578125,239.39398193359375
left000806,motion-1,729.0919189453125,215.1881103515625
left000806,t-table,238.32669067382812,239.43084716796875
left000913,motion-1,729.180908203125,215.10536193847656
left000913,t-table,238.33892822265625,239.41305541992188
left000708,motion-1,729.3812866210938,215.1978302001953
left000708,t-table,238.34542846679688,239.40325927734375
left000472,motion-1,729.0472412109375,215.17922973632812
left000472,t-table,238.27053833007812,239.39154052734375
left000698,motion-1,729.3380737304688,215.20254516601562
left000698,t-table,238.23251342773438,239.39889526367188
left000158,motion-1,729.4530639648438,215.24871826171875
left000158,t-table,238.25643920898438,239.43862915039062
left000368,motion-1,729.3092651367188,215.23049926757812
left000368,t-table,238.2530517578125,239.41439819335938
left000883,motion-1,728.9579467773438,215.16143798828125
left000883,t-table,238.39776611328125,239.41326904296875
left000223,motion-1,729.2177734375,215.18417358398438
left000223,t-table,238.34664916992188,239.4193115234375
left000683,motion-1,729.2637939453125,215.12835693359375
left000683,t-table,238.25961303710938,239.41790771484375
left000078,motion-1,729.12890625,215.17727661132812
left000078,t-table,250.11489868164062,239.42396545410156
left000199,motion-1,729.0870361328125,215.1791229248047
left000199,t-table,238.27978515625,239.4321746826172
left000703,motion-1,729.2322998046875,215.17779541015625
left000703,t-table,238.3993682861328,239.39389038085938
left000596,motion-1,729.318115234375,215.18063354492188
left000596,t-table,238.2340087890625,239.43826293945312
left000081,motion-1,729.3846435546875,215.14010620117188
left000459,motion-1,729.255859375,215.18780517578125
left000459,t-table,238.31967163085938,239.38711547851562
left000562,motion-1,729.0284423828125,215.18910217285156
left000562,t-table,238.281005859375,239.419921875
left000528,motion-1,729.215087890625,215.18179321289062
left000528,t-table,238.38629150390625,239.40155029296875
left000667,motion-1,729.2479248046875,215.16653442382812
left000667,t-table,238.21060180664062,239.41787719726562
left000594,motion-1,729.269775390625,215.19200134277344
left000594,t-table,238.278076171875,239.41314697265625
left000404,motion-1,729.2579345703125,215.15403747558594
left000404,t-table,238.2930908203125,239.40855407714844
left000145,motion-1,729.0625610351562,215.17303466796875
left000145,t-table,238.24856567382812,239.4132080078125
left000646,motion-1,729.37158203125,215.14781188964844
left000646,t-table,238.2953338623047,239.40591430664062
left000917,motion-1,729.0776977539062,215.14112854003906
left000917,t-table,238.26614379882812,239.35580444335938
left000638,motion-1,729.0064086914062,215.168212890625
left000638,t-table,238.29127502441406,239.42266845703125
left000469,motion-1,729.2802734375,215.19744873046875
left000469,t-table,238.3985595703125,239.38182067871094
left000742,motion-1,729.2720947265625,215.19290161132812
left000742,t-table,238.3323974609375,239.43630981445312
left000812,motion-1,729.1010131835938,215.15130615234375
left000812,t-table,238.1959228515625,239.43612670898438
left000492,motion-1,729.0888671875,215.19781494140625
left000492,t-table,238.3330841064453,239.40814208984375
left000552,motion-1,729.218505859375,215.19940185546875
left000552,t-table,238.2745361328125,239.425537109375
left000190,motion-1,729.1915283203125,215.18441772460938
left000190,t-table,238.33531188964844,239.41148376464844
left000104,motion-1,729.3997802734375,215.18142700195312
left000166,motion-1,729.171142578125,215.175537109375
left000166,t-table,238.26788330078125,239.44943237304688
left000892,motion-1,729.1107177734375,215.20758056640625
left000892,t-table,238.23052978515625,239.43136596679688
left000333,motion-1,729.02197265625,215.162841796875
left000333,t-table,238.30731201171875,239.40484619140625
left000373,motion-1,729.1820678710938,215.15988159179688
left000373,t-table,238.30691528320312,239.40530395507812
left000294,motion-1,729.2774658203125,215.19528198242188
left000294,t-table,238.4093475341797,239.4212646484375
left000488,motion-1,729.1830444335938,215.18551635742188
left000488,t-table,238.3446044921875,239.419677734375
left000647,motion-1,729.22900390625,215.16397094726562
left000647,t-table,238.29196166992188,239.3717041015625
left000159,motion-1,729.17138671875,215.2001953125
left000159,t-table,238.22279357910156,239.42608642578125
left000530,motion-1,729.25048828125,215.19851684570312
left000530,t-table,238.21084594726562,239.4300537109375
left000350,motion-1,729.1749877929688,215.19801330566406
left000350,t-table,238.40765380859375,239.42935180664062
left000262,motion-1,729.2510986328125,215.1757049560547
left000262,t-table,238.1761016845703,239.38641357421875
left000792,motion-1,729.2410278320312,215.16506958007812
left000792,t-table,238.23556518554688,239.42648315429688
left000614,motion-1,729.3377685546875,215.2034912109375
left000614,t-table,238.2322235107422,239.44143676757812
left000808,motion-1,729.0487060546875,215.20037841796875
left000808,t-table,238.24722290039062,239.43927001953125
left000603,motion-1,729.2570190429688,215.23086547851562
left000603,t-table,238.26055908203125,239.431884765625
left000268,motion-1,729.32470703125,215.15316772460938
left000268,t-table,238.30612182617188,239.4352264404297
left000226,motion-1,729.1004028320312,215.1793212890625
left000226,t-table,238.19879150390625,239.43386840820312
left000882,motion-1,729.2708740234375,215.21917724609375
left000882,t-table,238.3402099609375,239.42752075195312
left000349,motion-1,729.2322387695312,215.16012573242188
left000349,t-table,238.21099853515625,239.40603637695312
left000023,motion-1,729.2755126953125,215.19595336914062
left000023,t-table,238.2695770263672,239.4496612548828
left000550,motion-1,729.1842041015625,215.19161987304688
left000550,t-table,238.36898803710938,239.3928680419922
left000036,motion-1,729.1409912109375,215.23265075683594
left000036,t-table,238.2396697998047,239.42408752441406
left000794,motion-1,729.276611328125,215.17233276367188
left000794,t-table,238.3343505859375,239.42205810546875
left000526,motion-1,729.1746215820312,215.22108459472656
left000526,t-table,238.28672790527344,239.447021484375
left000363,motion-1,729.4076538085938,215.2374267578125
left000363,t-table,238.34249877929688,239.40701293945312
left000092,motion-1,729.2275390625,215.21192932128906
left000266,motion-1,729.3720092773438,215.190185546875
left000266,t-table,238.30413818359375,239.4138641357422
left000688,motion-1,729.197998046875,215.14614868164062
left000688,t-table,238.278076171875,239.41726684570312
left000222,motion-1,729.192138671875,215.16036987304688
left000222,t-table,238.2897186279297,239.42779541015625
left000208,motion-1,729.28662109375,215.16595458984375
left000208,t-table,238.36070251464844,239.42391967773438
left000741,motion-1,729.2138671875,215.1636962890625
left000741,t-table,238.3170166015625,239.41024780273438
left000122,motion-1,729.1839599609375,215.2117919921875
left000122,t-table,238.29244995117188,239.37083435058594
left000383,motion-1,729.0331420898438,215.214111328125
left000383,t-table,238.3330841064453,239.43824768066406
left000798,motion-1,729.2465209960938,215.16888427734375
left000798,t-table,238.2647705078125,239.45985412597656
left000734,motion-1,729.0629272460938,215.16519165039062
left000734,t-table,238.47650146484375,239.4046630859375
left000305,motion-1,729.115966796875,215.1910400390625
left000305,t-table,238.25625610351562,239.42750549316406
left000137,motion-1,729.2579345703125,215.23667907714844
left000137,t-table,238.3917236328125,239.4224853515625
left000358,motion-1,729.216064453125,215.2059783935547
left000358,t-table,238.23507690429688,239.43614196777344
left000712,motion-1,729.135009765625,215.14381408691406
left000712,t-table,238.30014038085938,239.38409423828125
left000234,motion-1,729.347412109375,215.2200927734375
left000234,t-table,238.26202392578125,239.41432189941406
left000631,motion-1,729.0350341796875,215.1173095703125
left000631,t-table,238.29739379882812,239.42486572265625
left000682,motion-1,729.2529907226562,215.165283203125
left000682,t-table,238.30526733398438,239.382080078125
left000370,motion-1,729.2578125,215.22027587890625
left000370,t-table,238.3497314453125,239.38368225097656
left000768,motion-1,727.89892578125,215.10446166992188
left000768,t-table,238.16683959960938,239.4095458984375
left000483,motion-1,729.107177734375,215.17039489746094
left000483,t-table,238.24664306640625,239.3883056640625
left000149,motion-1,729.2218017578125,215.1964111328125
left000149,t-table,238.37567138671875,239.43882751464844
left000891,motion-1,729.1822509765625,215.16091918945312
left000891,t-table,238.2490234375,239.41558837890625
left000649,motion-1,729.3702392578125,215.16860961914062
left000649,t-table,238.25790405273438,239.43624877929688
left000060,motion-1,729.326416015625,215.20733642578125
left000060,t-table,238.3017578125,239.40414428710938
left000458,motion-1,729.2750854492188,215.1567840576172
left000458,t-table,238.28448486328125,239.43463134765625
left000288,motion-1,729.400146484375,215.2166748046875
left000288,t-table,238.30642700195312,239.3871307373047
left000271,motion-1,729.1538696289062,215.1226806640625
left000271,t-table,238.23995971679688,239.41131591796875
left000400,motion-1,729.2861328125,215.18353271484375
left000400,t-table,238.32373046875,239.40521240234375
left000164,motion-1,729.3102416992188,215.22711181640625
left000164,t-table,238.33428955078125,239.4129638671875
left000154,motion-1,729.204345703125,215.19705200195312
left000154,t-table,238.28439331054688,239.4122314453125
left000175,motion-1,729.028076171875,215.20187377929688
left000175,t-table,238.34494018554688,239.41217041015625
left000804,motion-1,729.1664428710938,215.17068481445312
left000804,t-table,238.19271850585938,239.37322998046875
left000184,motion-1,729.0659790039062,215.19863891601562
left000184,t-table,238.26747131347656,239.3922576904297
left000422,motion-1,729.2340087890625,215.18295288085938
left000422,t-table,238.25917053222656,239.45269775390625
left000800,motion-1,729.17724609375,215.1442108154297
left000800,t-table,238.24359130859375,239.435791015625
left000663,motion-1,729.1964111328125,215.14065551757812
left000663,t-table,238.29495239257812,239.42779541015625
left000345,motion-1,729.2411499023438,215.23233032226562
left000345,t-table,238.28460693359375,239.42982482910156
left000908,motion-1,729.262939453125,215.153564453125
left000908,t-table,238.3560791015625,239.4167022705078
left000188,motion-1,729.16015625,215.19656372070312
left000188,t-table,238.21043395996094,239.4207763671875
left000264,motion-1,729.3129272460938,215.17523193359375
left000264,t-table,238.30596923828125,239.39190673828125
left000545,motion-1,729.0739135742188,215.1951904296875
left000545,t-table,238.2767333984375,239.4119415283203
left000653,motion-1,729.242919921875,215.187255859375
left000653,t-table,238.21627807617188,239.41490173339844
left000147,motion-1,729.2450561523438,215.1930694580078
left000147,t-table,238.3487548828125,239.38365173339844
left000441,motion-1,729.1591796875,215.1951904296875
left000441,t-table,238.24139404296875,239.40444946289062
left000453,motion-1,729.0423583984375,215.16445922851562
left000453,t-table,238.380126953125,239.43081665039062
left000665,motion-1,729.2053833007812,215.20899963378906
left000665,t-table,238.20645141601562,239.39642333984375
left000150,motion-1,729.1303100585938,215.1697998046875
left000150,t-table,238.23220825195312,239.39990234375
left000252,motion-1,729.288330078125,215.22080993652344
left000252,t-table,238.27658081054688,239.38462829589844
left000885,motion-1,729.216064453125,215.1897735595703
left000885,t-table,238.30230712890625,239.445556640625
left000643,motion-1,729.20361328125,215.2090301513672
left000643,t-table,238.220703125,239.3967742919922
left000338,motion-1,729.16748046875,215.1953582763672
left000338,t-table,238.37060546875,239.3939666748047
left000700,motion-1,729.1915283203125,215.2403106689453
left000700,t-table,238.2405242919922,239.4068145751953
left000406,motion-1,729.3072509765625,215.1791534423828
left000406,t-table,238.33477783203125,239.4030303955078
left000312,motion-1,729.3363037109375,215.1439208984375
left000312,t-table,238.19143676757812,239.4244842529297
left000219,motion-1,729.137451171875,215.12899780273438
left000219,t-table,238.26876831054688,239.439453125
left000519,motion-1,729.30224609375,215.1915283203125
left000519,t-table,238.3746337890625,239.42481994628906
left000451,motion-1,729.232666015625,215.19155883789062
left000451,t-table,238.27044677734375,239.40386962890625
left000325,motion-1,729.2843627929688,215.23414611816406
left000325,t-table,238.29254150390625,239.394287109375
left000740,motion-1,729.0948486328125,215.16241455078125
left000740,t-table,238.20892333984375,239.42852783203125
left000022,motion-1,729.3319702148438,215.18267822265625
left000022,t-table,238.26031494140625,239.44314575195312
left000575,motion-1,729.0924072265625,215.17373657226562
left000575,t-table,238.34823608398438,239.3798065185547
left000455,motion-1,729.1036376953125,215.14657592773438
left000455,t-table,238.32882690429688,239.4044952392578
left000705,motion-1,729.237060546875,215.16647338867188
left000705,t-table,238.30868530273438,239.3978729248047
left000518,motion-1,729.1900634765625,215.16224670410156
left000518,t-table,238.22006225585938,239.41696166992188
left000037,motion-1,729.319580078125,215.2101593017578
left000037,t-table,238.28469848632812,239.4189453125
left000073,motion-1,729.3235473632812,215.20498657226562
left000073,t-table,241.54299926757812,239.24200439453125
left000194,motion-1,729.173583984375,215.17572021484375
left000194,t-table,238.224609375,239.40426635742188
left000315,motion-1,729.2288818359375,215.18063354492188
left000315,t-table,238.25106811523438,239.42437744140625
left000686,motion-1,729.3511962890625,215.19541931152344
left000686,t-table,238.19683837890625,239.45220947265625
left000529,motion-1,729.1700439453125,215.16635131835938
left000529,t-table,238.26953125,239.37481689453125
left000083,motion-1,729.1895141601562,215.18869018554688
left000886,motion-1,729.019287109375,215.15472412109375
left000886,t-table,238.26467895507812,239.40200805664062
left000161,motion-1,729.19677734375,215.20614624023438
left000161,t-table,238.23858642578125,239.40972900390625
left000085,motion-1,729.2337036132812,215.1966094970703
left000351,motion-1,729.244384765625,215.20782470703125
left000351,t-table,238.30654907226562,239.42083740234375
left000432,motion-1,729.29345703125,215.19622802734375
left000432,t-table,238.28115844726562,239.4321746826172
left000462,motion-1,729.1351928710938,215.18348693847656
left000462,t-table,238.3197021484375,239.4392852783203
left000388,motion-1,729.281982421875,215.1972198486328
left000388,t-table,238.3983154296875,239.42530822753906
left000030,motion-1,729.1771850585938,215.1795654296875
left000030,t-table,238.277099609375,239.40374755859375
left000803,motion-1,729.1390991210938,215.14926147460938
left000803,t-table,238.29397583007812,239.4063720703125
left000260,motion-1,729.1357421875,215.22865295410156
left000260,t-table,238.23822021484375,239.40333557128906
left000801,motion-1,729.1808471679688,215.15460205078125
left000801,t-table,238.24725341796875,239.42340087890625
left000558,motion-1,729.2020263671875,215.18276977539062
left000558,t-table,238.21615600585938,239.4121551513672
left000267,motion-1,729.12646484375,215.23764038085938
left000267,t-table,238.3056640625,239.4320526123047
left000398,motion-1,729.2600708007812,215.17266845703125
left000398,t-table,238.19808959960938,239.4136962890625
left000561,motion-1,729.08251953125,215.19815063476562
left000561,t-table,238.2644805908203,239.42547607421875
left000694,motion-1,729.232666015625,215.14552307128906
left000694,t-table,238.31890869140625,239.37783813476562
left000095,motion-1,729.1824340820312,215.22073364257812
left000135,motion-1,729.2020263671875,215.17657470703125
left000135,t-table,238.3551025390625,239.36322021484375
left000286,motion-1,729.2369384765625,215.18019104003906
left000286,t-table,238.2415771484375,239.43606567382812
left000057,motion-1,729.146728515625,215.17666625976562
left000057,t-table,238.27676391601562,239.42144775390625
left000711,motion-1,729.1719970703125,215.15280151367188
left000711,t-table,238.2709503173828,239.4536895751953
left000251,motion-1,729.039794921875,215.1790771484375
left000251,t-table,238.25794982910156,239.40768432617188
left000418,motion-1,729.2666015625,215.18841552734375
left000418,t-table,238.33203125,239.37466430664062
left000537,motion-1,729.189453125,215.1334228515625
left000537,t-table,238.28578186035156,239.42001342773438
left000310,motion-1,728.9832763671875,215.1617889404297
left000310,t-table,238.30511474609375,239.4200439453125
left000429,motion-1,729.206298828125,215.15252685546875
left000429,t-table,238.38258361816406,239.3936767578125
left000721,motion-1,729.1215209960938,215.18634033203125
left000721,t-table,238.3087158203125,239.35678100585938
left000379,motion-1,729.136962890625,215.178466796875
left000379,t-table,238.33782958984375,239.41384887695312
left000177,motion-1,729.2598876953125,215.203369140625
left000177,t-table,238.2685089111328,239.43698120117188
left000224,motion-1,729.069580078125,215.168701171875
left000224,t-table,238.40042114257812,239.40383911132812
left000242,motion-1,729.058837890625,215.15771484375
left000242,t-table,238.2369842529297,239.44625854492188
left000516,motion-1,729.2574462890625,215.20614624023438
left000516,t-table,238.3162384033203,239.40045166015625
left000280,motion-1,729.2076416015625,215.14781188964844
left000280,t-table,238.20938110351562,239.39288330078125
left000176,motion-1,729.3812866210938,215.20806884765625
left000176,t-table,238.2209930419922,239.3580322265625
left000202,motion-1,729.1356201171875,215.15353393554688
left000202,t-table,238.2095184326172,239.40673828125
left000155,motion-1,729.1380615234375,215.1846466064453
left000155,t-table,238.2309112548828,239.3670654296875
left000797,motion-1,729.0797729492188,215.1499786376953
left000797,t-table,238.33905029296875,239.41293334960938
left000236,motion-1,729.3521728515625,215.18551635742188
left000236,t-table,238.31292724609375,239.3986053466797
left000560,motion-1,729.0157470703125,215.1980438232422
left000560,t-table,238.29788208007812,239.427734375
left000695,motion-1,729.2147827148438,215.1687774658203
left000695,t-table,238.31097412109375,239.4015350341797
left000427,motion-1,729.282958984375,215.19967651367188
left000427,t-table,238.26219177246094,239.40280151367188
left000623,motion-1,729.1806030273438,215.13882446289062
left000623,t-table,238.28463745117188,239.439453125
left000274,motion-1,729.3026733398438,215.1732940673828
left000274,t-table,238.28622436523438,239.4185791015625
left000464,motion-1,729.2527465820312,215.18743896484375
left000464,t-table,238.40115356445312,239.40399169921875
left000707,motion-1,729.37060546875,215.1781463623047
left000707,t-table,238.0971221923828,239.4326171875
left000106,motion-1,729.1757202148438,215.24688720703125
left000748,motion-1,728.7955322265625,215.12802124023438
left000748,t-table,238.42227172851562,239.4019317626953
left000796,motion-1,729.099853515625,215.17703247070312
left000796,t-table,238.26722717285156,239.42282104492188
left000445,motion-1,729.226806640625,215.19488525390625
left000445,t-table,238.27667236328125,239.43133544921875
left000228,motion-1,729.0814208984375,215.16824340820312
left000228,t-table,238.3280029296875,239.42474365234375
left000754,motion-1,729.6026611328125,215.15948486328125
left000754,t-table,238.42535400390625,239.40371704101562
left000367,motion-1,729.1846313476562,215.19395446777344
left000367,t-table,238.30703735351562,239.41049194335938
left000598,motion-1,729.12841796875,215.17633056640625
left000598,t-table,238.24929809570312,239.39529418945312
left000121,motion-1,729.0684204101562,215.20162963867188
left000121,t-table,238.3104248046875,239.42381286621094
left000576,motion-1,729.149169921875,215.16412353515625
left000576,t-table,238.3870849609375,239.41912841796875
left000347,motion-1,729.1911010742188,215.17172241210938
left000347,t-table,238.32518005371094,239.4288330078125
left000689,motion-1,729.3568115234375,215.24163818359375
left000689,t-table,238.21588134765625,239.4224853515625
left000217,motion-1,729.0565185546875,215.16920471191406
left000217,t-table,238.2645263671875,239.38047790527344
left000581,motion-1,729.1957397460938,215.16404724121094
left000581,t-table,238.23944091796875,239.4107666015625
left000114,motion-1,729.149658203125,215.19882202148438
left000114,t-table,238.17001342773438,239.36233520507812
left000259,motion-1,729.3594970703125,215.21585083007812
left000259,t-table,238.29193115234375,239.37176513671875
left000374,motion-1,729.2774047851562,215.2127227783203
left000374,t-table,238.29388427734375,239.3860626220703
left000403,motion-1,729.204345703125,215.15924072265625
left000403,t-table,238.31613159179688,239.4267578125
left000715,motion-1,729.1884765625,215.1396484375
left000715,t-table,238.17288208007812,239.40057373046875
left000171,motion-1,729.084716796875,215.19528198242188
left000171,t-table,238.23297119140625,239.38238525390625
left000456,motion-1,729.2350463867188,215.2001190185547
left000456,t-table,238.4093780517578,239.41842651367188
left000077,motion-1,729.2646484375,215.233642578125
left000077,t-table,241.59434509277344,239.25271606445312
left000353,motion-1,729.23291015625,215.22299194335938
left000353,t-table,238.25283813476562,239.42034912109375
left000723,motion-1,729.2267456054688,215.15643310546875
left000723,t-table,238.3411407470703,239.4049072265625
left000170,motion-1,729.0799560546875,215.19033813476562
left000170,t-table,238.24700927734375,239.4074249267578
left000593,motion-1,729.2247924804688,215.161865234375
left000593,t-table,238.2721710205078,239.4027862548828
left000475,motion-1,729.1065063476562,215.16444396972656
left000475,t-table,238.26258850097656,239.43545532226562
left000215,motion-1,729.01708984375,215.17678833007812
left000215,t-table,238.28125,239.39541625976562
left000105,motion-1,729.0518798828125,215.17959594726562
left000524,motion-1,729.3652954101562,215.2016143798828
left000524,t-table,238.2707061767578,239.442138671875
left000020,motion-1,729.147705078125,215.1695556640625
left000020,t-table,238.2352294921875,239.38681030273438
left000408,motion-1,729.259033203125,215.1528778076172
left000408,t-table,238.35385131835938,239.40182495117188
left000756,motion-1,729.529541015625,215.15859985351562
left000756,t-table,238.35293579101562,239.40573120117188
left000585,motion-1,729.109375,215.18301391601562
left000585,t-table,238.2194061279297,239.42230224609375
left000903,motion-1,729.2316284179688,215.15716552734375
left000903,t-table,238.34780883789062,239.3968048095703
left000336,motion-1,729.3310546875,215.22088623046875
left000336,t-table,238.2794189453125,239.43084716796875
left000617,motion-1,728.9879150390625,215.19580078125
left000617,t-table,238.16522216796875,239.3861541748047
left000265,motion-1,729.2078857421875,215.18707275390625
left000265,t-table,238.21279907226562,239.41195678710938
left000515,motion-1,729.3130493164062,215.17379760742188
left000515,t-table,238.28695678710938,239.42333984375
left000618,motion-1,729.1860961914062,215.15122985839844
left000618,t-table,238.2879180908203,239.38519287109375
left000054,motion-1,729.3634033203125,215.20437622070312
left000054,t-table,238.2610626220703,239.45321655273438
left000424,motion-1,729.2067260742188,215.16278076171875
left000424,t-table,238.2805633544922,239.427734375
left000004,motion-1,729.2864990234375,215.20179748535156
left000004,t-table,238.297607421875,239.41873168945312
left000391,motion-1,728.9266357421875,215.15545654296875
left000391,t-table,238.18130493164062,239.4324493408203
left000295,motion-1,729.2701416015625,215.16714477539062
left000295,t-table,238.34356689453125,239.42811584472656
left000107,motion-1,729.36962890625,215.19415283203125
left000107,t-table,235.50631713867188,239.1103515625
left000182,motion-1,729.264892578125,215.1729736328125
left000182,t-table,238.23928833007812,239.41265869140625
left000075,motion-1,729.2344970703125,215.177490234375
left000075,t-table,241.17391967773438,239.32339477539062
left000679,motion-1,729.18115234375,215.1996612548828
left000679,t-table,238.2356719970703,239.428466796875
left000438,motion-1,729.1029052734375,215.18722534179688
left000438,t-table,238.280517578125,239.42514038085938
left000766,motion-1,728.1028442382812,215.0491180419922
left000766,t-table,238.29275512695312,239.39944458007812
left000179,motion-1,729.00341796875,215.176025390625
left000179,t-table,238.20896911621094,239.38864135742188
left000671,motion-1,729.2000732421875,215.142333984375
left000671,t-table,238.20318603515625,239.4250030517578
left000601,motion-1,729.008544921875,215.14599609375
left000601,t-table,238.2489471435547,239.4295654296875
left000717,motion-1,729.1336059570312,215.13082885742188
left000717,t-table,238.25286865234375,239.41839599609375
left000657,motion-1,729.3201904296875,215.19647216796875
left000657,t-table,238.29116821289062,239.4111785888672
left000600,motion-1,729.3577270507812,215.20584106445312
left000600,t-table,238.24957275390625,239.44369506835938
left000352,motion-1,729.283935546875,215.16867065429688
left000352,t-table,238.37167358398438,239.40792846679688
left000604,motion-1,729.2676391601562,215.16885375976562
left000604,t-table,238.27149963378906,239.43588256835938
left000905,motion-1,729.1431274414062,215.1590576171875
left000905,t-table,238.217529296875,239.4293212890625
left000195,motion-1,729.0545654296875,215.1846160888672
left000195,t-table,238.1850128173828,239.42477416992188
left000021,motion-1,729.055908203125,215.1606903076172
left000021,t-table,238.24171447753906,239.3980255126953
left000676,motion-1,729.2178955078125,215.15371704101562
left000676,t-table,238.3216552734375,239.40615844726562
left000595,motion-1,729.2808837890625,215.16458129882812
left000595,t-table,238.24327087402344,239.41741943359375
left000331,motion-1,729.3433837890625,215.1724853515625
left000331,t-table,238.2235107421875,239.38046264648438
left000512,motion-1,729.1453857421875,215.16616821289062
left000512,t-table,238.37843322753906,239.422119140625
left000629,motion-1,729.2431640625,215.15625
left000629,t-table,238.23226928710938,239.415283203125
left000139,motion-1,729.380859375,215.22906494140625
left000139,t-table,238.26519775390625,239.41134643554688
left000027,motion-1,729.2139892578125,215.21824645996094
left000027,t-table,238.23684692382812,239.4168701171875
left000239,motion-1,729.01025390625,215.21266174316406
left000239,t-table,238.30120849609375,239.4510498046875
left000897,motion-1,729.2376708984375,215.1744384765625
left000897,t-table,238.32382202148438,239.41049194335938
left000450,motion-1,729.193359375,215.20550537109375
left000450,t-table,238.284423828125,239.38870239257812
left000749,motion-1,729.0945434570312,215.15921020507812
left000749,t-table,238.46481323242188,239.4290313720703
left000602,motion-1,729.09228515625,215.21405029296875
left000602,t-table,238.20709228515625,239.40582275390625
left000335,motion-1,729.197509765625,215.17831420898438
left000335,t-table,238.2777099609375,239.3927459716797
left000486,motion-1,729.259521484375,215.10955810546875
left000486,t-table,238.37081909179688,239.35606384277344
left000608,motion-1,728.9459228515625,215.18814086914062
left000608,t-table,238.17413330078125,239.4192352294922
left000675,motion-1,729.163330078125,215.18775939941406
left000675,t-table,238.3892364501953,239.3872833251953
left000051,motion-1,729.35302734375,215.1885986328125
left000051,t-table,238.3193359375,239.4345703125
left000591,motion-1,729.0328979492188,215.197021484375
left000591,t-table,238.27772521972656,239.445556640625
left000635,motion-1,729.2564697265625,215.15805053710938
left000635,t-table,238.3338623046875,239.3900146484375
left000263,motion-1,729.3441162109375,215.22268676757812
left000263,t-table,238.26596069335938,239.39852905273438
left000541,motion-1,729.1422729492188,215.2321014404297
left000541,t-table,238.41415405273438,239.40618896484375
left000082,motion-1,729.27197265625,215.22740173339844
left000099,motion-1,729.0655517578125,215.2103271484375
left000055,motion-1,729.2110595703125,215.22796630859375
left000055,t-table,238.3175048828125,239.40476989746094
left000079,motion-1,729.318603515625,215.18557739257812
left000582,motion-1,729.198974609375,215.17977905273438
left000582,t-table,238.30001831054688,239.42237854003906
left000160,motion-1,729.16943359375,215.16500854492188
left000160,t-table,238.21380615234375,239.4119873046875
left000634,motion-1,729.2205810546875,215.20391845703125
left000634,t-table,238.35894775390625,239.39276123046875
left000470,motion-1,729.1895141601562,215.17633056640625
left000470,t-table,238.37533569335938,239.4193878173828
left000140,motion-1,729.07470703125,215.20428466796875
left000140,t-table,238.22201538085938,239.41612243652344
left000221,motion-1,729.269775390625,215.21292114257812
left000221,t-table,238.32894897460938,239.3968048095703
left000277,motion-1,729.07958984375,215.1938018798828
left000277,t-table,238.25416564941406,239.41033935546875
left000392,motion-1,729.2674560546875,215.21975708007812
left000392,t-table,238.18191528320312,239.43582153320312
left000651,motion-1,729.1119384765625,215.17526245117188
left000651,t-table,238.31199645996094,239.36441040039062
left000662,motion-1,729.3316040039062,215.1842041015625
left000662,t-table,238.2635498046875,239.38809204101562
left000744,motion-1,729.3201904296875,215.15713500976562
left000744,t-table,238.22653198242188,239.4659881591797
left000460,motion-1,729.005615234375,215.2044677734375
left000460,t-table,238.21620178222656,239.4582977294922
left000070,motion-1,729.255615234375,215.196533203125
left000070,t-table,238.42098999023438,239.3771514892578
left000813,motion-1,729.1160888671875,215.14036560058594
left000813,t-table,238.33892822265625,239.42337036132812
left000605,motion-1,729.0277099609375,215.21592712402344
left000605,t-table,238.22543334960938,239.450439453125
left000697,motion-1,729.3914184570312,215.22665405273438
left000697,t-table,238.28659057617188,239.42572021484375
left000567,motion-1,729.1826171875,215.2220458984375
left000567,t-table,238.23236083984375,239.43634033203125
left000355,motion-1,729.1455078125,215.18740844726562
left000355,t-table,238.29800415039062,239.40408325195312
left000554,motion-1,729.1703491210938,215.19189453125
left000554,t-table,238.2149200439453,239.42306518554688
left000916,motion-1,729.24072265625,215.16220092773438
left000916,t-table,238.3023681640625,239.3982696533203
left000500,motion-1,729.1143798828125,215.19984436035156
left000500,t-table,238.26760864257812,239.4066162109375
left000887,motion-1,729.13427734375,215.2021484375
left000887,t-table,238.28707885742188,239.44918823242188
left000678,motion-1,729.0448608398438,215.20680236816406
left000678,t-table,238.2042236328125,239.3858642578125
left000762,motion-1,729.6507568359375,215.16461181640625
left000762,t-table,238.31439208984375,239.39971923828125
left000539,motion-1,729.114013671875,215.2074737548828
left000539,t-table,238.2670440673828,239.44528198242188
left000360,motion-1,729.125244140625,215.19589233398438
left000360,t-table,238.27276611328125,239.45281982421875
left000372,motion-1,729.2915649414062,215.21234130859375
left000372,t-table,238.3548583984375,239.37796020507812
left000178,motion-1,729.29638671875,215.19615173339844
left000178,t-table,238.29612731933594,239.42532348632812
left000770,motion-1,728.4541015625,215.0685577392578
left000770,t-table,238.369873046875,239.39950561523438
left000009,motion-1,729.234130859375,215.19271850585938
left000009,t-table,238.29107666015625,239.40286254882812
left000089,motion-1,729.162353515625,215.21090698242188
left000366,motion-1,729.3291015625,215.18023681640625
left000366,t-table,238.1964111328125,239.43710327148438
left000565,motion-1,729.2578125,215.2001953125
left000565,t-table,238.28662109375,239.39761352539062
left000547,motion-1,729.138671875,215.16656494140625
left000547,t-table,238.25936889648438,239.38571166992188
left000005,motion-1,729.1578369140625,215.2587890625
left000005,t-table,238.3216552734375,239.424560546875
left000039,motion-1,729.3497314453125,215.1984100341797
left000039,t-table,238.27117919921875,239.44436645507812
left000044,motion-1,729.314453125,215.2101287841797
left000044,t-table,238.27090454101562,239.435302734375
left000677,motion-1,729.2918701171875,215.20919799804688
left000677,t-table,238.25418090820312,239.4090576171875
left000680,motion-1,729.20166015625,215.13388061523438
left000680,t-table,238.33895874023438,239.40573120117188
left000782,motion-1,729.3032836914062,215.22003173828125
left000782,t-table,238.3367919921875,239.38092041015625
left000793,motion-1,728.987060546875,215.18505859375
left000793,t-table,238.26669311523438,239.47515869140625
left000437,motion-1,729.127197265625,215.19317626953125
left000437,t-table,238.17552185058594,239.39739990234375
left000419,motion-1,729.22119140625,215.13514709472656
left000419,t-table,238.17352294921875,239.44137573242188
left000200,motion-1,729.22998046875,215.15321350097656
left000200,t-table,238.21229553222656,239.42225646972656
left000477,motion-1,729.2017822265625,215.17080688476562
left000477,t-table,238.319091796875,239.35232543945312
left000146,motion-1,729.1171875,215.18768310546875
left000146,t-table,238.29409790039062,239.40504455566406
left000915,motion-1,729.16357421875,215.161376953125
left000915,t-table,238.243896484375,239.38339233398438
left000710,motion-1,729.22314453125,215.1427001953125
left000710,t-table,238.283935546875,239.45486450195312
left000128,motion-1,729.190185546875,215.16677856445312
left000128,t-table,238.38385009765625,239.40817260742188
left000362,motion-1,729.2556762695312,215.24237060546875
left000362,t-table,238.3456268310547,239.4385528564453
left000414,motion-1,729.3321533203125,215.19317626953125
left000414,t-table,238.280029296875,239.4154052734375
left000420,motion-1,729.2657470703125,215.17626953125
left000420,t-table,238.24136352539062,239.42324829101562
left000172,motion-1,729.0185546875,215.18511962890625
left000172,t-table,238.24232482910156,239.42098999023438
left000231,motion-1,729.087890625,215.1392059326172
left000231,t-table,238.23231506347656,239.4168243408203
left000282,motion-1,729.362060546875,215.21875
left000282,t-table,238.17996215820312,239.41851806640625
left000641,motion-1,729.05859375,215.18447875976562
left000641,t-table,238.1522674560547,239.4161376953125
left000326,motion-1,729.0830688476562,215.1505126953125
left000326,t-table,238.25369262695312,239.44737243652344
left000247,motion-1,729.2431640625,215.21051025390625
left000247,t-table,238.20022583007812,239.4258270263672
left000895,motion-1,729.1822509765625,215.1897735595703
left000895,t-table,238.41404724121094,239.40740966796875
left000777,motion-1,729.0911865234375,215.21017456054688
left000777,t-table,238.39447021484375,239.39883422851562
left000443,motion-1,729.2023315429688,215.18751525878906
left000443,t-table,238.32907104492188,239.39971923828125
left000111,motion-1,729.2110595703125,215.1706085205078
left000111,t-table,237.3029327392578,239.32015991210938
left000320,motion-1,729.3299560546875,215.16616821289062
left000320,t-table,238.33389282226562,239.40090942382812
left000324,motion-1,729.26220703125,215.16082763671875
left000324,t-table,238.30194091796875,239.41552734375
left000517,motion-1,729.2297973632812,215.1345977783203
left000517,t-table,238.34393310546875,239.42494201660156
left000334,motion-1,729.0328979492188,215.17764282226562
left000334,t-table,238.45367431640625,239.4146728515625
left000193,motion-1,729.0674438476562,215.22732543945312
left000193,t-table,238.21902465820312,239.46197509765625
left000563,motion-1,729.06298828125,215.186767578125
left000563,t-table,238.36965942382812,239.4178924560547
left000010,motion-1,729.3264770507812,215.17047119140625
left000010,t-table,238.27452087402344,239.40130615234375
left000214,motion-1,729.1657104492188,215.2042236328125
left000214,t-table,238.23536682128906,239.4066162109375
left000791,motion-1,729.05029296875,215.13986206054688
left000791,t-table,238.3282470703125,239.44046020507812
left000702,motion-1,729.2352905273438,215.16253662109375
left000702,t-table,238.1884765625,239.4022216796875
left000026,motion-1,729.2600708007812,215.184326171875
left000026,t-table,238.19854736328125,239.41004943847656
left000293,motion-1,729.2406616210938,215.1230926513672
left000293,t-table,238.31796264648438,239.41403198242188
left000396,motion-1,729.17578125,215.22659301757812
left000396,t-table,238.2636260986328,239.3953857421875
left000704,motion-1,729.358154296875,215.1967315673828
left000704,t-table,238.382568359375,239.3984832763672
left000485,motion-1,729.219482421875,215.14395141601562
left000485,t-table,238.4107666015625,239.41648864746094
left000371,motion-1,729.3121337890625,215.17404174804688
left000371,t-table,238.38397216796875,239.43972778320312
left000317,motion-1,729.134033203125,215.16781616210938
left000317,t-table,238.35684204101562,239.43276977539062
left000330,motion-1,729.0125122070312,215.19752502441406
left000330,t-table,238.37094116210938,239.41015625
left000289,motion-1,729.0963745117188,215.14215087890625
left000289,t-table,238.30853271484375,239.41000366210938
left000630,motion-1,729.1375732421875,215.1365966796875
left000630,t-table,238.10888671875,239.39385986328125
left000269,motion-1,729.2384643554688,215.19796752929688
left000269,t-table,238.2984619140625,239.4348907470703
left000131,motion-1,729.2662353515625,215.1503448486328
left000131,t-table,238.33465576171875,239.356689453125
left000807,motion-1,729.47412109375,215.1605224609375
left000807,t-table,238.2637939453125,239.42385864257812
left000061,motion-1,729.2696533203125,215.21888732910156
left000061,t-table,238.24319458007812,239.39990234375
left000319,motion-1,729.19482421875,215.1540985107422
left000319,t-table,238.27340698242188,239.38136291503906
left000025,motion-1,729.0003051757812,215.21417236328125
left000025,t-table,238.3048095703125,239.42007446289062
left000017,motion-1,729.13720703125,215.2274169921875
left000017,t-table,238.25636291503906,239.39303588867188
left000726,motion-1,729.233154296875,215.1595916748047
left000726,t-table,238.3197021484375,239.35450744628906
left000495,motion-1,729.054931640625,215.17112731933594
left000495,t-table,238.35623168945312,239.41998291015625
left000129,motion-1,729.169677734375,215.19412231445312
left000129,t-table,238.37425231933594,239.38824462890625
left000609,motion-1,729.248779296875,215.222412109375
left000609,t-table,238.24024963378906,239.43167114257812
left000126,motion-1,729.1817626953125,215.18341064453125
left000126,t-table,238.25750732421875,239.37936401367188
left000902,motion-1,729.271240234375,215.1717529296875
left000902,t-table,238.35061645507812,239.38162231445312
left000505,motion-1,729.1229248046875,215.18515014648438
left000505,t-table,238.32688903808594,239.42514038085938
left000444,motion-1,729.2762451171875,215.19744873046875
left000444,t-table,238.35279846191406,239.39950561523438
left000127,motion-1,729.0866088867188,215.19802856445312
left000127,t-table,238.400390625,239.43695068359375
left000340,motion-1,729.35302734375,215.18923950195312
left000340,t-table,238.22378540039062,239.43707275390625
left000032,motion-1,729.2833251953125,215.16278076171875
left000032,t-table,238.2568359375,239.40289306640625
left000440,motion-1,729.0869140625,215.17633056640625
left000440,t-table,238.3189697265625,239.44398498535156
left000401,motion-1,729.3021240234375,215.17926025390625
left000401,t-table,238.25741577148438,239.41448974609375
left000503,motion-1,729.1953125,215.18008422851562
left000503,t-table,238.28125,239.4259490966797
left000616,motion-1,729.0953979492188,215.18026733398438
left000616,t-table,238.18576049804688,239.407958984375
left000297,motion-1,729.130126953125,215.19091796875
left000297,t-table,238.2730255126953,239.38482666015625
left000050,motion-1,729.185791015625,215.18231201171875
left000050,t-table,238.32220458984375,239.41668701171875
left000074,motion-1,729.19775390625,215.21975708007812
left000074,t-table,241.32203674316406,239.25546264648438
left000536,motion-1,729.3345947265625,215.1722412109375
left000536,t-table,238.3701629638672,239.42984008789062
left000775,motion-1,729.341552734375,215.19223022460938
left000775,t-table,238.31015014648438,239.41455078125
left000343,motion-1,729.3343505859375,215.1715087890625
left000343,t-table,238.27096557617188,239.42449951171875
left000278,motion-1,729.22119140625,215.22686767578125
left000278,t-table,238.35658264160156,239.40528869628906
left000481,motion-1,728.9935302734375,215.19007873535156
left000481,t-table,238.34442138671875,239.4105682373047
left000272,motion-1,729.22412109375,215.16290283203125
left000272,t-table,238.27127075195312,239.414306640625
left000270,motion-1,729.314697265625,215.17811584472656
left000270,t-table,238.35284423828125,239.38796997070312
left000216,motion-1,729.0567016601562,215.16725158691406
left000216,t-table,238.31277465820312,239.41482543945312
left000007,motion-1,729.1456909179688,215.23043823242188
left000007,t-table,238.26806640625,239.3736572265625
left000513,motion-1,728.91259765625,215.17324829101562
left000513,t-table,238.32473754882812,239.40560913085938
left000498,motion-1,729.1710205078125,215.19119262695312
left000498,t-table,238.26126098632812,239.4147186279297
left000038,motion-1,729.1470947265625,215.18161010742188
left000038,t-table,238.24057006835938,239.41561889648438
left000784,motion-1,729.2725830078125,215.15878295898438
left000784,t-table,238.27764892578125,239.4171905517578
left000029,motion-1,729.2378540039062,215.18240356445312
left000029,t-table,238.2971954345703,239.39865112304688
left000142,motion-1,729.3126220703125,215.20217895507812
left000142,t-table,238.34539794921875,239.43121337890625
left000124,motion-1,729.1309814453125,215.18875122070312
left000124,t-table,238.28082275390625,239.4043731689453
left000607,motion-1,729.012451171875,215.1749267578125
left000607,t-table,238.27781677246094,239.45059204101562
left000509,motion-1,728.9835205078125,215.20684814453125
left000509,t-table,238.249267578125,239.3929443359375
left000901,motion-1,728.9998779296875,215.21612548828125
left000901,t-table,238.346923828125,239.40011596679688
left000250,motion-1,729.203857421875,215.20501708984375
left000250,t-table,238.33018493652344,239.40567016601562
left000314,motion-1,729.2327880859375,215.1909637451172
left000314,t-table,238.2732696533203,239.44454956054688
left000174,motion-1,729.3761596679688,215.19500732421875
left000174,t-table,238.31427001953125,239.38134765625
left000736,motion-1,729.2635498046875,215.15420532226562
left000736,t-table,238.239990234375,239.43374633789062
left000753,motion-1,729.2440185546875,215.18380737304688
left000753,t-table,238.2825164794922,239.403564453125
left000650,motion-1,729.0723876953125,215.16940307617188
left000650,t-table,238.27670288085938,239.39456176757812
left000730,motion-1,729.254638671875,215.1602783203125
left000730,t-table,238.39031982421875,239.39990234375
left000377,motion-1,729.118896484375,215.19696044921875
left000377,t-table,238.29031372070312,239.4339599609375
left000186,motion-1,729.1171875,215.17788696289062
left000186,t-table,238.30502319335938,239.43109130859375
left000152,motion-1,729.1569213867188,215.2364501953125
left000152,t-table,238.28614807128906,239.41622924804688
left000133,motion-1,729.1682739257812,215.17288208007812
left000133,t-table,238.28076171875,239.45901489257812
left000386,motion-1,729.2763061523438,215.15933227539062
left000386,t-table,238.40911865234375,239.42855834960938
left000654,motion-1,729.1939086914062,215.20237731933594
left000654,t-table,238.26016235351562,239.41571044921875
left000002,motion-1,729.3074340820312,215.195068359375
left000002,t-table,238.31430053710938,239.40194702148438
left000732,motion-1,729.1934814453125,215.14178466796875
left000732,t-table,238.34793090820312,239.39276123046875
left000809,motion-1,729.1368408203125,215.13134765625
left000809,t-table,238.25961303710938,239.4635009765625
left000416,motion-1,729.3749389648438,215.16049194335938
left000416,t-table,238.26596069335938,239.42034912109375
left000148,motion-1,729.08984375,215.18240356445312
left000148,t-table,238.41123962402344,239.39146423339844
left000805,motion-1,728.8857421875,215.16342163085938
left000805,t-table,238.28805541992188,239.44412231445312
left000461,motion-1,729.2274169921875,215.1802520751953
left000461,t-table,238.2513427734375,239.39845275878906
left000059,motion-1,729.2344970703125,215.20118713378906
left000059,t-table,238.2858123779297,239.4119415283203
left000006,motion-1,729.3504638671875,215.19097900390625
left000006,t-table,238.36851501464844,239.38800048828125
left000538,motion-1,729.1876831054688,215.21463012695312
left000538,t-table,238.3450164794922,239.4190216064453
left000467,motion-1,729.08349609375,215.16574096679688
left000467,t-table,238.3300018310547,239.4337921142578
left000169,motion-1,729.3267822265625,215.18008422851562
left000169,t-table,238.2812957763672,239.405029296875
left000728,motion-1,729.2215576171875,215.1973876953125
left000728,t-table,238.39263916015625,239.4044952392578
left000041,motion-1,729.2872314453125,215.20541381835938
left000041,t-table,238.31710815429688,239.4130859375
left000316,motion-1,729.3150634765625,215.21591186523438
left000316,t-table,238.2969970703125,239.41229248046875
left000780,motion-1,729.299072265625,215.14315795898438
left000780,t-table,238.258056640625,239.3984375
left000755,motion-1,729.7113647460938,215.1734619140625
left000755,t-table,238.3132781982422,239.39694213867188
left000390,motion-1,729.3170166015625,215.1505126953125
left000390,t-table,238.1715087890625,239.42010498046875
left000378,motion-1,729.1420288085938,215.16732788085938
left000378,t-table,238.33868408203125,239.400634765625
left000187,motion-1,729.1705322265625,215.18502807617188
left000187,t-table,238.24755859375,239.42263793945312
left000359,motion-1,729.2020263671875,215.19659423828125
left000359,t-table,238.17446899414062,239.3924560546875
left000737,motion-1,729.1282958984375,215.181640625
left000737,t-table,238.2906951904297,239.4198760986328
left000578,motion-1,729.026123046875,215.18740844726562
left000578,t-table,238.3242950439453,239.39883422851562
left000761,motion-1,729.6607666015625,215.09725952148438
left000761,t-table,238.34564208984375,239.44110107421875
left000185,motion-1,729.4091796875,215.188720703125
left000185,t-table,238.264404296875,239.44296264648438
left000285,motion-1,729.2763671875,215.1904296875
left000285,t-table,238.24676513671875,239.38540649414062
left000639,motion-1,729.1932373046875,215.18490600585938
left000639,t-table,238.20294189453125,239.42669677734375
left000204,motion-1,729.197265625,215.19281005859375
left000204,t-table,238.24522399902344,239.44796752929688
left000047,motion-1,729.2286376953125,215.19244384765625
left000047,t-table,238.2549285888672,239.40206909179688
left000888,motion-1,729.3773193359375,215.17327880859375
left000888,t-table,238.32070922851562,239.40127563476562
left000720,motion-1,729.184814453125,215.20156860351562
left000720,t-table,238.2401123046875,239.38790893554688
left000426,motion-1,729.118896484375,215.2018585205078
left000426,t-table,238.30780029296875,239.44363403320312
left000342,motion-1,729.2996826171875,215.22454833984375
left000342,t-table,238.29942321777344,239.38746643066406
left000321,motion-1,729.34814453125,215.20364379882812
left000321,t-table,238.24996948242188,239.44154357910156
left000119,motion-1,729.2996826171875,215.18917846679688
left000119,t-table,238.21458435058594,239.38671875
left000113,motion-1,729.2745971679688,215.17333984375
left000113,t-table,238.01846313476562,239.36050415039062
left000397,motion-1,729.3695068359375,215.18222045898438
left000397,t-table,238.30474853515625,239.43234252929688
left000786,motion-1,729.3262939453125,215.1814422607422
left000786,t-table,238.37515258789062,239.39320373535156
left000189,motion-1,729.1878662109375,215.2235107421875
left000189,t-table,238.33065795898438,239.42263793945312
left000626,motion-1,729.0888671875,215.17413330078125
left000626,t-table,238.26756286621094,239.456298828125
left000557,motion-1,729.3399658203125,215.15283203125
left000557,t-table,238.31967163085938,239.43797302246094
left000699,motion-1,729.0376586914062,215.195556640625
left000699,t-table,238.37355041503906,239.38851928710938
left000621,motion-1,729.0343017578125,215.1935272216797
left000621,t-table,238.18067932128906,239.4186553955078
left000449,motion-1,729.291015625,215.1813201904297
left000449,t-table,238.3055419921875,239.4391632080078
left000287,motion-1,729.390625,215.18124389648438
left000287,t-table,238.18768310546875,239.40133666992188
left000210,motion-1,729.2339477539062,215.2186737060547
left000210,t-table,238.3123016357422,239.41876220703125
left000311,motion-1,729.1426391601562,215.21340942382812
left000311,t-table,238.3217315673828,239.40359497070312
left000096,motion-1,729.1778564453125,215.1853790283203
left000205,motion-1,729.1680908203125,215.18817138671875
left000205,t-table,238.37091064453125,239.40713500976562
left000522,motion-1,729.14990234375,215.17926025390625
left000522,t-table,238.35923767089844,239.38949584960938
left000504,motion-1,729.1409912109375,215.16567993164062
left000504,t-table,238.27005004882812,239.43014526367188
left000053,motion-1,729.2567749023438,215.22775268554688
left000053,t-table,238.20306396484375,239.42149353027344
left000652,motion-1,729.372314453125,215.16954040527344
left000652,t-table,238.08599853515625,239.42672729492188
left000610,motion-1,729.167724609375,215.2086181640625
left000610,t-table,238.28042602539062,239.44842529296875
left000275,motion-1,729.3331298828125,215.20303344726562
left000275,t-table,238.21026611328125,239.41018676757812
left000771,motion-1,728.763916015625,215.09893798828125
left000771,t-table,238.33273315429688,239.41749572753906
left000627,motion-1,729.1881103515625,215.123291015625
left000627,t-table,238.3546142578125,239.44175720214844
left000597,motion-1,729.2265625,215.18927001953125
left000597,t-table,238.32781982421875,239.40628051757812
left000201,motion-1,729.1923217773438,215.18984985351562
left000201,t-table,238.33877563476562,239.42257690429688
left000501,motion-1,729.028076171875,215.1552734375
left000501,t-table,238.33631896972656,239.40011596679688
left000738,motion-1,729.2239990234375,215.18026733398438
left000738,t-table,238.3797607421875,239.39149475097656
left000648,motion-1,729.2601928710938,215.17030334472656
left000648,t-table,238.29428100585938,239.4105224609375
left000402,motion-1,729.376953125,215.1932373046875
left000402,t-table,238.41204833984375,239.39724731445312
left000144,motion-1,729.0208740234375,215.17828369140625
left000144,t-table,238.27853393554688,239.40492248535156
left000389,motion-1,729.1624145507812,215.18833923339844
left000389,t-table,238.23585510253906,239.46060180664062
left000246,motion-1,729.384765625,215.18603515625
left000246,t-table,238.26934814453125,239.45175170898438
left000571,motion-1,729.1729736328125,215.19097900390625
left000571,t-table,238.20443725585938,239.4173583984375
left000814,motion-1,729.1854248046875,215.15628051757812
left000814,t-table,238.3523406982422,239.42333984375
left000323,motion-1,729.4085693359375,215.23411560058594
left000323,t-table,238.23782348632812,239.4140625
left000491,motion-1,729.046630859375,215.20375061035156
left000491,t-table,238.35580444335938,239.38739013671875
left000778,motion-1,729.324462890625,215.2464141845703
left000778,t-table,238.31080627441406,239.43658447265625
left000428,motion-1,729.2254638671875,215.2042999267578
left000428,t-table,238.30014038085938,239.44178771972656
left000480,motion-1,729.1309204101562,215.18504333496094
left000480,t-table,238.3057861328125,239.4124755859375
left000393,motion-1,729.3660888671875,215.21209716796875
left000393,t-table,238.30953979492188,239.39126586914062
left000586,motion-1,729.3389892578125,215.2100830078125
left000586,t-table,238.26449584960938,239.46246337890625
left000329,motion-1,729.2445068359375,215.2423095703125
left000329,t-table,238.35794067382812,239.37107849121094
left000245,motion-1,729.396484375,215.18548583984375
left000245,t-table,238.2208251953125,239.42266845703125
left000810,motion-1,729.27587890625,215.16294860839844
left000810,t-table,238.2668914794922,239.41778564453125
left000421,motion-1,729.0890502929688,215.19131469726562
left000421,t-table,238.28021240234375,239.4623565673828
left000773,motion-1,729.191650390625,215.17739868164062
left000773,t-table,238.24517822265625,239.4071807861328
left000118,motion-1,729.4462890625,215.20799255371094
left000118,t-table,238.1610107421875,239.39620971679688
left000094,motion-1,729.398681640625,215.1884765625
left000884,motion-1,729.1495361328125,215.15533447265625
left000884,t-table,238.251220703125,239.4547882080078
left000318,motion-1,729.1195678710938,215.16409301757812
left000318,t-table,238.368896484375,239.39080810546875
left000068,motion-1,729.232177734375,215.22540283203125
left000068,t-table,238.32073974609375,239.39730834960938
left000181,motion-1,729.1882934570312,215.1837158203125
left000181,t-table,238.35845947265625,239.42868041992188
left000669,motion-1,729.0784301757812,215.15158081054688
left000669,t-table,238.24008178710938,239.41549682617188
left000012,motion-1,729.1470947265625,215.22543334960938
left000012,t-table,238.21817016601562,239.4416046142578
left000556,motion-1,729.1114501953125,215.20263671875
left000556,t-table,238.26824951171875,239.45358276367188
left000332,motion-1,729.104736328125,215.17446899414062
left000332,t-table,238.32855224609375,239.4030303955078
left000261,motion-1,729.4329223632812,215.18251037597656
left000261,t-table,238.39950561523438,239.4268035888672
left000570,motion-1,729.0228271484375,215.20516967773438
left000570,t-table,238.23141479492188,239.42337036132812
left000658,motion-1,729.2188110351562,215.1618194580078
left000658,t-table,238.23056030273438,239.42855834960938
left000620,motion-1,729.3267822265625,215.19789123535156
left000620,t-table,238.19970703125,239.46340942382812
left000141,motion-1,729.2720947265625,215.21066284179688
left000141,t-table,238.36392211914062,239.43646240234375
left000045,motion-1,729.1361694335938,215.22018432617188
left000045,t-table,238.16409301757812,239.4056854248047
left000430,motion-1,729.11279296875,215.15667724609375
left000430,t-table,238.27029418945312,239.43722534179688
left000525,motion-1,729.321044921875,215.20895385742188
left000525,t-table,238.3519287109375,239.40689086914062
left000180,motion-1,729.252197265625,215.20578002929688
left000180,t-table,238.26934814453125,239.4193115234375
left000569,motion-1,729.2137451171875,215.19119262695312
left000569,t-table,238.28359985351562,239.40643310546875
left000584,motion-1,729.2449951171875,215.19342041015625
left000584,t-table,238.21348571777344,239.4205322265625
left000084,motion-1,729.085205078125,215.16285705566406
left000546,motion-1,729.0576782226562,215.19500732421875
left000546,t-table,238.25302124023438,239.41000366210938
left000072,motion-1,729.1375732421875,215.23101806640625
left000072,t-table,240.03030395507812,239.32379150390625
left000772,motion-1,728.89794921875,215.14535522460938
left000772,t-table,238.31256103515625,239.419677734375
left000365,motion-1,729.1942138671875,215.20343017578125
left000365,t-table,238.31689453125,239.38455200195312
left000890,motion-1,729.196044921875,215.16848754882812
left000890,t-table,238.28961181640625,239.42149353027344
left000191,motion-1,729.380615234375,215.21685791015625
left000191,t-table,238.29443359375,239.45889282226562
left000510,motion-1,729.1543579101562,215.1484832763672
left000510,t-table,238.28567504882812,239.40029907226562
left000636,motion-1,729.22509765625,215.21685791015625
left000636,t-table,238.33981323242188,239.42391967773438
left000071,motion-1,729.299560546875,215.21286010742188
left000071,t-table,238.45989990234375,239.40328979492188
left000376,motion-1,729.0718994140625,215.17083740234375
left000376,t-table,238.21800231933594,239.37435913085938
left000787,motion-1,729.3234252929688,215.17373657226562
left000787,t-table,238.41542053222656,239.39642333984375
left000211,motion-1,729.2371826171875,215.18394470214844
left000211,t-table,238.23666381835938,239.43695068359375
left000016,motion-1,729.21044921875,215.21627807617188
left000016,t-table,238.27354431152344,239.42718505859375
left000788,motion-1,729.1098022460938,215.210205078125
left000788,t-table,238.31907653808594,239.4161834716797
left000197,motion-1,729.052734375,215.18453979492188
left000197,t-table,238.38589477539062,239.40599060058594
left000628,motion-1,729.3397827148438,215.15509033203125
left000628,t-table,238.25668334960938,239.40542602539062
left000042,motion-1,729.1346435546875,215.21102905273438
left000042,t-table,238.31814575195312,239.38442993164062
left000606,motion-1,729.10009765625,215.20083618164062
left000606,t-table,238.17886352539062,239.40603637695312
left000656,motion-1,729.0076904296875,215.19168090820312
left000656,t-table,238.18743896484375,239.45095825195312
left000088,motion-1,728.9256591796875,215.2098388671875
left000468,motion-1,729.3102416992188,215.158203125
left000468,t-table,238.21884155273438,239.45187377929688
left000476,motion-1,729.1436767578125,215.18592834472656
left000476,t-table,238.24391174316406,239.4329376220703
left000138,motion-1,729.0927734375,215.21372985839844
left000138,t-table,238.38259887695312,239.39443969726562
left000035,motion-1,729.4205322265625,215.11749267578125
left000035,t-table,238.2152099609375,239.45803833007812
left000465,motion-1,729.2084350585938,215.17941284179688
left000465,t-table,238.2727508544922,239.42726135253906
left000229,motion-1,729.2779541015625,215.176025390625
left000229,t-table,238.23094177246094,239.43792724609375
left000046,motion-1,729.1043701171875,215.2053680419922
left000046,t-table,238.24253845214844,239.39703369140625
left000281,motion-1,729.285888671875,215.2137451171875
left000281,t-table,238.20730590820312,239.42440795898438
left000795,motion-1,729.23583984375,215.14544677734375
left000795,t-table,238.37863159179688,239.42649841308594
left000506,motion-1,729.103271484375,215.17410278320312
left000506,t-table,238.19154357910156,239.4324493408203
left000918,motion-1,728.9476318359375,215.18215942382812
left000918,t-table,238.24307250976562,239.44940185546875
left000394,motion-1,729.1598510742188,215.14532470703125
left000394,t-table,238.36767578125,239.38624572753906
left000900,motion-1,729.0999755859375,215.19235229492188
left000900,t-table,238.31912231445312,239.42117309570312
left000473,motion-1,729.1676635742188,215.2095947265625
left000473,t-table,238.306396484375,239.39089965820312
left000757,motion-1,729.7554321289062,215.14126586914062
left000757,t-table,238.28273010253906,239.3972930908203
left000588,motion-1,729.0128173828125,215.15147399902344
left000588,t-table,238.24209594726562,239.39471435546875
left000034,motion-1,729.1348876953125,215.2270965576172
left000034,t-table,238.33592224121094,239.37615966796875
left000579,motion-1,729.248046875,215.1876983642578
left000579,t-table,238.2743377685547,239.40579223632812
left000116,motion-1,729.2947998046875,215.19204711914062
left000116,t-table,238.09185791015625,239.33480834960938
left000130,motion-1,729.3172607421875,215.16448974609375
left000130,t-table,238.2955322265625,239.3800811767578
left000203,motion-1,729.3901977539062,215.21234130859375
left000203,t-table,238.19448852539062,239.3970947265625
left000490,motion-1,729.120361328125,215.1890411376953
left000490,t-table,238.33731079101562,239.4181671142578
left000307,motion-1,729.3750610351562,215.23678588867188
left000307,t-table,238.3215789794922,239.44256591796875
left000478,motion-1,728.89599609375,215.14520263671875
left000478,t-table,238.36721801757812,239.42449951171875
left000615,motion-1,729.2288818359375,215.19427490234375
left000615,t-table,238.17294311523438,239.38595581054688
left000409,motion-1,729.3488159179688,215.23989868164062
left000409,t-table,238.2593994140625,239.40750122070312
left000555,motion-1,729.1510009765625,215.1794891357422
left000555,t-table,238.2978973388672,239.40335083007812
left000103,motion-1,729.44677734375,215.2152862548828
left000670,motion-1,729.0184326171875,215.1925048828125
left000670,t-table,238.22735595703125,239.43089294433594
left000014,motion-1,728.841064453125,215.20443725585938
left000014,t-table,238.27761840820312,239.44703674316406
left000134,motion-1,729.1671142578125,215.18055725097656
left000134,t-table,238.4385986328125,239.43157958984375
left000776,motion-1,729.4340209960938,215.1751251220703
left000776,t-table,238.24066162109375,239.40182495117188
left000109,motion-1,729.35009765625,215.20443725585938
left000109,t-table,236.79208374023438,239.26708984375
left000910,motion-1,729.0306396484375,215.18125915527344
left000910,t-table,238.3497772216797,239.41336059570312
left000587,motion-1,729.0264892578125,215.14794921875
left000587,t-table,238.29232788085938,239.43130493164062
left000592,motion-1,728.9415893554688,215.19158935546875
left000592,t-table,238.43389892578125,239.3919677734375
left000019,motion-1,729.31787109375,215.23451232910156
left000019,t-table,238.21835327148438,239.4367218017578
left000660,motion-1,729.3544921875,215.19775390625
left000660,t-table,238.316162109375,239.4095458984375
left000276,motion-1,729.1416625976562,215.18643188476562
left000276,t-table,238.2811279296875,239.35655212402344
left000661,motion-1,729.1934204101562,215.16261291503906
left000661,t-table,238.2640380859375,239.41470336914062
left000411,motion-1,729.12890625,215.23406982421875
left000411,t-table,238.29287719726562,239.38446044921875
left000156,motion-1,729.2050170898438,215.19293212890625
left000156,t-table,238.21871948242188,239.4100799560547
left000300,motion-1,729.2752685546875,215.2190399169922
left000300,t-table,238.3192138671875,239.38931274414062
left000100,motion-1,729.1914672851562,215.16539001464844
left000622,motion-1,729.1268310546875,215.19332885742188
left000622,t-table,238.22531127929688,239.43447875976562
left000811,motion-1,729.13671875,215.1397705078125
left000811,t-table,238.23092651367188,239.4605712890625
left000559,motion-1,729.1309814453125,215.16761779785156
left000559,t-table,238.20819091796875,239.39480590820312
left000091,motion-1,729.294189453125,215.206298828125
left000589,motion-1,729.12841796875,215.17254638671875
left000589,t-table,238.25759887695312,239.41644287109375
left000304,motion-1,729.247314453125,215.22091674804688
left000304,t-table,238.21803283691406,239.42196655273438
left000423,motion-1,729.255126953125,215.16043090820312
left000423,t-table,238.3291015625,239.39285278320312
left000911,motion-1,729.320556640625,215.19625854492188
left000911,t-table,238.32443237304688,239.41885375976562
left000283,motion-1,729.1988525390625,215.18115234375
left000283,t-table,238.2728271484375,239.42071533203125
left000048,motion-1,729.2559814453125,215.2415313720703
left000048,t-table,238.1747283935547,239.3798828125
left000439,motion-1,729.2174072265625,215.21737670898438
left000439,t-table,238.3093719482422,239.43130493164062
left000218,motion-1,729.1971435546875,215.19692993164062
left000218,t-table,238.3118896484375,239.42852783203125
left000120,motion-1,729.3809204101562,215.17466735839844
left000120,t-table,238.27294921875,239.39328002929688
left000573,motion-1,729.0162353515625,215.16395568847656
left000573,t-table,238.34414672851562,239.42196655273438
left000102,motion-1,729.382080078125,215.22030639648438
left000789,motion-1,729.3384399414062,215.149658203125
left000789,t-table,238.42938232421875,239.41476440429688
left000232,motion-1,729.13916015625,215.19241333007812
left000232,t-table,238.30752563476562,239.4344940185547
left000132,motion-1,729.2696533203125,215.2223663330078
left000132,t-table,238.29971313476562,239.40213012695312
left000447,motion-1,729.11376953125,215.20852661132812
left000447,t-table,238.264892578125,239.43798828125
left000056,motion-1,729.2955932617188,215.1900634765625
left000056,t-table,238.26820373535156,239.4571533203125
left000685,motion-1,729.1968383789062,215.1387939453125
left000685,t-table,238.3019561767578,239.44033813476562
left000764,motion-1,728.7330932617188,215.02456665039062
left000764,t-table,238.27188110351562,239.40419006347656
left000716,motion-1,729.0303955078125,215.14898681640625
left000716,t-table,238.20651245117188,239.3885498046875
left000713,motion-1,729.4259033203125,215.1267852783203
left000713,t-table,238.23776245117188,239.38540649414062
left000220,motion-1,729.2189331054688,215.17835998535156
left000220,t-table,238.289306640625,239.4206085205078
left000719,motion-1,729.26513671875,215.1680908203125
left000719,t-table,238.26885986328125,239.40423583984375
left000568,motion-1,729.1278686523438,215.18087768554688
left000568,t-table,238.35076904296875,239.44723510742188
left000767,motion-1,728.2402954101562,215.04212951660156
left000767,t-table,238.3138885498047,239.3998260498047
left000209,motion-1,729.0996704101562,215.19894409179688
left000209,t-table,238.18109130859375,239.43270874023438
left000213,motion-1,729.3112182617188,215.21380615234375
left000213,t-table,238.2793731689453,239.4144744873047
left000322,motion-1,729.281982421875,215.1840362548828
left000322,t-table,238.3950958251953,239.3827362060547
left000173,motion-1,729.1417236328125,215.15054321289062
left000173,t-table,238.24285888671875,239.40647888183594
left000548,motion-1,729.3316650390625,215.18740844726562
left000548,t-table,238.37173461914062,239.41256713867188
left000248,motion-1,729.2298583984375,215.1828155517578
left000248,t-table,238.40560913085938,239.38815307617188
left000101,motion-1,729.2431640625,215.20570373535156
left000714,motion-1,729.0039672851562,215.17559814453125
left000714,t-table,238.24853515625,239.35980224609375
left000904,motion-1,729.180908203125,215.1909637451172
left000904,t-table,238.4197998046875,239.3948974609375
left000532,motion-1,729.2698974609375,215.232177734375
left000532,t-table,238.25836181640625,239.4339141845703
left000153,motion-1,729.3172607421875,215.22244262695312
left000153,t-table,238.297607421875,239.4476318359375
left000659,motion-1,729.3033447265625,215.2130889892578
left000659,t-table,238.24765014648438,239.41650390625
left000291,motion-1,729.3466796875,215.21734619140625
left000291,t-table,238.14431762695312,239.45323181152344
left000117,motion-1,729.3009033203125,215.16644287109375
left000117,t-table,238.01959228515625,239.37673950195312
left000052,motion-1,729.280029296875,215.14556884765625
left000052,t-table,238.27218627929688,239.36868286132812
left000785,motion-1,729.1676025390625,215.19786071777344
left000785,t-table,238.23858642578125,239.41433715820312
left000110,motion-1,729.10595703125,215.22769165039062
left000110,t-table,237.15602111816406,239.26702880859375
left000640,motion-1,729.1673583984375,215.15313720703125
left000640,t-table,238.22215270996094,239.41690063476562
left000533,motion-1,729.215087890625,215.184326171875
left000533,t-table,238.25173950195312,239.4019012451172
left000086,motion-1,729.3281860351562,215.22109985351562
left000914,motion-1,729.3319091796875,215.16973876953125
left000914,t-table,238.26382446289062,239.46612548828125
left000463,motion-1,729.1719970703125,215.1853485107422
left000463,t-table,238.28211975097656,239.46597290039062
left000361,motion-1,729.23681640625,215.12628173828125
left000361,t-table,238.22064208984375,239.45010375976562
left000290,motion-1,729.114501953125,215.18515014648438
left000290,t-table,238.305419921875,239.4097442626953
left000551,motion-1,729.117431640625,215.17440795898438
left000551,t-table,238.3385467529297,239.442626953125
left000235,motion-1,729.290771484375,215.19424438476562
left000235,t-table,238.2335205078125,239.39385986328125
left000642,motion-1,729.2220458984375,215.17706298828125
left000642,t-table,238.34298706054688,239.39193725585938
left000612,motion-1,729.2749633789062,215.18470764160156
left000612,t-table,238.33013916015625,239.40501403808594
left000521,motion-1,729.1336059570312,215.19580078125
left000521,t-table,238.2747802734375,239.40225219726562
left000919,motion-1,729.0947875976562,215.1552734375
left000919,t-table,238.18917846679688,239.42041015625
left000909,motion-1,729.1015625,215.1582489013672
left000909,t-table,238.28125,239.37982177734375
left000599,motion-1,729.1380615234375,215.2152557373047
left000599,t-table,238.3627166748047,239.39227294921875
left000724,motion-1,729.2349243164062,215.23748779296875
left000724,t-table,238.3286590576172,239.4296875
left000212,motion-1,729.22998046875,215.198486328125
left000212,t-table,238.31935119628906,239.40240478515625
left000583,motion-1,729.104736328125,215.17213439941406
left000583,t-table,238.17202758789062,239.4051971435547
left000881,motion-1,729.17041015625,215.15377807617188
left000881,t-table,238.38125610351562,239.42599487304688
left000494,motion-1,729.0614013671875,215.16531372070312
left000494,t-table,238.36013793945312,239.3955078125
left000531,motion-1,729.1435546875,215.20806884765625
left000531,t-table,238.22589111328125,239.43875122070312
left000790,motion-1,729.2544555664062,215.19888305664062
left000790,t-table,238.277099609375,239.43832397460938
left000125,motion-1,729.2491455078125,215.1788330078125
left000125,t-table,238.41659545898438,239.39187622070312
left000369,motion-1,729.3021240234375,215.19619750976562
left000369,t-table,238.30184936523438,239.38336181640625
left000508,motion-1,729.0946044921875,215.16995239257812
left000508,t-table,238.24671936035156,239.4081268310547
left000015,motion-1,729.2606201171875,215.1912384033203
left000015,t-table,238.2698974609375,239.41070556640625
left000013,motion-1,729.3502197265625,215.19619750976562
left000013,t-table,238.17929077148438,239.4052734375
left000093,motion-1,729.0877685546875,215.1810302734375
left000238,motion-1,729.40771484375,215.23345947265625
left000238,t-table,238.34451293945312,239.4147186279297
left000474,motion-1,729.0833740234375,215.12728881835938
left000474,t-table,238.22750854492188,239.416259765625
left000062,motion-1,729.38916015625,215.2041778564453
left000062,t-table,238.21961975097656,239.3927459716797
left000344,motion-1,729.3150634765625,215.20367431640625
left000344,t-table,238.22885131835938,239.41171264648438
left000384,motion-1,729.192626953125,215.17666625976562
left000384,t-table,238.29721069335938,239.42816162109375
left000912,motion-1,729.1663818359375,215.16366577148438
left000912,t-table,238.31564331054688,239.3756561279297
left000298,motion-1,729.331787109375,215.1809844970703
left000298,t-table,238.32781982421875,239.3980255126953
left000058,motion-1,729.0911865234375,215.1995849609375
left000058,t-table,238.28512573242188,239.39556884765625
left000413,motion-1,729.147705078125,215.1966552734375
left000413,t-table,238.17523193359375,239.43417358398438
left000527,motion-1,729.2828369140625,215.1562042236328
left000527,t-table,238.26004028320312,239.38702392578125
left000769,motion-1,728.3043823242188,215.12786865234375
left000769,t-table,238.39324951171875,239.41983032226562
left000244,motion-1,729.2752075195312,215.19976806640625
left000244,t-table,238.34396362304688,239.41748046875
left000080,motion-1,729.0633544921875,215.19085693359375
left000482,motion-1,729.2906494140625,215.18344116210938
left000482,t-table,238.22802734375,239.422119140625
left000043,motion-1,729.2135620117188,215.20626831054688
left000043,t-table,238.26535034179688,239.36453247070312
left000747,motion-1,728.9424438476562,215.095458984375
left000747,t-table,238.3077392578125,239.39279174804688
left000309,motion-1,729.3806762695312,215.18856811523438
left000309,t-table,238.23086547851562,239.40017700195312
left000706,motion-1,729.140869140625,215.1962890625
left000706,t-table,238.2704620361328,239.4162139892578
left000364,motion-1,729.3057250976562,215.18438720703125
left000364,t-table,238.21945190429688,239.4630889892578
left000906,motion-1,729.2721557617188,215.1630859375
left000906,t-table,238.29345703125,239.45004272460938
left000544,motion-1,729.4473876953125,215.17120361328125
left000544,t-table,238.28671264648438,239.40133666992188
left000543,motion-1,729.2157592773438,215.171142578125
left000543,t-table,238.18960571289062,239.40676879882812
left000097,motion-1,729.277099609375,215.194091796875
left000479,motion-1,729.22314453125,215.21435546875
left000479,t-table,238.3619384765625,239.39019775390625
left000746,motion-1,729.1026000976562,215.19708251953125
left000746,t-table,238.3577117919922,239.45233154296875
left000237,motion-1,729.1126708984375,215.17684936523438
left000237,t-table,238.17579650878906,239.39523315429688
left000802,motion-1,729.2747192382812,215.1449737548828
left000802,t-table,238.20675659179688,239.3860626220703
left000783,motion-1,729.286865234375,215.19186401367188
left000783,t-table,238.23211669921875,239.42495727539062
left000566,motion-1,729.2269287109375,215.20498657226562
left000566,t-table,238.25497436523438,239.4243927001953
left000493,motion-1,729.380126953125,215.21778869628906
left000493,t-table,238.33592224121094,239.3916473388672
left000098,motion-1,729.168212890625,215.18194580078125
left000255,motion-1,729.293212890625,215.1986541748047
left000255,t-table,238.40884399414062,239.39447021484375
left000381,motion-1,729.261474609375,215.1976318359375
left000381,t-table,238.32273864746094,239.42242431640625
left000523,motion-1,729.09619140625,215.1670684814453
left000523,t-table,238.35516357421875,239.39706420898438
left000433,motion-1,729.2396240234375,215.21054077148438
left000433,t-table,238.31842041015625,239.42657470703125
left000436,motion-1,729.2273559570312,215.1993865966797
left000436,t-table,238.33444213867188,239.41143798828125
left000417,motion-1,729.3270263671875,215.126953125
left000417,t-table,238.29592895507812,239.42605590820312
left000151,motion-1,729.1671752929688,215.28701782226562
left000151,t-table,238.32931518554688,239.40673828125
left000489,motion-1,729.224609375,215.2218017578125
left000489,t-table,238.25753784179688,239.41226196289062
left000301,motion-1,729.0271606445312,215.14761352539062
left000301,t-table,238.22647094726562,239.4566650390625
left000407,motion-1,729.124267578125,215.20147705078125
left000407,t-table,238.34690856933594,239.4010009765625
left000049,motion-1,729.2081909179688,215.20278930664062
left000049,t-table,238.28334045410156,239.3720703125
left000292,motion-1,729.2281494140625,215.20883178710938
left000292,t-table,238.235107421875,239.37261962890625
left000065,motion-1,729.2661743164062,215.203857421875
left000065,t-table,238.26058959960938,239.419189453125
left000192,motion-1,729.25634765625,215.19004821777344
left000192,t-table,238.18313598632812,239.3843994140625
left000157,motion-1,729.269775390625,215.20352172851562
left000157,t-table,238.18789672851562,239.36767578125
left000668,motion-1,729.1664428710938,215.16232299804688
left000668,t-table,238.2228546142578,239.43814086914062
left000207,motion-1,729.1520385742188,215.16856384277344
left000207,t-table,238.26719665527344,239.43756103515625
left000240,motion-1,729.0951538085938,215.1649169921875
left000240,t-table,238.25567626953125,239.362548828125
left000542,motion-1,729.0614013671875,215.17837524414062
left000542,t-table,238.24136352539062,239.42237854003906
left000535,motion-1,729.1798095703125,215.19729614257812
left000535,t-table,238.1561279296875,239.42469787597656
left000273,motion-1,729.2860107421875,215.1837158203125
left000273,t-table,238.26065063476562,239.42218017578125
left000284,motion-1,729.281982421875,215.2235107421875
left000284,t-table,238.142578125,239.43423461914062
left000729,motion-1,729.2103271484375,215.197998046875
left000729,t-table,238.29620361328125,239.39776611328125
left000484,motion-1,729.2376708984375,215.21795654296875
left000484,t-table,238.3815460205078,239.39096069335938
left000434,motion-1,729.2861328125,215.16204833984375
left000434,t-table,238.183349609375,239.43618774414062
left000112,motion-1,729.126953125,215.23895263671875
left000112,t-table,237.9068145751953,239.3424835205078
left000243,motion-1,729.4339599609375,215.20069885253906
left000243,t-table,238.24615478515625,239.40310668945312
left000108,motion-1,729.24169921875,215.19802856445312
left000108,t-table,235.81341552734375,239.34829711914062
left000380,motion-1,729.1452026367188,215.18760681152344
left000380,t-table,238.30917358398438,239.4106903076172
left000069,motion-1,729.0996704101562,215.18106079101562
left000069,t-table,238.33413696289062,239.38595581054688
left000357,motion-1,729.228515625,215.18594360351562
left000357,t-table,238.17950439453125,239.37326049804688
left000253,motion-1,729.325927734375,215.22537231445312
left000253,t-table,238.3707275390625,239.43328857421875
left000040,motion-1,729.3211669921875,215.21592712402344
left000040,t-table,238.30703735351562,239.39779663085938
left000880,motion-1,729.2898559570312,215.16668701171875
left000880,t-table,238.2342529296875,239.41610717773438
left000454,motion-1,729.1009521484375,215.17568969726562
left000454,t-table,238.35498046875,239.3744659423828
left000328,motion-1,729.207763671875,215.20716857910156
left000328,t-table,238.32034301757812,239.39788818359375
left000348,motion-1,729.416748046875,215.18963623046875
left000348,t-table,238.30538940429688,239.38291931152344
left000774,motion-1,729.18798828125,215.2115478515625
left000774,t-table,238.33807373046875,239.461181640625
left000296,motion-1,729.3194580078125,215.20620727539062
left000296,t-table,238.20376586914062,239.41653442382812
left000511,motion-1,729.2525634765625,215.1707305908203
left000511,t-table,238.27005004882812,239.37869262695312
left000415,motion-1,729.277099609375,215.19186401367188
left000415,t-table,238.32537841796875,239.42279052734375
left000580,motion-1,729.0635986328125,215.22280883789062
left000580,t-table,238.35205078125,239.42141723632812
left000497,motion-1,729.1119384765625,215.16860961914062
left000497,t-table,238.291259765625,239.43109130859375
left000779,motion-1,729.1695556640625,215.11956787109375
left000779,t-table,238.31689453125,239.4294891357422
left000337,motion-1,729.1572265625,215.2161102294922
left000337,t-table,238.3429718017578,239.40628051757812
left000198,motion-1,729.27587890625,215.19186401367188
left000198,t-table,238.32998657226562,239.38510131835938
left000684,motion-1,729.2647705078125,215.18252563476562
left000684,t-table,238.18353271484375,239.42703247070312
left000227,motion-1,729.340087890625,215.21160888671875
left000227,t-table,238.35183715820312,239.4360809326172
left000385,motion-1,729.1907958984375,215.17935180664062
left000385,t-table,238.29415893554688,239.40005493164062
left000346,motion-1,729.1533203125,215.19265747070312
left000346,t-table,238.31460571289062,239.41769409179688
left000666,motion-1,729.06494140625,215.1759033203125
left000666,t-table,238.249755859375,239.40811157226562
left000225,motion-1,729.158935546875,215.1648712158203
left000225,t-table,238.25112915039062,239.41168212890625
left000387,motion-1,729.288818359375,215.23388671875
left000387,t-table,238.26022338867188,239.40911865234375
left000739,motion-1,729.21142578125,215.19821166992188
left000739,t-table,238.2416229248047,239.40655517578125
left000196,motion-1,729.1231079101562,215.20318603515625
left000196,t-table,238.44927978515625,239.4005126953125
left000063,motion-1,729.158447265625,215.25820922851562
left000063,t-table,238.31378173828125,239.3768310546875
left000163,motion-1,729.1729736328125,215.184326171875
left000163,t-table,238.21180725097656,239.412841796875
left000008,motion-1,729.1697998046875,215.20518493652344
left000008,t-table,238.23426818847656,239.410400390625
left000893,motion-1,728.9141845703125,215.15164184570312
left000893,t-table,238.2691650390625,239.442138671875
left000731,motion-1,728.980224609375,215.14083862304688
left000731,t-table,238.328857421875,239.3953857421875
left000206,motion-1,729.2840576171875,215.17596435546875
left000206,t-table,238.29269409179688,239.41107177734375
left000572,motion-1,729.0291748046875,215.17332458496094
left000572,t-table,238.3792724609375,239.43113708496094
left000507,motion-1,729.1927490234375,215.2079315185547
left000507,t-table,238.3888702392578,239.39501953125
left000687,motion-1,729.1597290039062,215.26223754882812
left000687,t-table,238.35354614257812,239.4274139404297
left000611,motion-1,729.0274658203125,215.20468139648438
left000611,t-table,238.17572021484375,239.43423461914062
left000143,motion-1,729.04833984375,215.17791748046875
left000143,t-table,238.42782592773438,239.40179443359375
left000067,motion-1,729.2364501953125,215.17095947265625
left000067,t-table,238.35601806640625,239.38058471679688
left000024,motion-1,729.23046875,215.19146728515625
left000024,t-table,238.1674346923828,239.46261596679688
left000410,motion-1,729.1810302734375,215.19671630859375
left000410,t-table,238.3318634033203,239.4124755859375
left000750,motion-1,729.0501708984375,215.1534423828125
left000750,t-table,238.31723022460938,239.4051513671875
left000241,motion-1,729.1964721679688,215.19862365722656
left000241,t-table,238.25172424316406,239.403564453125
left000743,motion-1,729.1978759765625,215.19566345214844
left000743,t-table,238.2939453125,239.39163208007812
left000183,motion-1,729.3895263671875,215.2088623046875
left000183,t-table,238.21255493164062,239.4137725830078
left000233,motion-1,729.2523193359375,215.1380615234375
left000233,t-table,238.20860290527344,239.38723754882812
left000003,motion-1,729.1617431640625,215.18463134765625
left000003,t-table,238.19264221191406,239.39443969726562
left000564,motion-1,729.2305297851562,215.20831298828125
left000564,t-table,238.33416748046875,239.42242431640625
left000306,motion-1,729.1160888671875,215.2133026123047
left000306,t-table,238.2825927734375,239.45933532714844
left000256,motion-1,729.2918701171875,215.22927856445312
left000256,t-table,238.2862548828125,239.4070587158203
left000302,motion-1,729.2564697265625,215.17237854003906
left000302,t-table,238.33230590820312,239.38299560546875
left000257,motion-1,729.3226318359375,215.18804931640625
left000257,t-table,238.3283233642578,239.39041137695312
left000076,motion-1,729.0538330078125,215.21212768554688
left000076,t-table,241.66070556640625,239.32818603515625
left000167,motion-1,729.210693359375,215.17672729492188
left000167,t-table,238.21115112304688,239.41659545898438
left000031,motion-1,729.324951171875,215.22515869140625
left000031,t-table,238.24380493164062,239.3968505859375
left000249,motion-1,729.0375366210938,215.1793670654297
left000249,t-table,238.295166015625,239.42782592773438
left000123,motion-1,729.2041015625,215.18856811523438
left000123,t-table,238.36831665039062,239.3961181640625
left000090,motion-1,729.02783203125,215.1868133544922
left000115,motion-1,729.1958618164062,215.16485595703125
left000115,t-table,238.2076416015625,239.35052490234375
left000087,motion-1,729.2061157226562,215.15570068359375
left000540,motion-1,729.096923828125,215.14492797851562
left000540,t-table,238.23291015625,239.45237731933594
left000064,motion-1,729.0850830078125,215.17481994628906
left000064,t-table,238.41259765625,239.40850830078125
left000375,motion-1,729.1525268554688,215.12701416015625
left000375,t-table,238.29388427734375,239.43524169921875
left000258,motion-1,729.2643432617188,215.21527099609375
left000258,t-table,238.28109741210938,239.4051513671875
left000136,motion-1,729.3344116210938,215.18841552734375
left000136,t-table,238.24188232421875,239.43588256835938
left000664,motion-1,729.3118896484375,215.16104125976562
left000664,t-table,238.2128143310547,239.42601013183594
left000633,motion-1,729.3836669921875,215.1418914794922
left000633,t-table,238.3073272705078,239.4158935546875
left000356,motion-1,729.363525390625,215.1857452392578
left000356,t-table,238.28732299804688,239.4140167236328
left000435,motion-1,729.3818359375,215.1753692626953
left000435,t-table,238.2972869873047,239.4112548828125
left000165,motion-1,729.2703857421875,215.14083862304688
left000165,t-table,238.22500610351562,239.40782165527344
left000693,motion-1,729.321533203125,215.25808715820312
left000693,t-table,238.30657958984375,239.383056640625
left000690,motion-1,729.2974243164062,215.17987060546875
left000690,t-table,238.22129821777344,239.3909149169922
left000899,motion-1,729.2391357421875,215.18215942382812
left000899,t-table,238.36160278320312,239.41030883789062
left000722,motion-1,729.1705932617188,215.12179565429688
left000722,t-table,238.29071044921875,239.41448974609375
left000448,motion-1,729.0322265625,215.1553955078125
left000448,t-table,238.29550170898438,239.421142578125
left000457,motion-1,729.2640380859375,215.1730499267578
left000457,t-table,238.32403564453125,239.43560791015625
left000624,motion-1,729.19921875,215.1810302734375
left000624,t-table,238.26406860351562,239.41387939453125
left000452,motion-1,729.1705322265625,215.16204833984375
left000452,t-table,238.35015869140625,239.40768432617188
left000303,motion-1,729.2451171875,215.13824462890625
left000303,t-table,238.36917114257812,239.42486572265625
left000758,motion-1,730.0,215.18423461914062
left000758,t-table,238.44863891601562,239.42446899414062
left000692,motion-1,729.0935668945312,215.18145751953125
left000692,t-table,238.26646423339844,239.4210662841797
left000751,motion-1,729.2163696289062,215.10752868652344
left000751,t-table,238.33702087402344,239.37747192382812
left000920,motion-1,729.1607666015625,215.18109130859375
left000920,t-table,238.279541015625,239.4288330078125
left000354,motion-1,729.296142578125,215.1692352294922
left000354,t-table,238.23562622070312,239.44482421875
left000487,motion-1,729.1768798828125,215.16311645507812
left000487,t-table,238.244140625,239.3787384033203
left000898,motion-1,729.1655883789062,215.1727294921875
left000898,t-table,238.31137084960938,239.41896057128906
left000752,motion-1,729.2514038085938,215.19403076171875
left000752,t-table,238.2762451171875,239.4251708984375
left000574,motion-1,729.111572265625,215.13320922851562
left000574,t-table,238.2584228515625,239.39590454101562
left000674,motion-1,729.2525024414062,215.19761657714844
left000674,t-table,238.290771484375,239.4186553955078
left000590,motion-1,729.3279418945312,215.18960571289062
left000590,t-table,238.31918334960938,239.41604614257812
left000399,motion-1,729.1705322265625,215.1831817626953
left000399,t-table,238.22177124023438,239.40504455566406
left000534,motion-1,729.1868896484375,215.174560546875
left000534,t-table,238.3115997314453,239.400634765625
left000466,motion-1,729.3056640625,215.23239135742188
left000466,t-table,238.2421112060547,239.431884765625
left000896,motion-1,729.2867431640625,215.17391967773438
left000896,t-table,238.29745483398438,239.46783447265625
left000299,motion-1,729.308837890625,215.2220458984375
left000299,t-table,238.27125549316406,239.41629028320312
left000735,motion-1,729.1290893554688,215.12161254882812
left000735,t-table,238.38998413085938,239.390625
left000645,motion-1,729.18505859375,215.15298461914062
left000645,t-table,238.19918823242188,239.40985107421875
left000765,motion-1,728.60498046875,215.03640747070312
left000765,t-table,238.246337890625,239.44606018066406
left000672,motion-1,729.2101440429688,215.17691040039062
left000672,t-table,238.35092163085938,239.41867065429688
left000499,motion-1,729.1361083984375,215.1654815673828
left000499,t-table,238.40780639648438,239.39675903320312
left000162,motion-1,729.2657470703125,215.20291137695312
left000162,t-table,238.26229858398438,239.40676879882812
left000339,motion-1,729.1693115234375,215.20350646972656
left000339,t-table,238.33444213867188,239.43692016601562
left000382,motion-1,729.2069091796875,215.17205810546875
left000382,t-table,238.25289916992188,239.4093017578125
left000553,motion-1,729.08837890625,215.18763732910156
left000553,t-table,238.26925659179688,239.44784545898438
left000644,motion-1,729.142333984375,215.20407104492188
left000644,t-table,238.35989379882812,239.37936401367188
left000613,motion-1,729.02587890625,215.1452178955078
left000613,t-table,238.18551635742188,239.4432373046875
left000405,motion-1,729.3211669921875,215.16062927246094
left000405,t-table,238.2836456298828,239.4024658203125
left000431,motion-1,729.1483764648438,215.2264404296875
left000431,t-table,238.29193115234375,239.45025634765625
left000018,motion-1,729.2569580078125,215.1888427734375
left000018,t-table,238.25119018554688,239.41851806640625
left000011,motion-1,729.3302612304688,215.21694946289062
left000011,t-table,238.28997802734375,239.41595458984375
left000502,motion-1,729.1937255859375,215.17723083496094
left000502,t-table,238.30242919921875,239.39593505859375
left000759,motion-1,729.663330078125,215.1196746826172
left000759,t-table,238.26101684570312,239.4640655517578
left000001,motion-1,729.2933349609375,215.2209930419922
left000001,t-table,238.1922149658203,239.44749450683594
left000725,motion-1,729.069091796875,215.1765594482422
left000725,t-table,238.33546447753906,239.348876953125
left000520,motion-1,729.1976318359375,215.1983184814453
left000520,t-table,238.32546997070312,239.41473388671875
left000760,motion-1,729.7877807617188,215.14703369140625
left000760,t-table,238.24151611328125,239.43345642089844
left000701,motion-1,729.2357177734375,215.18572998046875
left000701,t-table,238.25344848632812,239.44912719726562
left000446,motion-1,729.2276611328125,215.21856689453125
left000446,t-table,238.35687255859375,239.40792846679688
