left000327,motion-1,704.6432495117188,244.22732543945312
left000341,motion-1,704.3670654296875,244.25286865234375
left000718,motion-1,701.3080444335938,244.166259765625
left000442,motion-1,697.8945922851562,244.840576171875
left000681,motion-1,705.33447265625,243.98855590820312
left000033,motion-1,703.2930908203125,244.23953247070312
left000168,motion-1,699.2932739257812,244.48619079589844
left000625,motion-1,700.673583984375,244.21084594726562
left000696,motion-1,704.7059936523438,244.25131225585938
left000230,motion-1,704.0613403320312,244.18186950683594
left000496,motion-1,703.4293823242188,244.0019989013672
left001083,motion-1,703.475830078125,244.26715087890625
left000894,motion-1,697.4451293945312,244.50979614257812
left000549,motion-1,703.3972778320312,244.09976196289062
left000395,motion-1,703.2386474609375,244.22059631347656
left000254,motion-1,703.8655395507812,244.3398895263672
left000425,motion-1,702.8804931640625,244.48385620117188
left000976,motion-1,702.8325805664062,244.31753540039062
left000066,motion-1,700.591796875,244.36265563964844
left000471,motion-1,703.8958740234375,244.35641479492188
left000850,motion-1,697.7064208984375,244.52125549316406
left000279,motion-1,704.517333984375,244.06329345703125
left001093,motion-1,704.1881103515625,244.25387573242188
left000028,motion-1,703.2772216796875,244.3617401123047
left000577,motion-1,703.9736328125,244.12771606445312
left000514,motion-1,704.0228271484375,244.03268432617188
left000637,motion-1,706.078369140625,244.10772705078125
left000673,motion-1,704.618896484375,244.13613891601562
left000806,motion-1,703.199951171875,244.26107788085938
left000913,motion-1,697.7498779296875,244.68472290039062
left000708,motion-1,703.61083984375,244.26800537109375
left000969,motion-1,706.697021484375,244.479736328125
left000472,motion-1,704.11767578125,243.99998474121094
left000698,motion-1,703.7015991210938,244.19891357421875
left000158,motion-1,702.40966796875,244.58609008789062
left000368,motion-1,703.9085693359375,244.18045043945312
left000883,motion-1,703.333740234375,244.26162719726562
left000944,motion-1,702.938232421875,244.20079040527344
left000223,motion-1,700.228515625,244.4820556640625
left000683,motion-1,704.850830078125,243.97598266601562
left000907,motion-1,705.6842041015625,243.9078826904297
left000078,motion-1,704.0496826171875,244.27610778808594
left001048,motion-1,703.928955078125,244.20823669433594
left000966,motion-1,704.93798828125,244.00686645507812
left000199,motion-1,702.8055419921875,244.21524047851562
left000596,motion-1,704.269775390625,244.16673278808594
left000459,motion-1,704.3993530273438,244.38909912109375
left000562,motion-1,703.7120361328125,244.15902709960938
left000528,motion-1,703.6719970703125,244.33602905273438
left000667,motion-1,703.3421630859375,244.15542602539062
left000594,motion-1,697.4927978515625,244.41937255859375
left000404,motion-1,702.9639892578125,244.2940673828125
left000935,motion-1,704.161376953125,244.07681274414062
left000145,motion-1,704.1251220703125,244.0528564453125
left000646,motion-1,699.365478515625,244.37802124023438
left000917,motion-1,704.535888671875,244.00213623046875
left000638,motion-1,700.994384765625,244.3677978515625
left000469,motion-1,698.1762084960938,244.60348510742188
left000955,motion-1,703.1293334960938,244.17904663085938
left001043,motion-1,699.9097900390625,244.44070434570312
left000812,motion-1,703.556884765625,244.22537231445312
left000864,motion-1,699.761474609375,244.58462524414062
left000492,motion-1,702.82177734375,243.92471313476562
left000552,motion-1,703.7389526367188,244.22677612304688
left000190,motion-1,703.5772094726562,244.06076049804688
left000104,motion-1,698.3255615234375,244.49649047851562
left000830,motion-1,697.206787109375,244.4415283203125
left000166,motion-1,704.13037109375,244.15740966796875
left000839,motion-1,701.3489990234375,244.30950927734375
left000892,motion-1,702.7759399414062,244.25143432617188
left000333,motion-1,707.293701171875,244.19827270507812
left000373,motion-1,701.93212890625,244.225341796875
left000294,motion-1,705.1439208984375,244.12860107421875
left000488,motion-1,703.388916015625,244.11920166015625
left000647,motion-1,690.5654296875,244.96331787109375
left000159,motion-1,703.134033203125,244.13201904296875
left000530,motion-1,697.447998046875,244.4178924560547
left000350,motion-1,703.4639892578125,244.26083374023438
left000262,motion-1,703.2557373046875,244.22259521484375
left000978,motion-1,696.7913208007812,244.56439208984375
left000792,motion-1,704.2548828125,244.10862731933594
left000614,motion-1,700.3057861328125,244.18472290039062
left000808,motion-1,704.018798828125,244.1321258544922
left000603,motion-1,703.360595703125,244.350341796875
left000268,motion-1,700.4971923828125,244.328125
left001035,motion-1,703.1865844726562,244.20535278320312
left001079,motion-1,700.1503295898438,244.20089721679688
left000226,motion-1,703.6488647460938,244.0863037109375
left000882,motion-1,703.0166625976562,244.28225708007812
left000349,motion-1,703.26171875,244.17034912109375
left000023,motion-1,703.2937622070312,244.43679809570312
left000875,motion-1,699.8597412109375,244.56475830078125
left000550,motion-1,704.75244140625,244.2980499267578
left000036,motion-1,703.88427734375,244.13784790039062
left000831,motion-1,697.0238647460938,244.2167205810547
left000794,motion-1,701.357177734375,244.310546875
left000996,motion-1,707.503173828125,243.919189453125
left000965,motion-1,702.3952026367188,244.3529510498047
left000847,motion-1,708.3703002929688,243.89524841308594
left001091,motion-1,699.730224609375,244.35101318359375
left000526,motion-1,696.8307495117188,244.419921875
left000266,motion-1,707.5526123046875,244.16737365722656
left000688,motion-1,702.2056884765625,244.2152099609375
left000222,motion-1,702.7120361328125,244.31884765625
left000208,motion-1,703.612548828125,244.34127807617188
left001080,motion-1,698.34912109375,244.53982543945312
left000122,motion-1,699.633544921875,244.58346557617188
left000383,motion-1,700.5151977539062,244.40719604492188
left000877,motion-1,701.5133056640625,244.3424072265625
left000798,motion-1,703.750732421875,244.17416381835938
left001000,motion-1,699.7596435546875,244.43894958496094
left001046,motion-1,707.8033447265625,244.00674438476562
left000734,motion-1,702.8172607421875,244.50328063964844
left000305,motion-1,702.5443115234375,244.40554809570312
left001009,motion-1,704.3372802734375,244.02731323242188
left000844,motion-1,703.26416015625,244.1273193359375
left000871,motion-1,702.214599609375,244.43753051757812
left000137,motion-1,691.39599609375,244.86253356933594
left000358,motion-1,703.9410400390625,244.17916870117188
left000712,motion-1,700.8526000976562,244.30712890625
left000234,motion-1,707.265869140625,244.15234375
left000631,motion-1,703.02490234375,244.06558227539062
left000682,motion-1,702.9217529296875,244.20046997070312
left000952,motion-1,705.1278076171875,244.16287231445312
left000817,motion-1,704.4307861328125,244.16868591308594
left000370,motion-1,703.8724365234375,244.18438720703125
left001061,motion-1,703.3367919921875,244.298583984375
left000768,motion-1,703.9710083007812,244.2216796875
left000483,motion-1,705.8106079101562,243.99810791015625
left000149,motion-1,701.0576171875,244.44882202148438
left000891,motion-1,703.0575561523438,244.3218994140625
left000649,motion-1,703.40576171875,244.22509765625
left000060,motion-1,704.1278076171875,244.23251342773438
left000458,motion-1,707.865234375,243.92271423339844
left000924,motion-1,701.806640625,244.12413024902344
left000288,motion-1,703.3743286132812,244.27220153808594
left000400,motion-1,707.9249267578125,244.01742553710938
left000164,motion-1,707.379150390625,244.01885986328125
left000154,motion-1,700.0711669921875,244.607177734375
left001008,motion-1,704.8834228515625,244.02883911132812
left000175,motion-1,699.6050415039062,244.4132537841797
left001029,motion-1,705.1478271484375,244.13824462890625
left000804,motion-1,700.4190063476562,244.40908813476562
left000184,motion-1,704.528564453125,244.091552734375
left000422,motion-1,697.0252685546875,244.46038818359375
left000800,motion-1,704.5307006835938,244.13079833984375
left000928,motion-1,702.1600952148438,244.41433715820312
left000663,motion-1,700.4437255859375,244.36355590820312
left000345,motion-1,701.53466796875,244.30911254882812
left000908,motion-1,702.1339111328125,244.36630249023438
left000188,motion-1,702.730224609375,244.35992431640625
left000264,motion-1,706.3049926757812,244.00665283203125
left000545,motion-1,704.541015625,244.0619354248047
left000653,motion-1,701.849853515625,244.22068786621094
left000147,motion-1,703.9365234375,244.18844604492188
left000441,motion-1,706.437744140625,244.50100708007812
left000665,motion-1,704.3981323242188,244.02725219726562
left000150,motion-1,703.2275390625,244.35678100585938
left000856,motion-1,703.7628173828125,244.20265197753906
left000834,motion-1,704.251953125,244.0730743408203
left000252,motion-1,703.741455078125,244.22640991210938
left000885,motion-1,704.5281982421875,244.20745849609375
left000643,motion-1,702.9420166015625,244.29208374023438
left000338,motion-1,697.6537475585938,244.41696166992188
left000878,motion-1,704.4811401367188,244.1885986328125
left000700,motion-1,704.2699584960938,244.06796264648438
left000972,motion-1,708.982177734375,244.085693359375
left000406,motion-1,703.1071166992188,244.21066284179688
left000312,motion-1,704.137451171875,244.0768280029297
left000219,motion-1,697.6654052734375,244.794921875
left000519,motion-1,705.3358154296875,244.55938720703125
left000325,motion-1,701.5933837890625,244.34085083007812
left001019,motion-1,704.1657104492188,244.1404571533203
left000022,motion-1,691.0047607421875,244.864013671875
left000575,motion-1,700.435546875,244.30923461914062
left000455,motion-1,698.7825927734375,244.53366088867188
left000705,motion-1,705.09375,244.112548828125
left000518,motion-1,704.09228515625,244.29693603515625
left000037,motion-1,704.8374633789062,244.1952667236328
left000073,motion-1,703.7637939453125,244.17393493652344
left000194,motion-1,702.9735107421875,244.15658569335938
left001084,motion-1,703.8699340820312,244.25389099121094
left000315,motion-1,702.4449462890625,244.53811645507812
left000686,motion-1,704.0829467773438,244.18927001953125
left000956,motion-1,704.2546997070312,244.2152862548828
left000529,motion-1,700.5928955078125,244.25909423828125
left000842,motion-1,703.61279296875,244.2149658203125
left000083,motion-1,704.06640625,244.03704833984375
left000886,motion-1,703.64794921875,244.29086303710938
left000161,motion-1,701.6680297851562,244.302001953125
left000351,motion-1,702.6824951171875,244.3143310546875
left000861,motion-1,703.8099365234375,244.35301208496094
left000462,motion-1,700.8291015625,244.5106658935547
left000388,motion-1,702.51416015625,244.23831176757812
left000030,motion-1,697.9109497070312,244.59713745117188
left000803,motion-1,707.6845703125,244.07623291015625
left000260,motion-1,700.2674560546875,244.49610900878906
left000801,motion-1,704.4085693359375,244.07818603515625
left000558,motion-1,702.889892578125,244.36050415039062
left000267,motion-1,700.0860595703125,244.3859100341797
left001092,motion-1,703.4539794921875,244.30014038085938
left000561,motion-1,704.0311889648438,244.18087768554688
left000694,motion-1,699.6219482421875,244.4764404296875
left000095,motion-1,703.3123779296875,244.20692443847656
left000135,motion-1,702.9676513671875,244.37777709960938
left000286,motion-1,705.064208984375,243.9609832763672
left000057,motion-1,702.6851806640625,244.37115478515625
left000711,motion-1,703.5650634765625,244.1964111328125
left000251,motion-1,703.7247924804688,244.0237579345703
left000418,motion-1,704.3956298828125,244.26296997070312
left000537,motion-1,704.2996826171875,244.012451171875
left000429,motion-1,704.040771484375,243.95352172851562
left000721,motion-1,703.3513793945312,244.5896453857422
left000379,motion-1,707.26953125,243.77427673339844
left000177,motion-1,703.4193725585938,244.35934448242188
left000967,motion-1,700.0751953125,244.4346923828125
left000224,motion-1,703.9566650390625,244.22018432617188
left000242,motion-1,697.32666015625,244.528076171875
left000516,motion-1,704.0604248046875,244.0569305419922
left000280,motion-1,702.95849609375,244.24847412109375
left000176,motion-1,703.40673828125,244.31259155273438
left000202,motion-1,704.8145141601562,244.0825958251953
left000155,motion-1,703.777587890625,244.11431884765625
left001022,motion-1,701.018310546875,244.45541381835938
left000797,motion-1,705.0082397460938,243.989501953125
left000236,motion-1,701.6467895507812,244.26422119140625
left000560,motion-1,703.2001953125,244.33209228515625
left001078,motion-1,703.3203125,244.07327270507812
left000695,motion-1,704.7117919921875,244.27456665039062
left000427,motion-1,704.39111328125,244.0850830078125
left000623,motion-1,699.963134765625,244.3605499267578
left000274,motion-1,704.2540283203125,244.19717407226562
left000464,motion-1,703.5543823242188,244.14971923828125
left001045,motion-1,704.4503173828125,244.20504760742188
left000707,motion-1,703.6870727539062,244.02981567382812
left000106,motion-1,703.0855712890625,244.12136840820312
left000796,motion-1,701.2268676757812,244.22674560546875
left000845,motion-1,701.09228515625,244.31564331054688
left000228,motion-1,704.7283325195312,243.99588012695312
left000367,motion-1,699.6288452148438,244.4783935546875
left000598,motion-1,700.041015625,244.31680297851562
left000981,motion-1,698.683349609375,244.68312072753906
left000121,motion-1,701.626953125,244.494873046875
left000975,motion-1,702.2908935546875,244.23919677734375
left000929,motion-1,703.0921630859375,244.21926879882812
left000576,motion-1,701.2515869140625,244.20443725585938
left000347,motion-1,704.1893310546875,244.16021728515625
left000689,motion-1,700.4542236328125,244.255859375
left000217,motion-1,703.6561279296875,244.3128662109375
left000581,motion-1,697.14208984375,244.62156677246094
left000114,motion-1,703.0830078125,244.24069213867188
left000259,motion-1,702.5907592773438,244.36087036132812
left000374,motion-1,703.51416015625,244.227294921875
left000403,motion-1,690.7861328125,244.86865234375
left000715,motion-1,702.3658447265625,244.34725952148438
left000171,motion-1,702.402587890625,244.32843017578125
left000456,motion-1,702.650634765625,244.35089111328125
left000999,motion-1,698.8660888671875,244.38572692871094
left000077,motion-1,704.6485595703125,244.28591918945312
left000353,motion-1,702.7534790039062,244.2452392578125
left000925,motion-1,703.1358642578125,244.26095581054688
left000938,motion-1,700.8848266601562,244.3544921875
left000170,motion-1,703.03955078125,244.09576416015625
left001025,motion-1,704.052490234375,244.08529663085938
left000593,motion-1,705.40966796875,243.9166259765625
left000475,motion-1,705.0118408203125,244.08380126953125
left000215,motion-1,703.5977783203125,244.16952514648438
left000819,motion-1,703.6362915039062,244.12423706054688
left000105,motion-1,703.2303466796875,244.22360229492188
left000936,motion-1,704.333740234375,244.20254516601562
left000524,motion-1,703.6298828125,244.18626403808594
left000020,motion-1,698.4581298828125,244.47613525390625
left000841,motion-1,699.0313720703125,244.48692321777344
left000408,motion-1,707.475830078125,244.14337158203125
left000756,motion-1,703.7738037109375,244.2399139404297
left001074,motion-1,703.818359375,244.23776245117188
left000585,motion-1,703.10302734375,244.26339721679688
left000903,motion-1,705.9539794921875,243.96429443359375
left001013,motion-1,702.0447998046875,244.46023559570312
left000336,motion-1,697.9735107421875,244.563232421875
left001088,motion-1,703.9609375,244.06805419921875
left000617,motion-1,703.574462890625,244.26553344726562
left000655,motion-1,704.2362060546875,244.22210693359375
left000265,motion-1,700.6358642578125,244.38851928710938
left001086,motion-1,703.0018310546875,244.4215087890625
left000515,motion-1,704.4610595703125,244.30438232421875
left000618,motion-1,701.1610107421875,244.26058959960938
left000054,motion-1,699.6669921875,244.46685791015625
left000945,motion-1,701.4049682617188,244.415771484375
left000424,motion-1,699.8721923828125,244.41954040527344
left000004,motion-1,705.404296875,244.08837890625
left001042,motion-1,704.5560302734375,244.099853515625
left000391,motion-1,703.9296875,244.29901123046875
left001060,motion-1,702.8277587890625,244.28366088867188
left000295,motion-1,703.2332763671875,244.43670654296875
left000815,motion-1,704.0625610351562,244.22169494628906
left000107,motion-1,700.3355712890625,244.400146484375
left000182,motion-1,707.4237670898438,243.97622680664062
left000848,motion-1,705.0611572265625,244.08255004882812
left001071,motion-1,705.18701171875,244.0308074951172
left000075,motion-1,700.2908935546875,244.3972930908203
left000980,motion-1,703.4910888671875,244.0821075439453
left000679,motion-1,704.3837890625,244.0452880859375
left000438,motion-1,703.3971557617188,244.30734252929688
left000766,motion-1,705.3097534179688,244.18191528320312
left000179,motion-1,699.4176025390625,244.572265625
left000990,motion-1,703.6364135742188,244.31295776367188
left000818,motion-1,703.2307739257812,244.1941680908203
left000671,motion-1,698.1901245117188,244.49664306640625
left000601,motion-1,705.395263671875,244.0989227294922
left000717,motion-1,704.489501953125,244.1286163330078
left000657,motion-1,700.6893920898438,244.3034210205078
left000600,motion-1,701.8736572265625,244.280517578125
left000352,motion-1,706.99755859375,244.154541015625
left000604,motion-1,703.7854614257812,244.28506469726562
left000195,motion-1,704.1185302734375,244.03610229492188
left000021,motion-1,704.5695190429688,244.15615844726562
left000676,motion-1,700.8870849609375,244.2578125
left000840,motion-1,702.9794311523438,244.28575134277344
left000595,motion-1,701.2485961914062,244.27536010742188
left000331,motion-1,701.2486572265625,244.27272033691406
left000512,motion-1,701.4361572265625,244.14588928222656
left001100,motion-1,698.1890869140625,244.54815673828125
left000629,motion-1,701.8095092773438,244.25421142578125
left000838,motion-1,705.128173828125,244.1805877685547
left000974,motion-1,707.0184326171875,244.08255004882812
left000139,motion-1,707.5924072265625,244.00225830078125
left000961,motion-1,704.7305908203125,244.09988403320312
left000837,motion-1,703.3675537109375,244.132568359375
left000027,motion-1,703.91748046875,244.1220703125
left000897,motion-1,707.5623168945312,244.04608154296875
left000749,motion-1,699.2244873046875,244.51959228515625
left000602,motion-1,705.047119140625,244.25192260742188
left000335,motion-1,704.0206909179688,244.14700317382812
left000486,motion-1,703.5646362304688,244.21177673339844
left000608,motion-1,703.8873291015625,244.1353759765625
left000675,motion-1,704.7959594726562,243.98248291015625
left000051,motion-1,703.0944213867188,244.25051879882812
left000591,motion-1,704.5127563476562,244.13986206054688
left000635,motion-1,703.1658325195312,244.25344848632812
left000263,motion-1,702.990966796875,244.20443725585938
left000541,motion-1,703.7010498046875,244.21568298339844
left000082,motion-1,697.249755859375,244.59906005859375
left000099,motion-1,702.9931640625,244.29974365234375
left000055,motion-1,699.8124389648438,244.3062744140625
left000079,motion-1,703.9933471679688,244.16253662109375
left000582,motion-1,699.267822265625,244.51229858398438
left000160,motion-1,705.1092529296875,244.16775512695312
left000634,motion-1,702.2606811523438,243.9874267578125
left000470,motion-1,703.5242919921875,244.21734619140625
left000140,motion-1,703.2278442382812,244.2478485107422
left000221,motion-1,703.429931640625,244.048828125
left000277,motion-1,704.4248046875,244.11346435546875
left001057,motion-1,704.536376953125,244.07119750976562
left000392,motion-1,702.630126953125,244.41799926757812
left001094,motion-1,702.6800537109375,244.50228881835938
left000651,motion-1,702.1137084960938,244.33242797851562
left000662,motion-1,702.9511108398438,244.3251953125
left000879,motion-1,704.1976318359375,244.094970703125
left000460,motion-1,702.0023193359375,244.52894592285156
left000070,motion-1,701.0584106445312,244.4200439453125
left000813,motion-1,703.4493408203125,244.16685485839844
left000605,motion-1,705.5462646484375,244.06759643554688
left000934,motion-1,703.039306640625,244.15658569335938
left000697,motion-1,703.956787109375,244.36697387695312
left001015,motion-1,704.8623046875,244.04856872558594
left001099,motion-1,703.3475341796875,244.4178466796875
left000567,motion-1,705.17041015625,244.032958984375
left001102,motion-1,704.29736328125,244.15103149414062
left000843,motion-1,704.6609497070312,244.1494598388672
left000355,motion-1,697.3236083984375,244.37501525878906
left001110,motion-1,702.2015380859375,244.37310791015625
left000554,motion-1,703.65087890625,244.06591796875
left000916,motion-1,700.020751953125,244.35609436035156
left000500,motion-1,700.9718017578125,244.3118438720703
left001081,motion-1,703.8682250976562,244.27001953125
left000942,motion-1,705.375244140625,244.2564697265625
left000887,motion-1,703.61328125,244.28028869628906
left000678,motion-1,702.2362060546875,244.40322875976562
left001054,motion-1,702.62841796875,244.380859375
left000762,motion-1,704.3948974609375,244.10855102539062
left000360,motion-1,703.1983032226562,244.16766357421875
left000372,motion-1,703.3506469726562,244.4823760986328
left000178,motion-1,697.5181884765625,244.6993865966797
left000770,motion-1,700.3672485351562,244.39126586914062
left000933,motion-1,703.9122314453125,244.3347930908203
left000009,motion-1,699.502197265625,244.37857055664062
left000089,motion-1,702.9255981445312,244.31756591796875
left000366,motion-1,702.031494140625,244.4165496826172
left000565,motion-1,704.37890625,244.1627960205078
left000547,motion-1,703.7318115234375,243.9840850830078
left000005,motion-1,700.3703002929688,244.38424682617188
left000039,motion-1,703.3033447265625,244.32177734375
left000044,motion-1,703.8006591796875,244.28335571289062
left000677,motion-1,705.1854858398438,244.11683654785156
left000680,motion-1,704.34716796875,244.20729064941406
left000313,motion-1,703.008544921875,244.27749633789062
left000782,motion-1,703.816650390625,244.06405639648438
left000793,motion-1,704.4022827148438,244.01318359375
left000437,motion-1,699.199462890625,244.6810302734375
left000419,motion-1,701.36328125,244.32354736328125
left000200,motion-1,704.22900390625,244.05691528320312
left000619,motion-1,700.4529418945312,244.30560302734375
left000477,motion-1,704.1507568359375,244.0374755859375
left000146,motion-1,699.5827026367188,244.55462646484375
left000915,motion-1,691.42431640625,244.85365295410156
left000710,motion-1,703.908203125,244.23228454589844
left000128,motion-1,703.015625,244.4361114501953
left000835,motion-1,705.4510498046875,244.53897094726562
left000362,motion-1,704.1693725585938,244.08908081054688
left000414,motion-1,701.7720947265625,244.41012573242188
left000420,motion-1,698.9779052734375,244.50314331054688
left000172,motion-1,704.3923950195312,243.96377563476562
left000231,motion-1,703.1594848632812,244.2021484375
left000282,motion-1,697.8502197265625,244.53033447265625
left000641,motion-1,705.669921875,244.12603759765625
left001041,motion-1,698.0665283203125,244.58551025390625
left000326,motion-1,700.1972045898438,244.24839782714844
left000247,motion-1,702.7344970703125,244.167236328125
left000895,motion-1,700.0558471679688,244.37091064453125
left000777,motion-1,703.6367797851562,244.2249298095703
left000443,motion-1,698.0662841796875,244.60858154296875
left000111,motion-1,703.892578125,244.34007263183594
left000320,motion-1,703.7855224609375,244.1239776611328
left000324,motion-1,701.3692626953125,244.5050048828125
left000982,motion-1,707.067138671875,243.97833251953125
left000866,motion-1,702.6871337890625,244.21832275390625
left000517,motion-1,705.2385864257812,244.00799560546875
left000334,motion-1,699.5668334960938,244.45086669921875
left000869,motion-1,700.44970703125,244.39743041992188
left000193,motion-1,702.7630615234375,244.1158447265625
left000921,motion-1,703.9608154296875,244.269775390625
left000563,motion-1,703.7528076171875,244.15673828125
left000010,motion-1,704.2532958984375,244.04364013671875
left000214,motion-1,702.9906005859375,244.25660705566406
left001059,motion-1,704.2704467773438,244.30337524414062
left000957,motion-1,698.39697265625,244.64527893066406
left000791,motion-1,700.564697265625,244.35873413085938
left000702,motion-1,703.323974609375,244.4520263671875
left000293,motion-1,703.8157348632812,244.06271362304688
left000396,motion-1,703.6339111328125,244.09996032714844
left000704,motion-1,703.6683349609375,244.17674255371094
left001062,motion-1,703.8389892578125,244.1563720703125
left000485,motion-1,703.7421875,244.04647827148438
left000371,motion-1,704.6633911132812,244.00796508789062
left001044,motion-1,704.1367797851562,244.25502014160156
left000317,motion-1,703.8062744140625,244.35882568359375
left000330,motion-1,702.818603515625,244.34991455078125
left000289,motion-1,703.4524536132812,244.16937255859375
left000630,motion-1,705.2677001953125,243.97689819335938
left000876,motion-1,703.9332885742188,244.27444458007812
left000269,motion-1,703.7374877929688,244.35931396484375
left000131,motion-1,702.943359375,244.17420959472656
left000821,motion-1,702.0518798828125,244.0791015625
left000807,motion-1,702.3655395507812,244.207763671875
left000061,motion-1,700.13916015625,244.34866333007812
left000319,motion-1,703.2515869140625,244.21170043945312
left000025,motion-1,703.914306640625,244.25265502929688
left000017,motion-1,699.10107421875,244.3872833251953
left000495,motion-1,702.6124267578125,244.0446319580078
left000129,motion-1,703.50146484375,244.32162475585938
left001026,motion-1,703.2650146484375,244.30178833007812
left000609,motion-1,702.719970703125,244.11077880859375
left000126,motion-1,700.15087890625,244.25552368164062
left000833,motion-1,700.4765014648438,244.28778076171875
left000902,motion-1,702.3594360351562,244.3318634033203
left000505,motion-1,700.0662841796875,244.13600158691406
left000127,motion-1,701.5791015625,244.3037109375
left000340,motion-1,702.6717529296875,244.4561767578125
left000032,motion-1,703.6990356445312,244.21311950683594
left000440,motion-1,704.0293579101562,244.00946044921875
left001087,motion-1,703.9060668945312,244.24761962890625
left000401,motion-1,704.2654418945312,244.13623046875
left000503,motion-1,700.701416015625,244.29708862304688
left000616,motion-1,704.4996337890625,244.506591796875
left000964,motion-1,704.79931640625,244.06137084960938
left000297,motion-1,703.0775146484375,244.26022338867188
left000050,motion-1,702.0323486328125,244.39556884765625
left000074,motion-1,703.8059692382812,244.017822265625
left000536,motion-1,704.64794921875,244.09457397460938
left000775,motion-1,704.387451171875,244.13906860351562
left000343,motion-1,703.389892578125,244.34046936035156
left000278,motion-1,704.03515625,244.21881103515625
left000481,motion-1,703.8997802734375,244.03114318847656
left000272,motion-1,700.55322265625,244.37107849121094
left000270,motion-1,704.472900390625,244.14369201660156
left000947,motion-1,705.1221923828125,244.04881286621094
left000216,motion-1,703.990234375,244.10301208496094
left000007,motion-1,700.6917724609375,244.52244567871094
left000985,motion-1,704.455322265625,244.14488220214844
left000513,motion-1,705.1249389648438,244.05325317382812
left000849,motion-1,699.376220703125,244.56182861328125
left000498,motion-1,703.26318359375,244.19491577148438
left000038,motion-1,706.4707641601562,243.84938049316406
left000784,motion-1,703.423583984375,244.32858276367188
left000029,motion-1,703.1519165039062,244.30642700195312
left000142,motion-1,703.979248046875,244.44924926757812
left000124,motion-1,704.252685546875,244.22789001464844
left001031,motion-1,702.5169677734375,244.21133422851562
left000607,motion-1,698.925537109375,244.4600372314453
left000509,motion-1,704.5565185546875,244.1217041015625
left000901,motion-1,702.2883911132812,244.42617797851562
left000958,motion-1,704.5263671875,244.17388916015625
left000250,motion-1,704.4039306640625,244.1400909423828
left000314,motion-1,703.8566284179688,244.1524658203125
left000174,motion-1,697.904052734375,244.63214111328125
left000736,motion-1,698.5494384765625,244.7772216796875
left000995,motion-1,703.0418701171875,244.3039093017578
left000753,motion-1,702.626220703125,244.3612518310547
left001021,motion-1,702.9269409179688,244.23541259765625
left000650,motion-1,704.45361328125,244.29197692871094
left000377,motion-1,697.9186401367188,244.62014770507812
left000186,motion-1,703.5562744140625,244.31478881835938
left001072,motion-1,705.30615234375,244.00119018554688
left001047,motion-1,703.3798828125,244.33609008789062
left000152,motion-1,704.7208251953125,244.09634399414062
left001033,motion-1,704.4942016601562,244.2891845703125
left000133,motion-1,702.4965209960938,244.2217254638672
left000822,motion-1,702.6649780273438,244.14007568359375
left000386,motion-1,704.1832885742188,244.24911499023438
left001073,motion-1,699.806884765625,244.4459228515625
left000654,motion-1,701.893310546875,244.16683959960938
left000937,motion-1,703.492431640625,244.42486572265625
left000923,motion-1,703.9317626953125,244.12722778320312
left000002,motion-1,704.5157470703125,244.07830810546875
left000809,motion-1,703.6690673828125,244.2230987548828
left000416,motion-1,697.5372314453125,244.56199645996094
left000148,motion-1,704.5709838867188,244.1251220703125
left000632,motion-1,702.5721435546875,244.39578247070312
left000805,motion-1,703.9611206054688,244.18096923828125
left000461,motion-1,700.204345703125,244.33489990234375
left000059,motion-1,702.7933959960938,244.30535888671875
left000006,motion-1,700.5953369140625,244.4581756591797
left000538,motion-1,703.9974975585938,244.21380615234375
left000467,motion-1,700.209716796875,244.43585205078125
left000169,motion-1,697.7432861328125,244.58999633789062
left000889,motion-1,704.598876953125,244.20303344726562
left000728,motion-1,702.236083984375,244.45265197753906
left000041,motion-1,703.4990234375,244.2245635986328
left000316,motion-1,704.0869140625,244.3085479736328
left000780,motion-1,704.2191162109375,244.09657287597656
left000846,motion-1,684.9632568359375,245.2797393798828
left000755,motion-1,705.5924072265625,244.01522827148438
left000949,motion-1,703.4661865234375,244.15611267089844
left000390,motion-1,698.3560791015625,244.55728149414062
left000378,motion-1,703.456298828125,244.23419189453125
left000187,motion-1,704.4066162109375,244.23324584960938
left000359,motion-1,703.7188110351562,244.18075561523438
left000737,motion-1,702.734619140625,244.29879760742188
left000578,motion-1,700.7080078125,244.37557983398438
left000761,motion-1,704.119140625,244.1873779296875
left000185,motion-1,700.1592407226562,244.38345336914062
left000950,motion-1,703.8031005859375,244.09661865234375
left000823,motion-1,699.641845703125,244.32919311523438
left000285,motion-1,704.0460205078125,244.21356201171875
left000204,motion-1,690.2509765625,244.95924377441406
left000047,motion-1,698.19677734375,244.47772216796875
left000888,motion-1,704.5826416015625,244.12762451171875
left000720,motion-1,704.719970703125,244.124755859375
left000426,motion-1,703.0722045898438,244.20877075195312
left000946,motion-1,703.895751953125,244.281982421875
left000342,motion-1,703.0673217773438,244.17056274414062
left000321,motion-1,704.809814453125,244.08767700195312
left000119,motion-1,704.76611328125,244.092041015625
left000113,motion-1,703.2108154296875,244.24099731445312
left000960,motion-1,704.1989135742188,244.14443969726562
left000397,motion-1,704.6138916015625,244.18716430664062
left000786,motion-1,705.3175048828125,244.15310668945312
left000859,motion-1,702.7730712890625,244.22210693359375
left000189,motion-1,700.3558349609375,244.38796997070312
left000855,motion-1,703.5640258789062,244.08544921875
left000626,motion-1,699.510009765625,244.3934326171875
left000557,motion-1,697.0936279296875,244.42092895507812
left000699,motion-1,703.474365234375,244.2752685546875
left000621,motion-1,699.1998291015625,244.4146270751953
left001095,motion-1,703.887451171875,244.06492614746094
left000287,motion-1,703.8396606445312,244.24795532226562
left000210,motion-1,704.2716064453125,244.20941162109375
left000311,motion-1,699.064697265625,244.47250366210938
left000096,motion-1,700.2716064453125,244.46420288085938
left001066,motion-1,703.702392578125,244.15615844726562
left000205,motion-1,704.1593627929688,244.2518310546875
left000522,motion-1,703.5762939453125,244.1064453125
left000922,motion-1,704.8306884765625,244.0975341796875
left000504,motion-1,703.2607421875,244.10403442382812
left000053,motion-1,703.9685668945312,244.31739807128906
left001034,motion-1,700.2195434570312,244.38507080078125
left000652,motion-1,704.301513671875,244.05441284179688
left000865,motion-1,704.6080932617188,244.26174926757812
left000610,motion-1,697.312744140625,244.3781280517578
left000275,motion-1,703.7606201171875,244.39627075195312
left000771,motion-1,699.4634399414062,244.4672088623047
left001024,motion-1,704.327880859375,244.12388610839844
left000627,motion-1,704.0745849609375,244.32949829101562
left001085,motion-1,703.6702880859375,244.173095703125
left000597,motion-1,701.183837890625,244.33868408203125
left001069,motion-1,703.3321533203125,244.20184326171875
left000201,motion-1,703.0325927734375,244.32354736328125
left000501,motion-1,701.811767578125,244.42556762695312
left000738,motion-1,698.5738525390625,244.97207641601562
left001101,motion-1,703.0269165039062,244.2119598388672
left000648,motion-1,704.2178955078125,244.1382293701172
left000402,motion-1,702.611328125,244.31271362304688
left001063,motion-1,703.8118896484375,244.27391052246094
left000144,motion-1,709.0631103515625,244.05099487304688
left001056,motion-1,704.4513549804688,244.158935546875
left000389,motion-1,703.5003662109375,244.1778106689453
left000246,motion-1,706.343017578125,244.0635986328125
left000571,motion-1,703.831298828125,244.21401977539062
left000814,motion-1,701.5568237304688,244.4877166748047
left000323,motion-1,703.7044677734375,244.12478637695312
left000816,motion-1,699.5645751953125,244.4192352294922
left000491,motion-1,703.8927001953125,243.89585876464844
left000778,motion-1,699.9512939453125,244.50177001953125
left000709,motion-1,699.7332153320312,244.4071807861328
left000989,motion-1,703.426025390625,244.3590545654297
left000428,motion-1,703.3167724609375,244.3575439453125
left001017,motion-1,703.8028564453125,244.23143005371094
left000959,motion-1,703.2547607421875,244.30755615234375
left000480,motion-1,701.451416015625,244.1284637451172
left000393,motion-1,699.462646484375,244.32093811035156
left000586,motion-1,697.4521484375,244.4944610595703
left000329,motion-1,703.3458862304688,244.3207244873047
left000245,motion-1,698.385986328125,244.44314575195312
left001096,motion-1,705.231689453125,244.29864501953125
left000810,motion-1,705.5208740234375,243.99722290039062
left000863,motion-1,702.9324951171875,244.27354431152344
left000421,motion-1,703.3172607421875,244.1815185546875
left000773,motion-1,706.0968627929688,243.94876098632812
left000951,motion-1,702.2398681640625,244.23825073242188
left000118,motion-1,703.2007446289062,244.39212036132812
left001007,motion-1,705.7640380859375,243.83734130859375
left000094,motion-1,703.99267578125,244.0703125
left000884,motion-1,702.9163818359375,244.15484619140625
left000318,motion-1,702.0338134765625,244.26412963867188
left000181,motion-1,702.855224609375,244.39181518554688
left001107,motion-1,703.5513916015625,244.44725036621094
left000669,motion-1,700.7506103515625,244.33230590820312
left000828,motion-1,699.1961669921875,244.45547485351562
left000012,motion-1,704.6940307617188,244.01171875
left000977,motion-1,703.5993041992188,244.27320861816406
left000556,motion-1,703.9931640625,244.24258422851562
left000332,motion-1,703.11181640625,244.15338134765625
left000261,motion-1,702.18994140625,244.36715698242188
left000570,motion-1,705.8986206054688,243.9827880859375
left000658,motion-1,701.5443115234375,244.26419067382812
left000620,motion-1,701.0709228515625,244.35134887695312
left000141,motion-1,698.0064697265625,244.38363647460938
left001051,motion-1,703.2897338867188,244.1678466796875
left000045,motion-1,705.04833984375,244.5849151611328
left000853,motion-1,703.945068359375,244.16627502441406
left000430,motion-1,702.931884765625,244.44674682617188
left001005,motion-1,699.09521484375,244.39732360839844
left000862,motion-1,700.7738037109375,244.48095703125
left000525,motion-1,699.5823974609375,244.36886596679688
left000180,motion-1,702.8928833007812,244.29824829101562
left000569,motion-1,705.6611938476562,243.8579864501953
left000584,motion-1,708.478515625,243.88592529296875
left000084,motion-1,700.36181640625,244.26608276367188
left000546,motion-1,704.1346435546875,244.12554931640625
left000072,motion-1,703.46630859375,244.22853088378906
left000772,motion-1,704.3407592773438,244.07115173339844
left000927,motion-1,703.8857421875,244.12413024902344
left000365,motion-1,701.9352416992188,244.14720153808594
left000890,motion-1,703.5674438476562,244.21994018554688
left000191,motion-1,704.400634765625,244.11236572265625
left000510,motion-1,703.8781127929688,244.23733520507812
left001103,motion-1,697.7899169921875,244.36289978027344
left000874,motion-1,700.3880615234375,244.32589721679688
left001105,motion-1,708.39501953125,244.0095977783203
left000636,motion-1,701.2925415039062,244.34767150878906
left000071,motion-1,707.71435546875,243.95718383789062
left000376,motion-1,700.9528198242188,244.48126220703125
left000787,motion-1,702.957275390625,244.24966430664062
left000211,motion-1,708.047607421875,244.21762084960938
left000016,motion-1,700.865478515625,244.32237243652344
left001068,motion-1,700.32763671875,244.22317504882812
left000788,motion-1,704.04248046875,244.09967041015625
left001011,motion-1,701.388916015625,244.51895141601562
left001049,motion-1,701.2642822265625,244.4315185546875
left000197,motion-1,698.2966918945312,244.4942169189453
left000628,motion-1,702.822265625,244.17474365234375
left000042,motion-1,702.8723754882812,244.25265502929688
left000606,motion-1,704.0924072265625,244.115966796875
left000656,motion-1,697.6556396484375,244.61514282226562
left000088,motion-1,691.2389526367188,244.86709594726562
left000468,motion-1,707.8131713867188,243.92434692382812
left000476,motion-1,704.7633056640625,244.168701171875
left000138,motion-1,700.8109741210938,244.22235107421875
left001032,motion-1,703.8004150390625,244.2987060546875
left000035,motion-1,702.1416015625,244.28192138671875
left000465,motion-1,698.54345703125,244.5162811279297
left000229,motion-1,704.916748046875,244.14004516601562
left000046,motion-1,704.9637451171875,244.07412719726562
left000281,motion-1,703.748291015625,244.25433349609375
left000795,motion-1,702.9974365234375,244.197509765625
left001109,motion-1,699.9891357421875,244.40185546875
left000506,motion-1,702.1160888671875,244.3099365234375
left001075,motion-1,702.3950805664062,244.38768005371094
left000799,motion-1,700.81396484375,244.5037384033203
left000918,motion-1,697.3739013671875,244.47531127929688
left000948,motion-1,703.9795532226562,244.01412963867188
left000394,motion-1,703.906982421875,244.1888427734375
left000900,motion-1,703.64697265625,244.16693115234375
left000757,motion-1,699.552734375,244.47312927246094
left000588,motion-1,704.18212890625,244.043701171875
left000993,motion-1,703.3214111328125,244.2087860107422
left000034,motion-1,704.598876953125,244.12112426757812
left000873,motion-1,701.31201171875,244.46926879882812
left000579,motion-1,703.5770263671875,244.1703643798828
left000116,motion-1,703.7347412109375,244.10520935058594
left000130,motion-1,704.022705078125,244.3967742919922
left000203,motion-1,702.193603515625,244.4354248046875
left000490,motion-1,704.9072265625,243.9431610107422
left000307,motion-1,698.696044921875,244.419189453125
left000478,motion-1,704.0792846679688,244.21578979492188
left001004,motion-1,702.2415771484375,244.308349609375
left000615,motion-1,704.5067138671875,244.13412475585938
left000409,motion-1,703.5320434570312,244.1729736328125
left000555,motion-1,697.4110107421875,244.8212127685547
left000103,motion-1,702.638916015625,244.2963104248047
left000670,motion-1,704.175048828125,244.18609619140625
left000014,motion-1,704.221923828125,244.26333618164062
left001036,motion-1,704.30224609375,244.07183837890625
left000867,motion-1,704.5775756835938,244.12066650390625
left000134,motion-1,698.8938598632812,244.55307006835938
left000836,motion-1,703.3318481445312,244.2806396484375
left000776,motion-1,700.195556640625,244.33714294433594
left000109,motion-1,703.8218994140625,244.3256072998047
left000910,motion-1,699.2175903320312,244.64642333984375
left000587,motion-1,704.6696166992188,244.01608276367188
left000592,motion-1,704.5905151367188,244.26773071289062
left000019,motion-1,702.8946533203125,244.18467712402344
left000660,motion-1,703.5919189453125,244.1667022705078
left000276,motion-1,703.372802734375,244.33615112304688
left000661,motion-1,702.7640380859375,244.233642578125
left000932,motion-1,702.015380859375,244.2237548828125
left000763,motion-1,700.927001953125,244.42172241210938
left000411,motion-1,704.080810546875,244.2037353515625
left000156,motion-1,703.10009765625,244.2333221435547
left000300,motion-1,704.1082763671875,244.17733764648438
left000100,motion-1,704.3532104492188,244.2229461669922
left000622,motion-1,703.7957153320312,244.2042236328125
left000860,motion-1,700.7691650390625,244.73870849609375
left000811,motion-1,703.7279052734375,244.1834716796875
left000926,motion-1,698.1876220703125,244.66592407226562
left000559,motion-1,704.3770751953125,244.26937866210938
left000091,motion-1,705.7157592773438,244.58229064941406
left000589,motion-1,704.204345703125,243.8458709716797
left001003,motion-1,706.1126708984375,243.93125915527344
left001002,motion-1,703.403564453125,244.16891479492188
left000304,motion-1,704.3561401367188,244.07046508789062
left000423,motion-1,701.3563842773438,244.39382934570312
left000911,motion-1,703.0611572265625,244.36306762695312
left000987,motion-1,699.3863525390625,244.50027465820312
left000283,motion-1,697.4976196289062,244.6212158203125
left000048,motion-1,703.397705078125,244.2744598388672
left001070,motion-1,698.15185546875,244.70269775390625
left000439,motion-1,703.1785888671875,244.11666870117188
left000218,motion-1,699.4317626953125,244.39910888671875
left000120,motion-1,703.9674072265625,244.27267456054688
left000573,motion-1,704.7117919921875,244.21551513671875
left000102,motion-1,701.1168212890625,244.43975830078125
left000789,motion-1,703.9541015625,244.1509246826172
left000232,motion-1,700.7745361328125,244.18789672851562
left000132,motion-1,703.9549560546875,244.4140625
left001030,motion-1,703.87353515625,244.14251708984375
left000056,motion-1,702.9774169921875,244.23590087890625
left000685,motion-1,703.12939453125,244.08363342285156
left000764,motion-1,698.2161254882812,244.52447509765625
left000716,motion-1,700.6983642578125,244.253173828125
left000713,motion-1,703.4327392578125,244.16903686523438
left000220,motion-1,697.6817626953125,244.6142578125
left000719,motion-1,704.5438842773438,244.1202850341797
left000767,motion-1,705.177001953125,243.98452758789062
left000209,motion-1,703.293701171875,244.27606201171875
left000213,motion-1,697.0576171875,244.46604919433594
left000322,motion-1,705.0426025390625,244.05279541015625
left000173,motion-1,699.736083984375,244.48458862304688
left000548,motion-1,700.1024169921875,244.3331298828125
left000963,motion-1,702.8279418945312,244.35614013671875
left000248,motion-1,707.8519897460938,244.0823974609375
left000101,motion-1,704.014892578125,244.05856323242188
left000714,motion-1,704.1434936523438,244.21588134765625
left000904,motion-1,703.651123046875,244.1129913330078
left000532,motion-1,700.4276123046875,244.31924438476562
left000153,motion-1,704.2597045898438,244.23849487304688
left000868,motion-1,704.53173828125,244.23117065429688
left000659,motion-1,701.78369140625,244.1935577392578
left000291,motion-1,702.9464111328125,244.30609130859375
left000117,motion-1,704.146240234375,244.17642211914062
left000052,motion-1,705.3191528320312,244.12161254882812
left000785,motion-1,703.7164306640625,244.05130004882812
left000110,motion-1,707.7966918945312,244.1439208984375
left000640,motion-1,701.2337646484375,244.2823486328125
left001108,motion-1,704.993408203125,244.0567626953125
left000533,motion-1,703.358154296875,244.11480712890625
left000086,motion-1,702.8782348632812,244.32135009765625
left000914,motion-1,702.671630859375,244.21987915039062
left000463,motion-1,702.5758056640625,244.44140625
left000361,motion-1,697.7157592773438,244.50784301757812
left000290,motion-1,702.7393798828125,244.20550537109375
left000551,motion-1,697.1834106445312,244.4867401123047
left000235,motion-1,699.5531616210938,244.530517578125
left000997,motion-1,703.65478515625,244.23788452148438
left000642,motion-1,700.551025390625,244.2582244873047
left000612,motion-1,704.3372192382812,243.92782592773438
left000991,motion-1,704.4600219726562,244.19796752929688
left000521,motion-1,700.3223876953125,244.34039306640625
left000919,motion-1,702.6680297851562,244.28854370117188
left000909,motion-1,698.2407836914062,244.63772583007812
left000953,motion-1,704.384033203125,244.04449462890625
left000599,motion-1,700.93212890625,244.45529174804688
left000724,motion-1,700.729248046875,244.2149658203125
left000212,motion-1,704.8209228515625,244.151611328125
left000583,motion-1,703.9793701171875,244.07098388671875
left000881,motion-1,705.0587768554688,244.1356964111328
left001039,motion-1,703.5948486328125,244.24658203125
left000494,motion-1,703.9501953125,244.01502990722656
left000531,motion-1,702.5574951171875,244.23776245117188
left000790,motion-1,701.3626098632812,244.41595458984375
left000125,motion-1,704.1135864257812,244.11962890625
left000369,motion-1,702.7501220703125,244.14779663085938
left000508,motion-1,700.828857421875,244.17453002929688
left000015,motion-1,703.932373046875,244.02288818359375
left000013,motion-1,704.9710693359375,244.16482543945312
left000093,motion-1,704.364013671875,243.996826171875
left000238,motion-1,702.4688720703125,244.30081176757812
left000474,motion-1,708.0975952148438,243.94593811035156
left000062,motion-1,704.6673583984375,244.0224609375
left000344,motion-1,703.5213623046875,244.09414672851562
left000384,motion-1,703.9471435546875,244.16769409179688
left001077,motion-1,704.5670776367188,244.4982452392578
left000691,motion-1,702.9119262695312,244.34027099609375
left000912,motion-1,707.676025390625,244.21707153320312
left000941,motion-1,704.4873046875,244.1862030029297
left000988,motion-1,702.6370849609375,244.2521514892578
left000298,motion-1,701.0146484375,244.1639404296875
left000058,motion-1,702.6356201171875,244.48536682128906
left000943,motion-1,704.9674072265625,244.61032104492188
left000413,motion-1,696.1683349609375,244.91519165039062
left000527,motion-1,702.8876953125,244.50555419921875
left000769,motion-1,701.8193359375,244.44976806640625
left000244,motion-1,703.2818603515625,244.22064208984375
left000930,motion-1,703.0418701171875,244.26612854003906
left000829,motion-1,704.7420654296875,244.1907958984375
left000482,motion-1,705.061767578125,244.0211639404297
left000043,motion-1,700.6455078125,244.253662109375
left000309,motion-1,703.4053955078125,244.32058715820312
left001055,motion-1,703.7080078125,244.25140380859375
left000872,motion-1,703.70849609375,244.1068115234375
left001028,motion-1,700.1280517578125,244.22259521484375
left001038,motion-1,703.1195068359375,244.07785034179688
left000983,motion-1,704.2168579101562,244.15365600585938
left000706,motion-1,703.23828125,244.1746063232422
left000364,motion-1,704.06787109375,244.29600524902344
left000906,motion-1,704.970947265625,244.16773986816406
left000544,motion-1,704.5548706054688,244.15403747558594
left000543,motion-1,703.238037109375,244.2935791015625
left000097,motion-1,700.4566650390625,244.56423950195312
left001023,motion-1,705.0462036132812,244.04635620117188
left000479,motion-1,705.1605224609375,243.99969482421875
left001012,motion-1,701.1688232421875,244.22335815429688
left000746,motion-1,704.2181396484375,244.51278686523438
left000237,motion-1,705.1260986328125,244.12059020996094
left000802,motion-1,704.2725830078125,244.07012939453125
left000783,motion-1,703.333251953125,244.16000366210938
left001106,motion-1,703.669677734375,244.22576904296875
left000566,motion-1,701.146728515625,244.58798217773438
left000493,motion-1,699.627685546875,244.29627990722656
left000098,motion-1,702.0657958984375,244.2572784423828
left000255,motion-1,703.6220703125,244.19590759277344
left000381,motion-1,703.4462890625,244.212646484375
left000523,motion-1,704.5723266601562,244.18609619140625
left000436,motion-1,700.541015625,244.4202880859375
left000417,motion-1,703.6922607421875,244.05441284179688
left000151,motion-1,704.6875,244.04592895507812
left000489,motion-1,704.5321044921875,243.93678283691406
left000301,motion-1,704.4962158203125,244.3048553466797
left000407,motion-1,696.8763427734375,244.6312255859375
left000049,motion-1,702.720703125,244.30538940429688
left000970,motion-1,703.4812622070312,244.109130859375
left000292,motion-1,707.8741455078125,244.11767578125
left000827,motion-1,705.05908203125,244.01980590820312
left000065,motion-1,703.484619140625,244.21322631835938
left000192,motion-1,699.8260498046875,244.45643615722656
left000157,motion-1,704.3175048828125,244.26556396484375
left000668,motion-1,704.4932861328125,244.1170196533203
left000854,motion-1,697.5496215820312,244.4888916015625
left001053,motion-1,705.29833984375,243.97305297851562
left000207,motion-1,703.6224365234375,244.21209716796875
left000240,motion-1,704.9796752929688,244.09185791015625
left000542,motion-1,703.347412109375,244.2901153564453
left000979,motion-1,703.8133544921875,244.33172607421875
left000535,motion-1,699.8369140625,244.50494384765625
left000273,motion-1,700.1954345703125,244.50302124023438
left000962,motion-1,699.7967529296875,244.27542114257812
left000284,motion-1,699.171142578125,244.46783447265625
left000484,motion-1,700.6810302734375,244.265625
left000434,motion-1,698.692626953125,244.607421875
left000112,motion-1,703.3076171875,244.22923278808594
left000243,motion-1,697.19189453125,244.44183349609375
left000108,motion-1,700.3135986328125,244.50877380371094
left000968,motion-1,700.080078125,244.29745483398438
left000994,motion-1,699.595947265625,244.436279296875
left000380,motion-1,703.7347412109375,244.30133056640625
left000069,motion-1,703.669921875,244.11471557617188
left000357,motion-1,704.109375,244.20480346679688
left000253,motion-1,702.4213256835938,244.37100219726562
left000971,motion-1,703.0311279296875,244.324462890625
left000040,motion-1,702.6527709960938,244.3046112060547
left000880,motion-1,703.61572265625,244.26776123046875
left000454,motion-1,703.921630859375,244.281005859375
left000328,motion-1,700.2007446289062,244.38055419921875
left000348,motion-1,698.65478515625,244.43321228027344
left000774,motion-1,704.10400390625,244.33364868164062
left000296,motion-1,699.8355712890625,244.4915771484375
left000940,motion-1,702.494873046875,244.36993408203125
left000511,motion-1,708.861083984375,243.88626098632812
left001098,motion-1,704.5068359375,244.171875
left000415,motion-1,698.90673828125,244.6517333984375
left000825,motion-1,702.92041015625,244.34640502929688
left000931,motion-1,704.031005859375,244.2633819580078
left000858,motion-1,703.4361572265625,244.23922729492188
left001016,motion-1,704.1283569335938,244.16110229492188
left001020,motion-1,698.69482421875,244.57003784179688
left000580,motion-1,700.3427734375,244.30386352539062
left000497,motion-1,702.02685546875,243.93353271484375
left000779,motion-1,703.67822265625,244.06234741210938
left000337,motion-1,703.5631713867188,244.17916870117188
left000198,motion-1,703.206787109375,244.1695098876953
left000684,motion-1,705.0260620117188,244.02862548828125
left000385,motion-1,703.0291748046875,244.21771240234375
left000346,motion-1,699.109130859375,244.53012084960938
left000666,motion-1,702.74169921875,244.32748413085938
left000225,motion-1,702.4674072265625,244.30825805664062
left000387,motion-1,699.9691162109375,244.45672607421875
left000857,motion-1,702.3367919921875,244.38821411132812
left000739,motion-1,701.69970703125,244.48928833007812
left000196,motion-1,701.60986328125,244.26193237304688
left001027,motion-1,700.3870849609375,244.17649841308594
left000063,motion-1,703.4873046875,244.21368408203125
left000163,motion-1,705.089111328125,244.13954162597656
left000008,motion-1,705.1640625,244.30227661132812
left000893,motion-1,703.3526611328125,244.14019775390625
left001010,motion-1,690.513427734375,244.90753173828125
left000731,motion-1,696.9061889648438,245.00241088867188
left000206,motion-1,704.0313720703125,244.29345703125
left000572,motion-1,699.1226806640625,244.4220428466797
left000507,motion-1,704.0076904296875,243.99400329589844
left000832,motion-1,699.9935302734375,244.32525634765625
left000687,motion-1,703.0550537109375,244.26661682128906
left000611,motion-1,700.310546875,244.29043579101562
left001018,motion-1,703.231201171875,244.25375366210938
left000143,motion-1,704.3613891601562,244.2760009765625
left000727,motion-1,705.0746459960938,244.40029907226562
left000024,motion-1,705.0753173828125,244.12210083007812
left001067,motion-1,704.6187133789062,243.8793182373047
left000410,motion-1,702.985107421875,244.21133422851562
left000750,motion-1,700.7950439453125,244.59878540039062
left000241,motion-1,703.0423583984375,244.06268310546875
left000851,motion-1,703.2157592773438,244.34689331054688
left001089,motion-1,698.9660034179688,244.53146362304688
left000183,motion-1,697.466796875,244.44189453125
left000233,motion-1,700.627197265625,244.4041748046875
left000306,motion-1,708.4283447265625,244.03524780273438
left000256,motion-1,703.3106689453125,244.23843383789062
left001006,motion-1,698.8792724609375,244.4746551513672
left000302,motion-1,703.3701782226562,244.31393432617188
left001040,motion-1,703.0469970703125,244.20872497558594
left001076,motion-1,704.67041015625,244.18792724609375
left000257,motion-1,702.5728759765625,244.18960571289062
left000076,motion-1,703.4005126953125,244.0929718017578
left000986,motion-1,701.2741088867188,244.52369689941406
left000167,motion-1,703.3993530273438,244.16079711914062
left000984,motion-1,704.5715942382812,244.23373413085938
left001104,motion-1,703.9332275390625,244.26495361328125
left000870,motion-1,705.396728515625,244.01028442382812
left000031,motion-1,705.6397705078125,244.03707885742188
left000249,motion-1,703.7188720703125,244.33627319335938
left000123,motion-1,700.3761596679688,244.66415405273438
left001090,motion-1,703.4209594726562,244.26318359375
left000998,motion-1,700.1946411132812,244.4784393310547
left000090,motion-1,699.6199951171875,244.5094757080078
left000115,motion-1,706.7904052734375,244.14328002929688
left000087,motion-1,704.351806640625,244.0645751953125
left000540,motion-1,704.573974609375,244.08091735839844
left000064,motion-1,703.33447265625,244.20388793945312
left000375,motion-1,703.230712890625,244.07794189453125
left000258,motion-1,704.392333984375,244.1285400390625
left000136,motion-1,701.004638671875,244.37039184570312
left000664,motion-1,706.096923828125,244.625732421875
left000633,motion-1,704.4898681640625,244.2003173828125
left000356,motion-1,697.515625,244.6148681640625
left000435,motion-1,701.7498168945312,244.28634643554688
left000165,motion-1,704.7774658203125,243.97373962402344
left000824,motion-1,703.2245483398438,244.32882690429688
left000693,motion-1,704.4378051757812,244.079833984375
left000690,motion-1,704.8975219726562,244.1443328857422
left000939,motion-1,702.1893310546875,244.46102905273438
left000899,motion-1,700.0496826171875,244.36297607421875
left000826,motion-1,700.6888427734375,244.32888793945312
left000722,motion-1,697.7900390625,244.55355834960938
left001001,motion-1,704.39453125,244.09579467773438
left000457,motion-1,703.260498046875,244.34878540039062
left000624,motion-1,707.97412109375,244.06520080566406
left001050,motion-1,703.9075317382812,244.1329803466797
left000758,motion-1,699.8509521484375,244.53057861328125
left000692,motion-1,704.3203125,244.07720947265625
left000973,motion-1,703.2030029296875,244.33905029296875
left001037,motion-1,702.0159912109375,244.37371826171875
left001082,motion-1,707.9488525390625,243.98814392089844
left000751,motion-1,702.896728515625,244.22665405273438
left000920,motion-1,704.431640625,243.95004272460938
left000354,motion-1,702.0255737304688,244.30535888671875
left000487,motion-1,705.813720703125,244.04669189453125
left000308,motion-1,704.2507934570312,244.16552734375
left000898,motion-1,703.71142578125,244.09068298339844
left000752,motion-1,704.665771484375,244.03781127929688
left000574,motion-1,704.537353515625,244.08645629882812
left000674,motion-1,700.83544921875,244.28993225097656
left000590,motion-1,703.0712890625,244.38525390625
left000399,motion-1,701.9185791015625,244.32362365722656
left000534,motion-1,700.960205078125,244.25930786132812
left000466,motion-1,699.445556640625,244.26171875
left000896,motion-1,698.16259765625,244.59994506835938
left000299,motion-1,700.0626220703125,244.44943237304688
left000735,motion-1,701.5328369140625,244.56768798828125
left000645,motion-1,703.8494873046875,244.14633178710938
left000765,motion-1,704.835205078125,244.31373596191406
left000672,motion-1,700.305419921875,244.43218994140625
left000499,motion-1,702.7588500976562,244.08839416503906
left000162,motion-1,704.1371459960938,244.32376098632812
left000339,motion-1,697.8296508789062,244.42630004882812
left000992,motion-1,703.3756103515625,244.05819702148438
left000382,motion-1,702.5505981445312,244.28367614746094
left000553,motion-1,700.189697265625,244.32659912109375
left000644,motion-1,701.0774536132812,244.18194580078125
left000781,motion-1,700.82470703125,244.28903198242188
left000613,motion-1,700.1746826171875,244.30264282226562
left000405,motion-1,703.3960571289062,244.3346405029297
left000431,motion-1,703.40771484375,244.22962951660156
left000018,motion-1,700.9678955078125,244.37368774414062
left000011,motion-1,699.2652587890625,244.37777709960938
left000502,motion-1,702.8784790039062,244.20230102539062
left000759,motion-1,700.21484375,244.4930419921875
left000001,motion-1,705.3984375,244.11151123046875
left000725,motion-1,703.422607421875,244.33644104003906
left000520,motion-1,703.710693359375,244.273193359375
left000760,motion-1,703.3441162109375,244.24594116210938
left001097,motion-1,703.279541015625,244.28318786621094
left000820,motion-1,705.5391845703125,244.1345672607422
left000701,motion-1,703.2125244140625,244.29566955566406
